run_id,scenario_id,block_id,block_seed,variant,variant_name,preparation_placement,retirement_policy,edit_type,repetition,variant_order_position,candidate_graph_fingerprint,preparation_workload_id,old_plan_version,new_plan_version,validation_ns,synchronous_preparation_ns,offpath_preparation_ns,boundary_wait_ns,publication_ns,synchronous_retirement_ns,deferred_retirement_ns,first_effect_wait_ns,request_to_effect_ns,transition_output_gap_ns,total_synchronous_ns,synchronous_accounting_residual_ns,synchronous_accounting_valid,synchronous_accounting_invalid_reason,preparation_phase_definition,preparation_accounting_valid,preparation_accounting_invalid_reason,retirement_duration_ns,old_plan_frames_admitted_after_request_before_commit,peak_live_processors,random_seed,request_phase_offset_ns
run_2026-07-30T11-00-12_42,ablation_remove_stateless_node,ablation_remove_stateless_node_block_1,1907690010,variant_d,offpath_prepare_deferred_retire,off_path,deferred,remove_stateless_node,1,1,fingerprint_23ed709f7bc7,workload_remove_stateless_node,1,2,,,805725,0,16236,,415280,430185,2466940,2204816,16236,0,True,,"offpath_preparation_ns contains full off-path candidate preparation operation including validation, compilation, processor construction, and any synthetic preparation work",True,,415280,0,10,42,390327
run_2026-07-30T11-00-12_42,ablation_remove_stateless_node,ablation_remove_stateless_node_block_1,1907690010,variant_b,offpath_prepare_sync_retire,off_path,synchronous,remove_stateless_node,1,2,fingerprint_23ed709f7bc7,workload_remove_stateless_node,1,2,,,627375,0,155930,38289,,1209250,2001487,1227821,194219,0,True,,"offpath_preparation_ns contains full off-path candidate preparation operation including validation, compilation, processor construction, and any synthetic preparation work",True,,38289,0,10,42,390327
run_2026-07-30T11-00-12_42,ablation_remove_stateless_node,ablation_remove_stateless_node_block_1,1907690010,variant_c,sync_prepare_deferred_retire,synchronous,deferred,remove_stateless_node,1,3,fingerprint_23ed709f7bc7,workload_remove_stateless_node,1,2,142786,464510,,0,7681,,25359,1154454,1778488,2319646,614977,0,True,,"offpath_preparation_ns contains full off-path candidate preparation operation including validation, compilation, processor construction, and any synthetic preparation work",True,,25359,0,10,42,390327
run_2026-07-30T11-00-12_42,ablation_remove_stateless_node,ablation_remove_stateless_node_block_1,1907690010,variant_a,sync_prepare_sync_retire,synchronous,synchronous,remove_stateless_node,1,4,fingerprint_23ed709f7bc7,workload_remove_stateless_node,1,2,177665,416623,,0,8051,52427,,1074769,1685419,2227355,654766,0,True,,"offpath_preparation_ns contains full off-path candidate preparation operation including validation, compilation, processor construction, and any synthetic preparation work",True,,52427,0,10,42,390327
run_2026-07-30T11-00-12_42,ablation_remove_stateless_node,ablation_remove_stateless_node_block_2,1527083379,variant_c,sync_prepare_deferred_retire,synchronous,deferred,remove_stateless_node,2,1,fingerprint_23ed709f7bc7,workload_remove_stateless_node,1,2,122315,384212,,0,8046,,22970,279020,802417,1133740,514573,0,True,,"offpath_preparation_ns contains full off-path candidate preparation operation including validation, compilation, processor construction, and any synthetic preparation work",True,,22970,0,10,42,182256
run_2026-07-30T11-00-12_42,ablation_remove_stateless_node,ablation_remove_stateless_node_block_2,1527083379,variant_a,sync_prepare_sync_retire,synchronous,synchronous,remove_stateless_node,2,2,fingerprint_23ed709f7bc7,workload_remove_stateless_node,1,2,123696,389779,,0,7276,21840,,285433,814752,1154523,542591,0,True,,"offpath_preparation_ns contains full off-path candidate preparation operation including validation, compilation, processor construction, and any synthetic preparation work",True,,21840,0,10,42,182256
run_2026-07-30T11-00-12_42,ablation_remove_stateless_node,ablation_remove_stateless_node_block_2,1527083379,variant_b,offpath_prepare_sync_retire,off_path,synchronous,remove_stateless_node,2,3,fingerprint_23ed709f7bc7,workload_remove_stateless_node,1,2,,,798601,0,7592,26970,,907340,1720728,1132196,34562,0,True,,"offpath_preparation_ns contains full off-path candidate preparation operation including validation, compilation, processor construction, and any synthetic preparation work",True,,26970,1,10,42,182256
run_2026-07-30T11-00-12_42,ablation_remove_stateless_node,ablation_remove_stateless_node_block_2,1527083379,variant_d,offpath_prepare_deferred_retire,off_path,deferred,remove_stateless_node,2,4,fingerprint_23ed709f7bc7,workload_remove_stateless_node,1,2,,,815846,0,21882,,159564,391115,2195692,2112536,21882,0,True,,"offpath_preparation_ns contains full off-path candidate preparation operation including validation, compilation, processor construction, and any synthetic preparation work",True,,159564,0,10,42,182256
run_2026-07-30T11-00-12_42,ablation_remove_stateless_node,ablation_remove_stateless_node_block_3,3194621509,variant_a,sync_prepare_sync_retire,synchronous,synchronous,remove_stateless_node,3,1,fingerprint_23ed709f7bc7,workload_remove_stateless_node,1,2,226691,458750,,0,6498,22306,,864169,1565703,2229205,714245,0,True,,"offpath_preparation_ns contains full off-path candidate preparation operation including validation, compilation, processor construction, and any synthetic preparation work",True,,22306,0,10,42,497838
run_2026-07-30T11-00-12_42,ablation_remove_stateless_node,ablation_remove_stateless_node_block_3,3194621509,variant_d,offpath_prepare_deferred_retire,off_path,deferred,remove_stateless_node,3,2,fingerprint_23ed709f7bc7,workload_remove_stateless_node,1,2,,,671507,0,19228,,534694,394074,1939872,2002594,19228,0,True,,"offpath_preparation_ns contains full off-path candidate preparation operation including validation, compilation, processor construction, and any synthetic preparation work",True,,534694,0,10,42,497838
run_2026-07-30T11-00-12_42,ablation_remove_stateless_node,ablation_remove_stateless_node_block_3,3194621509,variant_c,sync_prepare_deferred_retire,synchronous,deferred,remove_stateless_node,3,3,fingerprint_23ed709f7bc7,workload_remove_stateless_node,1,2,131628,413335,,0,23431,,42958,1021300,1601121,2218124,568394,0,True,,"offpath_preparation_ns contains full off-path candidate preparation operation including validation, compilation, processor construction, and any synthetic preparation work",True,,42958,0,10,42,497838
run_2026-07-30T11-00-12_42,ablation_remove_stateless_node,ablation_remove_stateless_node_block_3,3194621509,variant_b,offpath_prepare_sync_retire,off_path,synchronous,remove_stateless_node,3,4,fingerprint_23ed709f7bc7,workload_remove_stateless_node,1,2,,,708972,0,6763,23980,,873302,1593949,1088885,30743,0,True,,"offpath_preparation_ns contains full off-path candidate preparation operation including validation, compilation, processor construction, and any synthetic preparation work",True,,23980,1,10,42,497838
run_2026-07-30T11-00-12_42,ablation_remove_stateless_node,ablation_remove_stateless_node_block_4,2814014878,variant_d,offpath_prepare_deferred_retire,off_path,deferred,remove_stateless_node,4,1,fingerprint_23ed709f7bc7,workload_remove_stateless_node,1,2,,,956187,0,11210,,339693,325217,2940360,1299798,11210,0,True,,"offpath_preparation_ns contains full off-path candidate preparation operation including validation, compilation, processor construction, and any synthetic preparation work",True,,339693,2,10,42,244545
run_2026-07-30T11-00-12_42,ablation_remove_stateless_node,ablation_remove_stateless_node_block_4,2814014878,variant_a,sync_prepare_sync_retire,synchronous,synchronous,remove_stateless_node,4,2,fingerprint_23ed709f7bc7,workload_remove_stateless_node,1,2,121022,465178,,0,6825,23739,,1163107,1761936,2177236,616764,0,True,,"offpath_preparation_ns contains full off-path candidate preparation operation including validation, compilation, processor construction, and any synthetic preparation work",True,,23739,0,10,42,244545
run_2026-07-30T11-00-12_42,ablation_remove_stateless_node,ablation_remove_stateless_node_block_4,2814014878,variant_c,sync_prepare_deferred_retire,synchronous,deferred,remove_stateless_node,4,3,fingerprint_23ed709f7bc7,workload_remove_stateless_node,1,2,125938,440710,,0,7965,,28611,1203424,1784619,2231883,574613,0,True,,"offpath_preparation_ns contains full off-path candidate preparation operation including validation, compilation, processor construction, and any synthetic preparation work",True,,28611,0,10,42,244545
run_2026-07-30T11-00-12_42,ablation_remove_stateless_node,ablation_remove_stateless_node_block_4,2814014878,variant_b,offpath_prepare_sync_retire,off_path,synchronous,remove_stateless_node,4,4,fingerprint_23ed709f7bc7,workload_remove_stateless_node,1,2,,,529369,0,7052,22512,,212550,755386,1149255,29564,0,True,,"offpath_preparation_ns contains full off-path candidate preparation operation including validation, compilation, processor construction, and any synthetic preparation work",True,,22512,0,10,42,244545
run_2026-07-30T11-00-12_42,ablation_remove_stateless_node,ablation_remove_stateless_node_block_5,2334069360,variant_c,sync_prepare_deferred_retire,synchronous,deferred,remove_stateless_node,5,1,fingerprint_23ed709f7bc7,workload_remove_stateless_node,1,2,124484,464644,,0,7275,,23095,947915,1549651,2210903,596403,0,True,,"offpath_preparation_ns contains full off-path candidate preparation operation including validation, compilation, processor construction, and any synthetic preparation work",True,,23095,0,10,42,467422
run_2026-07-30T11-00-12_42,ablation_remove_stateless_node,ablation_remove_stateless_node_block_5,2334069360,variant_b,offpath_prepare_sync_retire,off_path,synchronous,remove_stateless_node,5,2,fingerprint_23ed709f7bc7,workload_remove_stateless_node,1,2,,,561153,0,6712,25322,,169941,742593,1357378,32034,0,True,,"offpath_preparation_ns contains full off-path candidate preparation operation including validation, compilation, processor construction, and any synthetic preparation work",True,,25322,0,10,42,467422
run_2026-07-30T11-00-12_42,ablation_remove_stateless_node,ablation_remove_stateless_node_block_5,2334069360,variant_a,sync_prepare_sync_retire,synchronous,synchronous,remove_stateless_node,5,3,fingerprint_23ed709f7bc7,workload_remove_stateless_node,1,2,157845,445415,,0,6721,42903,,851117,1466836,2140247,652884,0,True,,"offpath_preparation_ns contains full off-path candidate preparation operation including validation, compilation, processor construction, and any synthetic preparation work",True,,42903,0,10,42,467422
run_2026-07-30T11-00-12_42,ablation_remove_stateless_node,ablation_remove_stateless_node_block_5,2334069360,variant_d,offpath_prepare_deferred_retire,off_path,deferred,remove_stateless_node,5,4,fingerprint_23ed709f7bc7,workload_remove_stateless_node,1,2,,,692148,0,19636,,132126,394121,2091375,1865895,19636,0,True,,"offpath_preparation_ns contains full off-path candidate preparation operation including validation, compilation, processor construction, and any synthetic preparation work",True,,132126,0,10,42,467422
run_2026-07-30T11-00-12_42,ablation_remove_stateless_node,ablation_remove_stateless_node_block_6,1953462729,variant_c,sync_prepare_deferred_retire,synchronous,deferred,remove_stateless_node,6,1,fingerprint_23ed709f7bc7,workload_remove_stateless_node,1,2,136672,489777,,0,7310,,25154,880969,1520759,2128526,633759,0,True,,"offpath_preparation_ns contains full off-path candidate preparation operation including validation, compilation, processor construction, and any synthetic preparation work",True,,25154,0,10,42,362209
run_2026-07-30T11-00-12_42,ablation_remove_stateless_node,ablation_remove_stateless_node_block_6,1953462729,variant_d,offpath_prepare_deferred_retire,off_path,deferred,remove_stateless_node,6,2,fingerprint_23ed709f7bc7,workload_remove_stateless_node,1,2,,,696588,0,19700,,182635,355360,1993694,1833154,19700,0,True,,"offpath_preparation_ns contains full off-path candidate preparation operation including validation, compilation, processor construction, and any synthetic preparation work",True,,182635,0,10,42,362209
run_2026-07-30T11-00-12_42,ablation_remove_stateless_node,ablation_remove_stateless_node_block_6,1953462729,variant_b,offpath_prepare_sync_retire,off_path,synchronous,remove_stateless_node,6,3,fingerprint_23ed709f7bc7,workload_remove_stateless_node,1,2,,,691742,0,6474,23929,,902577,1605801,1062255,30403,0,True,,"offpath_preparation_ns contains full off-path candidate preparation operation including validation, compilation, processor construction, and any synthetic preparation work",True,,23929,1,10,42,362209
run_2026-07-30T11-00-12_42,ablation_remove_stateless_node,ablation_remove_stateless_node_block_6,1953462729,variant_a,sync_prepare_sync_retire,synchronous,synchronous,remove_stateless_node,6,4,fingerprint_23ed709f7bc7,workload_remove_stateless_node,1,2,137674,501687,,0,7271,21991,,932952,1585396,2205233,668623,0,True,,"offpath_preparation_ns contains full off-path candidate preparation operation including validation, compilation, processor construction, and any synthetic preparation work",True,,21991,0,10,42,362209
run_2026-07-30T11-00-12_42,ablation_remove_stateless_node,ablation_remove_stateless_node_block_7,1572856098,variant_c,sync_prepare_deferred_retire,synchronous,deferred,remove_stateless_node,7,1,fingerprint_23ed709f7bc7,workload_remove_stateless_node,1,2,163481,468648,,0,7458,,25521,1162683,1808615,2307065,639587,0,True,,"offpath_preparation_ns contains full off-path candidate preparation operation including validation, compilation, processor construction, and any synthetic preparation work",True,,25521,0,10,42,335750
run_2026-07-30T11-00-12_42,ablation_remove_stateless_node,ablation_remove_stateless_node_block_7,1572856098,variant_b,offpath_prepare_sync_retire,off_path,synchronous,remove_stateless_node,7,2,fingerprint_23ed709f7bc7,workload_remove_stateless_node,1,2,,,838305,0,6714,22897,,776126,1626363,1057610,29611,0,True,,"offpath_preparation_ns contains full off-path candidate preparation operation including validation, compilation, processor construction, and any synthetic preparation work",True,,22897,1,10,42,335750
run_2026-07-30T11-00-12_42,ablation_remove_stateless_node,ablation_remove_stateless_node_block_7,1572856098,variant_a,sync_prepare_sync_retire,synchronous,synchronous,remove_stateless_node,7,3,fingerprint_23ed709f7bc7,workload_remove_stateless_node,1,2,168187,438349,,0,9934,33106,,1046259,1668694,2240343,649576,0,True,,"offpath_preparation_ns contains full off-path candidate preparation operation including validation, compilation, processor construction, and any synthetic preparation work",True,,33106,0,10,42,335750
run_2026-07-30T11-00-12_42,ablation_remove_stateless_node,ablation_remove_stateless_node_block_7,1572856098,variant_d,offpath_prepare_deferred_retire,off_path,deferred,remove_stateless_node,7,4,fingerprint_23ed709f7bc7,workload_remove_stateless_node,1,2,,,827942,0,38115,,430163,446139,2196766,2047064,38115,0,True,,"offpath_preparation_ns contains full off-path candidate preparation operation including validation, compilation, processor construction, and any synthetic preparation work",True,,430163,0,10,42,335750
run_2026-07-30T11-00-12_42,ablation_remove_stateless_node,ablation_remove_stateless_node_block_8,3240394228,variant_d,offpath_prepare_deferred_retire,off_path,deferred,remove_stateless_node,8,1,fingerprint_23ed709f7bc7,workload_remove_stateless_node,1,2,,,861050,0,11093,,306897,358629,2570682,1085477,11093,0,True,,"offpath_preparation_ns contains full off-path candidate preparation operation including validation, compilation, processor construction, and any synthetic preparation work",True,,306897,1,10,42,35637
run_2026-07-30T11-00-12_42,ablation_remove_stateless_node,ablation_remove_stateless_node_block_8,3240394228,variant_b,offpath_prepare_sync_retire,off_path,synchronous,remove_stateless_node,8,2,fingerprint_23ed709f7bc7,workload_remove_stateless_node,1,2,,,498137,0,7069,23350,,473949,984814,1175815,30419,0,True,,"offpath_preparation_ns contains full off-path candidate preparation operation including validation, compilation, processor construction, and any synthetic preparation work",True,,23350,0,10,42,35637
run_2026-07-30T11-00-12_42,ablation_remove_stateless_node,ablation_remove_stateless_node_block_8,3240394228,variant_c,sync_prepare_deferred_retire,synchronous,deferred,remove_stateless_node,8,3,fingerprint_23ed709f7bc7,workload_remove_stateless_node,1,2,138219,364156,,0,6702,,21617,463741,985023,1154925,509077,0,True,,"offpath_preparation_ns contains full off-path candidate preparation operation including validation, compilation, processor construction, and any synthetic preparation work",True,,21617,0,10,42,35637
run_2026-07-30T11-00-12_42,ablation_remove_stateless_node,ablation_remove_stateless_node_block_8,3240394228,variant_a,sync_prepare_sync_retire,synchronous,synchronous,remove_stateless_node,8,4,fingerprint_23ed709f7bc7,workload_remove_stateless_node,1,2,136293,364516,,0,7034,22783,,307692,821142,1099575,530626,0,True,,"offpath_preparation_ns contains full off-path candidate preparation operation including validation, compilation, processor construction, and any synthetic preparation work",True,,22783,0,10,42,35637
run_2026-07-30T11-00-12_42,ablation_remove_stateless_node,ablation_remove_stateless_node_block_9,712303949,variant_d,offpath_prepare_deferred_retire,off_path,deferred,remove_stateless_node,9,1,fingerprint_23ed709f7bc7,workload_remove_stateless_node,1,2,,,803284,0,12578,,148585,336252,2366757,1254402,12578,0,True,,"offpath_preparation_ns contains full off-path candidate preparation operation including validation, compilation, processor construction, and any synthetic preparation work",True,,148585,1,10,42,391383
run_2026-07-30T11-00-12_42,ablation_remove_stateless_node,ablation_remove_stateless_node_block_9,712303949,variant_b,offpath_prepare_sync_retire,off_path,synchronous,remove_stateless_node,9,2,fingerprint_23ed709f7bc7,workload_remove_stateless_node,1,2,,,587265,0,72110,29838,,1022092,1687482,1063190,101948,0,True,,"offpath_preparation_ns contains full off-path candidate preparation operation including validation, compilation, processor construction, and any synthetic preparation work",True,,29838,0,10,42,391383
run_2026-07-30T11-00-12_42,ablation_remove_stateless_node,ablation_remove_stateless_node_block_9,712303949,variant_a,sync_prepare_sync_retire,synchronous,synchronous,remove_stateless_node,9,3,fingerprint_23ed709f7bc7,workload_remove_stateless_node,1,2,171138,424114,,0,6983,23176,,1127832,1736036,2268749,625411,0,True,,"offpath_preparation_ns contains full off-path candidate preparation operation including validation, compilation, processor construction, and any synthetic preparation work",True,,23176,0,10,42,391383
run_2026-07-30T11-00-12_42,ablation_remove_stateless_node,ablation_remove_stateless_node_block_9,712303949,variant_c,sync_prepare_deferred_retire,synchronous,deferred,remove_stateless_node,9,4,fingerprint_23ed709f7bc7,workload_remove_stateless_node,1,2,126991,374741,,0,8583,,33580,1212243,1735730,2237566,510315,0,True,,"offpath_preparation_ns contains full off-path candidate preparation operation including validation, compilation, processor construction, and any synthetic preparation work",True,,33580,0,10,42,391383
run_2026-07-30T11-00-12_42,ablation_remove_stateless_node,ablation_remove_stateless_node_block_10,2379842079,variant_c,sync_prepare_deferred_retire,synchronous,deferred,remove_stateless_node,10,1,fingerprint_23ed709f7bc7,workload_remove_stateless_node,1,2,126682,345767,,0,6255,,20954,304347,788737,1109544,478704,0,True,,"offpath_preparation_ns contains full off-path candidate preparation operation including validation, compilation, processor construction, and any synthetic preparation work",True,,20954,0,10,42,165593
run_2026-07-30T11-00-12_42,ablation_remove_stateless_node,ablation_remove_stateless_node_block_10,2379842079,variant_b,offpath_prepare_sync_retire,off_path,synchronous,remove_stateless_node,10,2,fingerprint_23ed709f7bc7,workload_remove_stateless_node,1,2,,,590557,0,8529,37830,,1192464,1797378,2179367,46359,0,True,,"offpath_preparation_ns contains full off-path candidate preparation operation including validation, compilation, processor construction, and any synthetic preparation work",True,,37830,0,10,42,165593
run_2026-07-30T11-00-12_42,ablation_remove_stateless_node,ablation_remove_stateless_node_block_10,2379842079,variant_a,sync_prepare_sync_retire,synchronous,synchronous,remove_stateless_node,10,3,fingerprint_23ed709f7bc7,workload_remove_stateless_node,1,2,128012,339874,,0,6276,21432,,271579,755766,1154818,495594,0,True,,"offpath_preparation_ns contains full off-path candidate preparation operation including validation, compilation, processor construction, and any synthetic preparation work",True,,21432,0,10,42,165593
run_2026-07-30T11-00-12_42,ablation_remove_stateless_node,ablation_remove_stateless_node_block_10,2379842079,variant_d,offpath_prepare_deferred_retire,off_path,deferred,remove_stateless_node,10,4,fingerprint_23ed709f7bc7,workload_remove_stateless_node,1,2,,,883080,0,12552,,296557,518813,2938579,1497723,12552,0,True,,"offpath_preparation_ns contains full off-path candidate preparation operation including validation, compilation, processor construction, and any synthetic preparation work",True,,296557,2,10,42,165593
run_2026-07-30T11-00-12_42,ablation_remove_stateless_node,ablation_remove_stateless_node_block_11,1999235448,variant_a,sync_prepare_sync_retire,synchronous,synchronous,remove_stateless_node,11,1,fingerprint_23ed709f7bc7,workload_remove_stateless_node,1,2,184617,428441,,0,9730,33579,,1226333,1855688,2264725,656367,0,True,,"offpath_preparation_ns contains full off-path candidate preparation operation including validation, compilation, processor construction, and any synthetic preparation work",True,,33579,0,10,42,192256
run_2026-07-30T11-00-12_42,ablation_remove_stateless_node,ablation_remove_stateless_node_block_11,1999235448,variant_b,offpath_prepare_sync_retire,off_path,synchronous,remove_stateless_node,11,2,fingerprint_23ed709f7bc7,workload_remove_stateless_node,1,2,,,572976,0,6470,54095,,173247,758428,1103870,60565,0,True,,"offpath_preparation_ns contains full off-path candidate preparation operation including validation, compilation, processor construction, and any synthetic preparation work",True,,54095,0,10,42,192256
run_2026-07-30T11-00-12_42,ablation_remove_stateless_node,ablation_remove_stateless_node_block_11,1999235448,variant_d,offpath_prepare_deferred_retire,off_path,deferred,remove_stateless_node,11,3,fingerprint_23ed709f7bc7,workload_remove_stateless_node,1,2,,,816294,0,16442,,171738,343733,2381296,1262612,16442,0,True,,"offpath_preparation_ns contains full off-path candidate preparation operation including validation, compilation, processor construction, and any synthetic preparation work",True,,171738,1,10,42,192256
run_2026-07-30T11-00-12_42,ablation_remove_stateless_node,ablation_remove_stateless_node_block_11,1999235448,variant_c,sync_prepare_deferred_retire,synchronous,deferred,remove_stateless_node,11,4,fingerprint_23ed709f7bc7,workload_remove_stateless_node,1,2,145472,405613,,0,9493,,36686,113551,682304,1099537,560578,0,True,,"offpath_preparation_ns contains full off-path candidate preparation operation including validation, compilation, processor construction, and any synthetic preparation work",True,,36686,0,10,42,192256
run_2026-07-30T11-00-12_42,ablation_remove_stateless_node,ablation_remove_stateless_node_block_12,3666773578,variant_a,sync_prepare_sync_retire,synchronous,synchronous,remove_stateless_node,12,1,fingerprint_23ed709f7bc7,workload_remove_stateless_node,1,2,131317,411765,,0,6874,22259,,1151841,1707816,2264932,572215,0,True,,"offpath_preparation_ns contains full off-path candidate preparation operation including validation, compilation, processor construction, and any synthetic preparation work",True,,22259,0,10,42,403542
run_2026-07-30T11-00-12_42,ablation_remove_stateless_node,ablation_remove_stateless_node_block_12,3666773578,variant_c,sync_prepare_deferred_retire,synchronous,deferred,remove_stateless_node,12,2,fingerprint_23ed709f7bc7,workload_remove_stateless_node,1,2,160217,432865,,0,6791,,53294,1039886,1652303,2207198,599873,0,True,,"offpath_preparation_ns contains full off-path candidate preparation operation including validation, compilation, processor construction, and any synthetic preparation work",True,,53294,0,10,42,403542
run_2026-07-30T11-00-12_42,ablation_remove_stateless_node,ablation_remove_stateless_node_block_12,3666773578,variant_b,offpath_prepare_sync_retire,off_path,synchronous,remove_stateless_node,12,3,fingerprint_23ed709f7bc7,workload_remove_stateless_node,1,2,,,710307,0,6277,24577,,889014,1610829,1020836,30854,0,True,,"offpath_preparation_ns contains full off-path candidate preparation operation including validation, compilation, processor construction, and any synthetic preparation work",True,,24577,1,10,42,403542
run_2026-07-30T11-00-12_42,ablation_remove_stateless_node,ablation_remove_stateless_node_block_12,3666773578,variant_d,offpath_prepare_deferred_retire,off_path,deferred,remove_stateless_node,12,4,fingerprint_23ed709f7bc7,workload_remove_stateless_node,1,2,,,736909,0,15882,,133430,391216,2084973,1358032,15882,0,True,,"offpath_preparation_ns contains full off-path candidate preparation operation including validation, compilation, processor construction, and any synthetic preparation work",True,,133430,1,10,42,403542
run_2026-07-30T11-00-12_42,ablation_remove_stateless_node,ablation_remove_stateless_node_block_13,3286166947,variant_d,offpath_prepare_deferred_retire,off_path,deferred,remove_stateless_node,13,1,fingerprint_23ed709f7bc7,workload_remove_stateless_node,1,2,,,743474,0,20781,,180778,351360,2005460,2615627,20781,0,True,,"offpath_preparation_ns contains full off-path candidate preparation operation including validation, compilation, processor construction, and any synthetic preparation work",True,,180778,0,10,42,386256
run_2026-07-30T11-00-12_42,ablation_remove_stateless_node,ablation_remove_stateless_node_block_13,3286166947,variant_c,sync_prepare_deferred_retire,synchronous,deferred,remove_stateless_node,13,2,fingerprint_23ed709f7bc7,workload_remove_stateless_node,1,2,178430,422758,,0,6389,,42781,1042277,1656280,2205700,607577,0,True,,"offpath_preparation_ns contains full off-path candidate preparation operation including validation, compilation, processor construction, and any synthetic preparation work",True,,42781,0,10,42,386256
run_2026-07-30T11-00-12_42,ablation_remove_stateless_node,ablation_remove_stateless_node_block_13,3286166947,variant_b,offpath_prepare_sync_retire,off_path,synchronous,remove_stateless_node,13,3,fingerprint_23ed709f7bc7,workload_remove_stateless_node,1,2,,,663505,0,6457,23234,,986033,1660772,1149649,29691,0,True,,"offpath_preparation_ns contains full off-path candidate preparation operation including validation, compilation, processor construction, and any synthetic preparation work",True,,23234,1,10,42,386256
run_2026-07-30T11-00-12_42,ablation_remove_stateless_node,ablation_remove_stateless_node_block_13,3286166947,variant_a,sync_prepare_sync_retire,synchronous,synchronous,remove_stateless_node,13,4,fingerprint_23ed709f7bc7,workload_remove_stateless_node,1,2,134728,524271,,0,7085,23955,,980242,1652096,2217712,690039,0,True,,"offpath_preparation_ns contains full off-path candidate preparation operation including validation, compilation, processor construction, and any synthetic preparation work",True,,23955,0,10,42,386256
run_2026-07-30T11-00-12_42,ablation_remove_stateless_node,ablation_remove_stateless_node_block_14,758076668,variant_c,sync_prepare_deferred_retire,synchronous,deferred,remove_stateless_node,14,1,fingerprint_23ed709f7bc7,workload_remove_stateless_node,1,2,141761,411297,,0,7514,,39032,170255,736533,1096280,560572,0,True,,"offpath_preparation_ns contains full off-path candidate preparation operation including validation, compilation, processor construction, and any synthetic preparation work",True,,39032,0,10,42,165144
run_2026-07-30T11-00-12_42,ablation_remove_stateless_node,ablation_remove_stateless_node_block_14,758076668,variant_d,offpath_prepare_deferred_retire,off_path,deferred,remove_stateless_node,14,2,fingerprint_23ed709f7bc7,workload_remove_stateless_node,1,2,,,765897,0,10968,,146560,309442,2368546,640432,10968,0,True,,"offpath_preparation_ns contains full off-path candidate preparation operation including validation, compilation, processor construction, and any synthetic preparation work",True,,146560,1,10,42,165144
run_2026-07-30T11-00-12_42,ablation_remove_stateless_node,ablation_remove_stateless_node_block_14,758076668,variant_a,sync_prepare_sync_retire,synchronous,synchronous,remove_stateless_node,14,3,fingerprint_23ed709f7bc7,workload_remove_stateless_node,1,2,132104,456567,,0,9753,35880,,1208837,1813344,2194090,634304,0,True,,"offpath_preparation_ns contains full off-path candidate preparation operation including validation, compilation, processor construction, and any synthetic preparation work",True,,35880,0,10,42,165144
run_2026-07-30T11-00-12_42,ablation_remove_stateless_node,ablation_remove_stateless_node_block_14,758076668,variant_b,offpath_prepare_sync_retire,off_path,synchronous,remove_stateless_node,14,4,fingerprint_23ed709f7bc7,workload_remove_stateless_node,1,2,,,457765,0,6113,21190,,309900,779021,1158150,27303,0,True,,"offpath_preparation_ns contains full off-path candidate preparation operation including validation, compilation, processor construction, and any synthetic preparation work",True,,21190,0,10,42,165144
run_2026-07-30T11-00-12_42,ablation_remove_stateless_node,ablation_remove_stateless_node_block_15,2425614798,variant_b,offpath_prepare_sync_retire,off_path,synchronous,remove_stateless_node,15,1,fingerprint_23ed709f7bc7,workload_remove_stateless_node,1,2,,,624593,0,7263,24213,,262186,899812,1114425,31476,0,True,,"offpath_preparation_ns contains full off-path candidate preparation operation including validation, compilation, processor construction, and any synthetic preparation work",True,,24213,0,10,42,70786
run_2026-07-30T11-00-12_42,ablation_remove_stateless_node,ablation_remove_stateless_node_block_15,2425614798,variant_d,offpath_prepare_deferred_retire,off_path,deferred,remove_stateless_node,15,2,fingerprint_23ed709f7bc7,workload_remove_stateless_node,1,2,,,595904,0,15303,,127188,321590,2736218,1205227,15303,0,True,,"offpath_preparation_ns contains full off-path candidate preparation operation including validation, compilation, processor construction, and any synthetic preparation work",True,,127188,1,10,42,70786
run_2026-07-30T11-00-12_42,ablation_remove_stateless_node,ablation_remove_stateless_node_block_15,2425614798,variant_c,sync_prepare_deferred_retire,synchronous,deferred,remove_stateless_node,15,3,fingerprint_23ed709f7bc7,workload_remove_stateless_node,1,2,146614,347811,,0,6958,,22413,337609,845866,1076301,501383,0,True,,"offpath_preparation_ns contains full off-path candidate preparation operation including validation, compilation, processor construction, and any synthetic preparation work",True,,22413,0,10,42,70786
run_2026-07-30T11-00-12_42,ablation_remove_stateless_node,ablation_remove_stateless_node_block_15,2425614798,variant_a,sync_prepare_sync_retire,synchronous,synchronous,remove_stateless_node,15,4,fingerprint_23ed709f7bc7,workload_remove_stateless_node,1,2,153172,350180,,0,7160,22175,,360169,876970,1101644,532687,0,True,,"offpath_preparation_ns contains full off-path candidate preparation operation including validation, compilation, processor construction, and any synthetic preparation work",True,,22175,0,10,42,70786
run_2026-07-30T11-00-12_42,ablation_remove_stateless_node,ablation_remove_stateless_node_block_16,2045008167,variant_d,offpath_prepare_deferred_retire,off_path,deferred,remove_stateless_node,16,1,fingerprint_23ed709f7bc7,workload_remove_stateless_node,1,2,,,877364,0,12305,,167908,314430,2509131,1229550,12305,0,True,,"offpath_preparation_ns contains full off-path candidate preparation operation including validation, compilation, processor construction, and any synthetic preparation work",True,,167908,2,10,42,202405
run_2026-07-30T11-00-12_42,ablation_remove_stateless_node,ablation_remove_stateless_node_block_16,2045008167,variant_a,sync_prepare_sync_retire,synchronous,synchronous,remove_stateless_node,16,2,fingerprint_23ed709f7bc7,workload_remove_stateless_node,1,2,150389,438187,,0,6911,74316,,168572,770394,1119577,669803,0,True,,"offpath_preparation_ns contains full off-path candidate preparation operation including validation, compilation, processor construction, and any synthetic preparation work",True,,74316,0,10,42,202405
run_2026-07-30T11-00-12_42,ablation_remove_stateless_node,ablation_remove_stateless_node_block_16,2045008167,variant_c,sync_prepare_deferred_retire,synchronous,deferred,remove_stateless_node,16,3,fingerprint_23ed709f7bc7,workload_remove_stateless_node,1,2,151994,398008,,0,6967,,22237,324738,886936,1244062,556969,0,True,,"offpath_preparation_ns contains full off-path candidate preparation operation including validation, compilation, processor construction, and any synthetic preparation work",True,,22237,0,10,42,202405
run_2026-07-30T11-00-12_42,ablation_remove_stateless_node,ablation_remove_stateless_node_block_16,2045008167,variant_b,offpath_prepare_sync_retire,off_path,synchronous,remove_stateless_node,16,4,fingerprint_23ed709f7bc7,workload_remove_stateless_node,1,2,,,466537,0,7021,24305,,314694,794136,1123903,31326,0,True,,"offpath_preparation_ns contains full off-path candidate preparation operation including validation, compilation, processor construction, and any synthetic preparation work",True,,24305,0,10,42,202405
run_2026-07-30T11-00-12_42,ablation_remove_stateless_node,ablation_remove_stateless_node_block_17,3712546297,variant_c,sync_prepare_deferred_retire,synchronous,deferred,remove_stateless_node,17,1,fingerprint_23ed709f7bc7,workload_remove_stateless_node,1,2,145824,419928,,0,6746,,23632,1230435,1814685,2347359,572498,0,True,,"offpath_preparation_ns contains full off-path candidate preparation operation including validation, compilation, processor construction, and any synthetic preparation work",True,,23632,0,10,42,362567
run_2026-07-30T11-00-12_42,ablation_remove_stateless_node,ablation_remove_stateless_node_block_17,3712546297,variant_a,sync_prepare_sync_retire,synchronous,synchronous,remove_stateless_node,17,2,fingerprint_23ed709f7bc7,workload_remove_stateless_node,1,2,142283,381673,,0,9639,34308,,122962,666035,1128382,567903,0,True,,"offpath_preparation_ns contains full off-path candidate preparation operation including validation, compilation, processor construction, and any synthetic preparation work",True,,34308,0,10,42,362567
run_2026-07-30T11-00-12_42,ablation_remove_stateless_node,ablation_remove_stateless_node_block_17,3712546297,variant_b,offpath_prepare_sync_retire,off_path,synchronous,remove_stateless_node,17,3,fingerprint_23ed709f7bc7,workload_remove_stateless_node,1,2,,,745431,0,8712,35155,,196056,957560,1409724,43867,0,True,,"offpath_preparation_ns contains full off-path candidate preparation operation including validation, compilation, processor construction, and any synthetic preparation work",True,,35155,0,10,42,362567
run_2026-07-30T11-00-12_42,ablation_remove_stateless_node,ablation_remove_stateless_node_block_17,3712546297,variant_d,offpath_prepare_deferred_retire,off_path,deferred,remove_stateless_node,17,4,fingerprint_23ed709f7bc7,workload_remove_stateless_node,1,2,,,712795,0,15846,,530444,449765,2397181,1815310,15846,0,True,,"offpath_preparation_ns contains full off-path candidate preparation operation including validation, compilation, processor construction, and any synthetic preparation work",True,,530444,1,10,42,362567
run_2026-07-30T11-00-12_42,ablation_remove_stateless_node,ablation_remove_stateless_node_block_18,1184456018,variant_a,sync_prepare_sync_retire,synchronous,synchronous,remove_stateless_node,18,1,fingerprint_23ed709f7bc7,workload_remove_stateless_node,1,2,137505,362491,,0,18115,21055,,257890,782107,1113229,539166,0,True,,"offpath_preparation_ns contains full off-path candidate preparation operation including validation, compilation, processor construction, and any synthetic preparation work",True,,21055,0,10,42,132109
run_2026-07-30T11-00-12_42,ablation_remove_stateless_node,ablation_remove_stateless_node_block_18,1184456018,variant_d,offpath_prepare_deferred_retire,off_path,deferred,remove_stateless_node,18,2,fingerprint_23ed709f7bc7,workload_remove_stateless_node,1,2,,,797001,0,15412,,156734,323327,2081543,754346,15412,0,True,,"offpath_preparation_ns contains full off-path candidate preparation operation including validation, compilation, processor construction, and any synthetic preparation work",True,,156734,1,10,42,132109
run_2026-07-30T11-00-12_42,ablation_remove_stateless_node,ablation_remove_stateless_node_block_18,1184456018,variant_b,offpath_prepare_sync_retire,off_path,synchronous,remove_stateless_node,18,3,fingerprint_23ed709f7bc7,workload_remove_stateless_node,1,2,,,508458,0,6130,23304,,315967,835518,1109759,29434,0,True,,"offpath_preparation_ns contains full off-path candidate preparation operation including validation, compilation, processor construction, and any synthetic preparation work",True,,23304,0,10,42,132109
run_2026-07-30T11-00-12_42,ablation_remove_stateless_node,ablation_remove_stateless_node_block_18,1184456018,variant_c,sync_prepare_deferred_retire,synchronous,deferred,remove_stateless_node,18,4,fingerprint_23ed709f7bc7,workload_remove_stateless_node,1,2,180144,393749,,0,7621,,57569,194999,782129,1137146,581514,0,True,,"offpath_preparation_ns contains full off-path candidate preparation operation including validation, compilation, processor construction, and any synthetic preparation work",True,,57569,0,10,42,132109
run_2026-07-30T11-00-12_42,ablation_remove_stateless_node,ablation_remove_stateless_node_block_19,2851994148,variant_c,sync_prepare_deferred_retire,synchronous,deferred,remove_stateless_node,19,1,fingerprint_23ed709f7bc7,workload_remove_stateless_node,1,2,123753,403108,,0,6478,,22189,107180,646196,1277363,533339,0,True,,"offpath_preparation_ns contains full off-path candidate preparation operation including validation, compilation, processor construction, and any synthetic preparation work",True,,22189,0,10,42,490840
run_2026-07-30T11-00-12_42,ablation_remove_stateless_node,ablation_remove_stateless_node_block_19,2851994148,variant_a,sync_prepare_sync_retire,synchronous,synchronous,remove_stateless_node,19,2,fingerprint_23ed709f7bc7,workload_remove_stateless_node,1,2,204398,418414,,0,7086,22723,,125480,766370,1403653,652621,0,True,,"offpath_preparation_ns contains full off-path candidate preparation operation including validation, compilation, processor construction, and any synthetic preparation work",True,,22723,0,10,42,490840
run_2026-07-30T11-00-12_42,ablation_remove_stateless_node,ablation_remove_stateless_node_block_19,2851994148,variant_d,offpath_prepare_deferred_retire,off_path,deferred,remove_stateless_node,19,3,fingerprint_23ed709f7bc7,workload_remove_stateless_node,1,2,,,684841,0,15532,,183060,453215,2014162,2188295,15532,0,True,,"offpath_preparation_ns contains full off-path candidate preparation operation including validation, compilation, processor construction, and any synthetic preparation work",True,,183060,0,10,42,490840
run_2026-07-30T11-00-12_42,ablation_remove_stateless_node,ablation_remove_stateless_node_block_19,2851994148,variant_b,offpath_prepare_sync_retire,off_path,synchronous,remove_stateless_node,19,4,fingerprint_23ed709f7bc7,workload_remove_stateless_node,1,2,,,673588,0,6593,23858,,874583,1559301,1064720,30451,0,True,,"offpath_preparation_ns contains full off-path candidate preparation operation including validation, compilation, processor construction, and any synthetic preparation work",True,,23858,1,10,42,490840
run_2026-07-30T11-00-12_42,ablation_remove_stateless_node,ablation_remove_stateless_node_block_20,2471387517,variant_a,sync_prepare_sync_retire,synchronous,synchronous,remove_stateless_node,20,1,fingerprint_23ed709f7bc7,workload_remove_stateless_node,1,2,134911,343260,,0,6855,20701,,352319,842557,1094482,505727,0,True,,"offpath_preparation_ns contains full off-path candidate preparation operation including validation, compilation, processor construction, and any synthetic preparation work",True,,20701,0,10,42,46169
run_2026-07-30T11-00-12_42,ablation_remove_stateless_node,ablation_remove_stateless_node_block_20,2471387517,variant_d,offpath_prepare_deferred_retire,off_path,deferred,remove_stateless_node,20,2,fingerprint_23ed709f7bc7,workload_remove_stateless_node,1,2,,,716267,0,20918,,175565,398257,1952303,2206586,20918,0,True,,"offpath_preparation_ns contains full off-path candidate preparation operation including validation, compilation, processor construction, and any synthetic preparation work",True,,175565,0,10,42,46169
run_2026-07-30T11-00-12_42,ablation_remove_stateless_node,ablation_remove_stateless_node_block_20,2471387517,variant_c,sync_prepare_deferred_retire,synchronous,deferred,remove_stateless_node,20,3,fingerprint_23ed709f7bc7,workload_remove_stateless_node,1,2,131498,349604,,0,6844,,76012,361596,855324,1067169,487946,0,True,,"offpath_preparation_ns contains full off-path candidate preparation operation including validation, compilation, processor construction, and any synthetic preparation work",True,,76012,0,10,42,46169
run_2026-07-30T11-00-12_42,ablation_remove_stateless_node,ablation_remove_stateless_node_block_20,2471387517,variant_b,offpath_prepare_sync_retire,off_path,synchronous,remove_stateless_node,20,4,fingerprint_23ed709f7bc7,workload_remove_stateless_node,1,2,,,490478,0,6699,23064,,449464,952294,1159193,29763,0,True,,"offpath_preparation_ns contains full off-path candidate preparation operation including validation, compilation, processor construction, and any synthetic preparation work",True,,23064,0,10,42,46169
run_2026-07-30T11-00-12_42,ablation_remove_stateless_node,ablation_remove_stateless_node_block_21,2090780886,variant_c,sync_prepare_deferred_retire,synchronous,deferred,remove_stateless_node,21,1,fingerprint_23ed709f7bc7,workload_remove_stateless_node,1,2,130686,359502,,0,6366,,67193,176002,678352,1036435,496554,0,True,,"offpath_preparation_ns contains full off-path candidate preparation operation including validation, compilation, processor construction, and any synthetic preparation work",True,,67193,0,10,42,109265
run_2026-07-30T11-00-12_42,ablation_remove_stateless_node,ablation_remove_stateless_node_block_21,2090780886,variant_a,sync_prepare_sync_retire,synchronous,synchronous,remove_stateless_node,21,2,fingerprint_23ed709f7bc7,workload_remove_stateless_node,1,2,135721,418441,,0,7019,20839,,285795,852085,1105286,582020,0,True,,"offpath_preparation_ns contains full off-path candidate preparation operation including validation, compilation, processor construction, and any synthetic preparation work",True,,20839,0,10,42,109265
run_2026-07-30T11-00-12_42,ablation_remove_stateless_node,ablation_remove_stateless_node_block_21,2090780886,variant_d,offpath_prepare_deferred_retire,off_path,deferred,remove_stateless_node,21,3,fingerprint_23ed709f7bc7,workload_remove_stateless_node,1,2,,,705350,0,20385,,166777,337493,2261480,1667073,20385,0,True,,"offpath_preparation_ns contains full off-path candidate preparation operation including validation, compilation, processor construction, and any synthetic preparation work",True,,166777,1,10,42,109265
run_2026-07-30T11-00-12_42,ablation_remove_stateless_node,ablation_remove_stateless_node_block_21,2090780886,variant_b,offpath_prepare_sync_retire,off_path,synchronous,remove_stateless_node,21,4,fingerprint_23ed709f7bc7,workload_remove_stateless_node,1,2,,,563148,0,6333,23230,,254874,829613,1112516,29563,0,True,,"offpath_preparation_ns contains full off-path candidate preparation operation including validation, compilation, processor construction, and any synthetic preparation work",True,,23230,0,10,42,109265
run_2026-07-30T11-00-12_42,ablation_remove_stateless_node,ablation_remove_stateless_node_block_22,1610835368,variant_c,sync_prepare_deferred_retire,synchronous,deferred,remove_stateless_node,22,1,fingerprint_23ed709f7bc7,workload_remove_stateless_node,1,2,131410,412125,,0,7010,,22741,328746,885494,1130140,550545,0,True,,"offpath_preparation_ns contains full off-path candidate preparation operation including validation, compilation, processor construction, and any synthetic preparation work",True,,22741,0,10,42,100100
run_2026-07-30T11-00-12_42,ablation_remove_stateless_node,ablation_remove_stateless_node_block_22,1610835368,variant_a,sync_prepare_sync_retire,synchronous,synchronous,remove_stateless_node,22,2,fingerprint_23ed709f7bc7,workload_remove_stateless_node,1,2,143671,441090,,0,7266,22170,,215618,812937,1094316,614197,0,True,,"offpath_preparation_ns contains full off-path candidate preparation operation including validation, compilation, processor construction, and any synthetic preparation work",True,,22170,0,10,42,100100
run_2026-07-30T11-00-12_42,ablation_remove_stateless_node,ablation_remove_stateless_node_block_22,1610835368,variant_d,offpath_prepare_deferred_retire,off_path,deferred,remove_stateless_node,22,3,fingerprint_23ed709f7bc7,workload_remove_stateless_node,1,2,,,675814,0,43338,,446694,413760,2199885,1755479,43338,0,True,,"offpath_preparation_ns contains full off-path candidate preparation operation including validation, compilation, processor construction, and any synthetic preparation work",True,,446694,1,10,42,100100
run_2026-07-30T11-00-12_42,ablation_remove_stateless_node,ablation_remove_stateless_node_block_22,1610835368,variant_b,offpath_prepare_sync_retire,off_path,synchronous,remove_stateless_node,22,4,fingerprint_23ed709f7bc7,workload_remove_stateless_node,1,2,,,516927,0,6165,24086,,272884,801253,1093924,30251,0,True,,"offpath_preparation_ns contains full off-path candidate preparation operation including validation, compilation, processor construction, and any synthetic preparation work",True,,24086,0,10,42,100100
run_2026-07-30T11-00-12_42,ablation_remove_stateless_node,ablation_remove_stateless_node_block_23,1230228737,variant_b,offpath_prepare_sync_retire,off_path,synchronous,remove_stateless_node,23,1,fingerprint_23ed709f7bc7,workload_remove_stateless_node,1,2,,,533293,0,6148,23089,,340965,886983,1082924,29237,0,True,,"offpath_preparation_ns contains full off-path candidate preparation operation including validation, compilation, processor construction, and any synthetic preparation work",True,,23089,0,10,42,20426
run_2026-07-30T11-00-12_42,ablation_remove_stateless_node,ablation_remove_stateless_node_block_23,1230228737,variant_a,sync_prepare_sync_retire,synchronous,synchronous,remove_stateless_node,23,2,fingerprint_23ed709f7bc7,workload_remove_stateless_node,1,2,151605,412517,,0,7266,24206,,433062,1010152,1192175,595594,0,True,,"offpath_preparation_ns contains full off-path candidate preparation operation including validation, compilation, processor construction, and any synthetic preparation work",True,,24206,0,10,42,20426
run_2026-07-30T11-00-12_42,ablation_remove_stateless_node,ablation_remove_stateless_node_block_23,1230228737,variant_d,offpath_prepare_deferred_retire,off_path,deferred,remove_stateless_node,23,3,fingerprint_23ed709f7bc7,workload_remove_stateless_node,1,2,,,819286,0,15101,,123408,335181,2051782,1277524,15101,0,True,,"offpath_preparation_ns contains full off-path candidate preparation operation including validation, compilation, processor construction, and any synthetic preparation work",True,,123408,1,10,42,20426
run_2026-07-30T11-00-12_42,ablation_remove_stateless_node,ablation_remove_stateless_node_block_23,1230228737,variant_c,sync_prepare_deferred_retire,synchronous,deferred,remove_stateless_node,23,4,fingerprint_23ed709f7bc7,workload_remove_stateless_node,1,2,132110,437417,,0,6793,,23583,329510,911708,1108433,576320,0,True,,"offpath_preparation_ns contains full off-path candidate preparation operation including validation, compilation, processor construction, and any synthetic preparation work",True,,23583,0,10,42,20426
run_2026-07-30T11-00-12_42,ablation_remove_stateless_node,ablation_remove_stateless_node_block_24,2897766867,variant_c,sync_prepare_deferred_retire,synchronous,deferred,remove_stateless_node,24,1,fingerprint_23ed709f7bc7,workload_remove_stateless_node,1,2,160656,448289,,0,8738,,38031,1113896,1738071,2301098,617683,0,True,,"offpath_preparation_ns contains full off-path candidate preparation operation including validation, compilation, processor construction, and any synthetic preparation work",True,,38031,0,10,42,382308
run_2026-07-30T11-00-12_42,ablation_remove_stateless_node,ablation_remove_stateless_node_block_24,2897766867,variant_d,offpath_prepare_deferred_retire,off_path,deferred,remove_stateless_node,24,2,fingerprint_23ed709f7bc7,workload_remove_stateless_node,1,2,,,1052309,0,11618,,162378,362170,3030285,1301376,11618,0,True,,"offpath_preparation_ns contains full off-path candidate preparation operation including validation, compilation, processor construction, and any synthetic preparation work",True,,162378,2,10,42,382308
run_2026-07-30T11-00-12_42,ablation_remove_stateless_node,ablation_remove_stateless_node_block_24,2897766867,variant_a,sync_prepare_sync_retire,synchronous,synchronous,remove_stateless_node,24,3,fingerprint_23ed709f7bc7,workload_remove_stateless_node,1,2,203639,471850,,0,7860,24966,,989291,1678627,2241175,708315,0,True,,"offpath_preparation_ns contains full off-path candidate preparation operation including validation, compilation, processor construction, and any synthetic preparation work",True,,24966,0,10,42,382308
run_2026-07-30T11-00-12_42,ablation_remove_stateless_node,ablation_remove_stateless_node_block_24,2897766867,variant_b,offpath_prepare_sync_retire,off_path,synchronous,remove_stateless_node,24,4,fingerprint_23ed709f7bc7,workload_remove_stateless_node,1,2,,,626737,0,6056,22284,,981415,1618798,1109823,28340,0,True,,"offpath_preparation_ns contains full off-path candidate preparation operation including validation, compilation, processor construction, and any synthetic preparation work",True,,22284,1,10,42,382308
run_2026-07-30T11-00-12_42,ablation_remove_stateless_node,ablation_remove_stateless_node_block_25,2517160236,variant_a,sync_prepare_sync_retire,synchronous,synchronous,remove_stateless_node,25,1,fingerprint_23ed709f7bc7,workload_remove_stateless_node,1,2,143833,545081,,0,7289,26283,,993472,1696955,2261199,722486,0,True,,"offpath_preparation_ns contains full off-path candidate preparation operation including validation, compilation, processor construction, and any synthetic preparation work",True,,26283,0,10,42,365981
run_2026-07-30T11-00-12_42,ablation_remove_stateless_node,ablation_remove_stateless_node_block_25,2517160236,variant_c,sync_prepare_deferred_retire,synchronous,deferred,remove_stateless_node,25,2,fingerprint_23ed709f7bc7,workload_remove_stateless_node,1,2,131090,420300,,0,6759,,22876,1162749,1726694,2242162,558149,0,True,,"offpath_preparation_ns contains full off-path candidate preparation operation including validation, compilation, processor construction, and any synthetic preparation work",True,,22876,0,10,42,365981
run_2026-07-30T11-00-12_42,ablation_remove_stateless_node,ablation_remove_stateless_node_block_25,2517160236,variant_b,offpath_prepare_sync_retire,off_path,synchronous,remove_stateless_node,25,3,fingerprint_23ed709f7bc7,workload_remove_stateless_node,1,2,,,538725,0,7028,36095,,1163495,1714645,1169459,43123,0,True,,"offpath_preparation_ns contains full off-path candidate preparation operation including validation, compilation, processor construction, and any synthetic preparation work",True,,36095,0,10,42,365981
run_2026-07-30T11-00-12_42,ablation_remove_stateless_node,ablation_remove_stateless_node_block_25,2517160236,variant_d,offpath_prepare_deferred_retire,off_path,deferred,remove_stateless_node,25,4,fingerprint_23ed709f7bc7,workload_remove_stateless_node,1,2,,,765961,0,12084,,355412,313502,2778495,1285762,12084,0,True,,"offpath_preparation_ns contains full off-path candidate preparation operation including validation, compilation, processor construction, and any synthetic preparation work",True,,355412,2,10,42,365981
run_2026-07-30T11-00-12_42,ablation_remove_stateless_node,ablation_remove_stateless_node_block_26,2037214718,variant_c,sync_prepare_deferred_retire,synchronous,deferred,remove_stateless_node,26,1,fingerprint_23ed709f7bc7,workload_remove_stateless_node,1,2,129977,355713,,0,7248,,24760,351424,850103,1031554,492938,0,True,,"offpath_preparation_ns contains full off-path candidate preparation operation including validation, compilation, processor construction, and any synthetic preparation work",True,,24760,0,10,42,44097
run_2026-07-30T11-00-12_42,ablation_remove_stateless_node,ablation_remove_stateless_node_block_26,2037214718,variant_a,sync_prepare_sync_retire,synchronous,synchronous,remove_stateless_node,26,2,fingerprint_23ed709f7bc7,workload_remove_stateless_node,1,2,170639,359973,,0,6846,22063,,338625,881495,1099734,559521,0,True,,"offpath_preparation_ns contains full off-path candidate preparation operation including validation, compilation, processor construction, and any synthetic preparation work",True,,22063,0,10,42,44097
run_2026-07-30T11-00-12_42,ablation_remove_stateless_node,ablation_remove_stateless_node_block_26,2037214718,variant_b,offpath_prepare_sync_retire,off_path,synchronous,remove_stateless_node,26,3,fingerprint_23ed709f7bc7,workload_remove_stateless_node,1,2,,,469423,0,6760,21892,,493047,974108,1186214,28652,0,True,,"offpath_preparation_ns contains full off-path candidate preparation operation including validation, compilation, processor construction, and any synthetic preparation work",True,,21892,0,10,42,44097
run_2026-07-30T11-00-12_42,ablation_remove_stateless_node,ablation_remove_stateless_node_block_26,2037214718,variant_d,offpath_prepare_deferred_retire,off_path,deferred,remove_stateless_node,26,4,fingerprint_23ed709f7bc7,workload_remove_stateless_node,1,2,,,681451,0,10653,,168147,343501,2773509,1245114,10653,0,True,,"offpath_preparation_ns contains full off-path candidate preparation operation including validation, compilation, processor construction, and any synthetic preparation work",True,,168147,1,10,42,44097
run_2026-07-30T11-00-12_42,ablation_remove_stateless_node,ablation_remove_stateless_node_block_27,1656608087,variant_b,offpath_prepare_sync_retire,off_path,synchronous,remove_stateless_node,27,1,fingerprint_23ed709f7bc7,workload_remove_stateless_node,1,2,,,514677,0,8777,42394,,1201577,1730936,2214988,51171,0,True,,"offpath_preparation_ns contains full off-path candidate preparation operation including validation, compilation, processor construction, and any synthetic preparation work",True,,42394,0,10,42,279344
run_2026-07-30T11-00-12_42,ablation_remove_stateless_node,ablation_remove_stateless_node_block_27,1656608087,variant_c,sync_prepare_deferred_retire,synchronous,deferred,remove_stateless_node,27,2,fingerprint_23ed709f7bc7,workload_remove_stateless_node,1,2,178225,388634,,0,10488,,37694,118627,702433,1119758,577347,0,True,,"offpath_preparation_ns contains full off-path candidate preparation operation including validation, compilation, processor construction, and any synthetic preparation work",True,,37694,0,10,42,279344
run_2026-07-30T11-00-12_42,ablation_remove_stateless_node,ablation_remove_stateless_node_block_27,1656608087,variant_d,offpath_prepare_deferred_retire,off_path,deferred,remove_stateless_node,27,3,fingerprint_23ed709f7bc7,workload_remove_stateless_node,1,2,,,720438,0,19634,,455910,424468,2055530,1943854,19634,0,True,,"offpath_preparation_ns contains full off-path candidate preparation operation including validation, compilation, processor construction, and any synthetic preparation work",True,,455910,0,10,42,279344
run_2026-07-30T11-00-12_42,ablation_remove_stateless_node,ablation_remove_stateless_node_block_27,1656608087,variant_a,sync_prepare_sync_retire,synchronous,synchronous,remove_stateless_node,27,4,fingerprint_23ed709f7bc7,workload_remove_stateless_node,1,2,128429,341671,,0,7030,21086,,326521,809675,1238181,498216,0,True,,"offpath_preparation_ns contains full off-path candidate preparation operation including validation, compilation, processor construction, and any synthetic preparation work",True,,21086,0,10,42,279344
run_2026-07-30T11-00-12_42,ablation_remove_stateless_node,ablation_remove_stateless_node_block_28,1276001456,variant_c,sync_prepare_deferred_retire,synchronous,deferred,remove_stateless_node,28,1,fingerprint_23ed709f7bc7,workload_remove_stateless_node,1,2,125831,343547,,0,6771,,22521,371691,853346,1152641,476149,0,True,,"offpath_preparation_ns contains full off-path candidate preparation operation including validation, compilation, processor construction, and any synthetic preparation work",True,,22521,0,10,42,142244
run_2026-07-30T11-00-12_42,ablation_remove_stateless_node,ablation_remove_stateless_node_block_28,1276001456,variant_d,offpath_prepare_deferred_retire,off_path,deferred,remove_stateless_node,28,2,fingerprint_23ed709f7bc7,workload_remove_stateless_node,1,2,,,663669,0,19585,,133378,318668,1915549,1667532,19585,0,True,,"offpath_preparation_ns contains full off-path candidate preparation operation including validation, compilation, processor construction, and any synthetic preparation work",True,,133378,0,10,42,142244
run_2026-07-30T11-00-12_42,ablation_remove_stateless_node,ablation_remove_stateless_node_block_28,1276001456,variant_b,offpath_prepare_sync_retire,off_path,synchronous,remove_stateless_node,28,3,fingerprint_23ed709f7bc7,workload_remove_stateless_node,1,2,,,471286,0,6628,21516,,265697,748456,1083767,28144,0,True,,"offpath_preparation_ns contains full off-path candidate preparation operation including validation, compilation, processor construction, and any synthetic preparation work",True,,21516,0,10,42,142244
run_2026-07-30T11-00-12_42,ablation_remove_stateless_node,ablation_remove_stateless_node_block_28,1276001456,variant_a,sync_prepare_sync_retire,synchronous,synchronous,remove_stateless_node,28,4,fingerprint_23ed709f7bc7,workload_remove_stateless_node,1,2,150047,410704,,0,6819,23332,,256407,829519,1080934,590902,0,True,,"offpath_preparation_ns contains full off-path candidate preparation operation including validation, compilation, processor construction, and any synthetic preparation work",True,,23332,0,10,42,142244
run_2026-07-30T11-00-12_42,ablation_remove_stateless_node,ablation_remove_stateless_node_block_29,2943539586,variant_d,offpath_prepare_deferred_retire,off_path,deferred,remove_stateless_node,29,1,fingerprint_23ed709f7bc7,workload_remove_stateless_node,1,2,,,741706,0,16963,,373433,362473,2799101,1299374,16963,0,True,,"offpath_preparation_ns contains full off-path candidate preparation operation including validation, compilation, processor construction, and any synthetic preparation work",True,,373433,1,10,42,433394
run_2026-07-30T11-00-12_42,ablation_remove_stateless_node,ablation_remove_stateless_node_block_29,2943539586,variant_a,sync_prepare_sync_retire,synchronous,synchronous,remove_stateless_node,29,2,fingerprint_23ed709f7bc7,workload_remove_stateless_node,1,2,166539,454226,,0,7752,24506,,984121,1618543,2220188,653023,0,True,,"offpath_preparation_ns contains full off-path candidate preparation operation including validation, compilation, processor construction, and any synthetic preparation work",True,,24506,0,10,42,433394
run_2026-07-30T11-00-12_42,ablation_remove_stateless_node,ablation_remove_stateless_node_block_29,2943539586,variant_c,sync_prepare_deferred_retire,synchronous,deferred,remove_stateless_node,29,3,fingerprint_23ed709f7bc7,workload_remove_stateless_node,1,2,123545,456833,,0,8473,,28660,993368,1587737,2201079,588851,0,True,,"offpath_preparation_ns contains full off-path candidate preparation operation including validation, compilation, processor construction, and any synthetic preparation work",True,,28660,0,10,42,433394
run_2026-07-30T11-00-12_42,ablation_remove_stateless_node,ablation_remove_stateless_node_block_29,2943539586,variant_b,offpath_prepare_sync_retire,off_path,synchronous,remove_stateless_node,29,4,fingerprint_23ed709f7bc7,workload_remove_stateless_node,1,2,,,633170,0,5811,23798,,864650,1508302,1069155,29609,0,True,,"offpath_preparation_ns contains full off-path candidate preparation operation including validation, compilation, processor construction, and any synthetic preparation work",True,,23798,1,10,42,433394
run_2026-07-30T11-00-12_42,ablation_remove_stateless_node,ablation_remove_stateless_node_block_30,415449307,variant_d,offpath_prepare_deferred_retire,off_path,deferred,remove_stateless_node,30,1,fingerprint_23ed709f7bc7,workload_remove_stateless_node,1,2,,,1370642,0,16795,,184387,479944,3474710,1384785,16795,0,True,,"offpath_preparation_ns contains full off-path candidate preparation operation including validation, compilation, processor construction, and any synthetic preparation work",True,,184387,1,10,42,277711
run_2026-07-30T11-00-12_42,ablation_remove_stateless_node,ablation_remove_stateless_node_block_30,415449307,variant_c,sync_prepare_deferred_retire,synchronous,deferred,remove_stateless_node,30,2,fingerprint_23ed709f7bc7,workload_remove_stateless_node,1,2,125884,434858,,0,8503,,33510,108354,683688,1111132,569245,0,True,,"offpath_preparation_ns contains full off-path candidate preparation operation including validation, compilation, processor construction, and any synthetic preparation work",True,,33510,0,10,42,277711
run_2026-07-30T11-00-12_42,ablation_remove_stateless_node,ablation_remove_stateless_node_block_30,415449307,variant_a,sync_prepare_sync_retire,synchronous,synchronous,remove_stateless_node,30,3,fingerprint_23ed709f7bc7,workload_remove_stateless_node,1,2,145946,349111,,0,39879,33791,,130205,675598,1120109,568727,0,True,,"offpath_preparation_ns contains full off-path candidate preparation operation including validation, compilation, processor construction, and any synthetic preparation work",True,,33791,0,10,42,277711
run_2026-07-30T11-00-12_42,ablation_remove_stateless_node,ablation_remove_stateless_node_block_30,415449307,variant_b,offpath_prepare_sync_retire,off_path,synchronous,remove_stateless_node,30,4,fingerprint_23ed709f7bc7,workload_remove_stateless_node,1,2,,,598253,0,135696,34261,,1017375,1756672,1033546,169957,0,True,,"offpath_preparation_ns contains full off-path candidate preparation operation including validation, compilation, processor construction, and any synthetic preparation work",True,,34261,0,10,42,277711
run_2026-07-30T11-00-12_42,ablation_compatible_edit_preserving_tracker,ablation_compatible_edit_preserving_tracker_block_1,1369802444,variant_a,sync_prepare_sync_retire,synchronous,synchronous,compatible_edit_preserving_tracker,1,1,fingerprint_c8b15d28cb79,workload_compatible_edit_preserving_tracker,1,2,150309,443607,,0,7207,18635,,254473,862052,1143922,619758,0,True,,"offpath_preparation_ns contains full off-path candidate preparation operation including validation, compilation, processor construction, and any synthetic preparation work",True,,18635,0,11,42,122731
run_2026-07-30T11-00-12_42,ablation_compatible_edit_preserving_tracker,ablation_compatible_edit_preserving_tracker_block_1,1369802444,variant_c,sync_prepare_deferred_retire,synchronous,deferred,compatible_edit_preserving_tracker,1,2,fingerprint_c8b15d28cb79,workload_compatible_edit_preserving_tracker,1,2,146017,502446,,0,8529,,26962,105365,768907,1096973,656992,0,True,,"offpath_preparation_ns contains full off-path candidate preparation operation including validation, compilation, processor construction, and any synthetic preparation work",True,,26962,0,11,42,122731
run_2026-07-30T11-00-12_42,ablation_compatible_edit_preserving_tracker,ablation_compatible_edit_preserving_tracker_block_1,1369802444,variant_d,offpath_prepare_deferred_retire,off_path,deferred,compatible_edit_preserving_tracker,1,3,fingerprint_c8b15d28cb79,workload_compatible_edit_preserving_tracker,1,2,,,933751,0,32651,,0,374486,2681486,923556,32651,0,True,,"offpath_preparation_ns contains full off-path candidate preparation operation including validation, compilation, processor construction, and any synthetic preparation work",True,,0,1,11,42,122731
run_2026-07-30T11-00-12_42,ablation_compatible_edit_preserving_tracker,ablation_compatible_edit_preserving_tracker_block_1,1369802444,variant_b,offpath_prepare_sync_retire,off_path,synchronous,compatible_edit_preserving_tracker,1,4,fingerprint_c8b15d28cb79,workload_compatible_edit_preserving_tracker,1,2,,,584035,0,6542,18674,,356103,952131,1155533,25216,0,True,,"offpath_preparation_ns contains full off-path candidate preparation operation including validation, compilation, processor construction, and any synthetic preparation work",True,,18674,0,11,42,122731
run_2026-07-30T11-00-12_42,ablation_compatible_edit_preserving_tracker,ablation_compatible_edit_preserving_tracker_block_2,3037340574,variant_a,sync_prepare_sync_retire,synchronous,synchronous,compatible_edit_preserving_tracker,2,1,fingerprint_c8b15d28cb79,workload_compatible_edit_preserving_tracker,1,2,150342,432411,,0,6440,17985,,443367,1038280,1170510,607178,0,True,,"offpath_preparation_ns contains full off-path candidate preparation operation including validation, compilation, processor construction, and any synthetic preparation work",True,,17985,0,11,42,40743
run_2026-07-30T11-00-12_42,ablation_compatible_edit_preserving_tracker,ablation_compatible_edit_preserving_tracker_block_2,3037340574,variant_c,sync_prepare_deferred_retire,synchronous,deferred,compatible_edit_preserving_tracker,2,2,fingerprint_c8b15d28cb79,workload_compatible_edit_preserving_tracker,1,2,160254,404231,,0,5982,,17055,312385,889241,1125270,570467,0,True,,"offpath_preparation_ns contains full off-path candidate preparation operation including validation, compilation, processor construction, and any synthetic preparation work",True,,17055,0,11,42,40743
run_2026-07-30T11-00-12_42,ablation_compatible_edit_preserving_tracker,ablation_compatible_edit_preserving_tracker_block_2,3037340574,variant_b,offpath_prepare_sync_retire,off_path,synchronous,compatible_edit_preserving_tracker,2,3,fingerprint_c8b15d28cb79,workload_compatible_edit_preserving_tracker,1,2,,,622294,0,6516,17874,,304995,938489,1109087,24390,0,True,,"offpath_preparation_ns contains full off-path candidate preparation operation including validation, compilation, processor construction, and any synthetic preparation work",True,,17874,0,11,42,40743
run_2026-07-30T11-00-12_42,ablation_compatible_edit_preserving_tracker,ablation_compatible_edit_preserving_tracker_block_2,3037340574,variant_d,offpath_prepare_deferred_retire,off_path,deferred,compatible_edit_preserving_tracker,2,4,fingerprint_c8b15d28cb79,workload_compatible_edit_preserving_tracker,1,2,,,840763,0,29909,,0,436833,2356643,2303175,29909,0,True,,"offpath_preparation_ns contains full off-path candidate preparation operation including validation, compilation, processor construction, and any synthetic preparation work",True,,0,0,11,42,40743
run_2026-07-30T11-00-12_42,ablation_compatible_edit_preserving_tracker,ablation_compatible_edit_preserving_tracker_block_3,509250295,variant_d,offpath_prepare_deferred_retire,off_path,deferred,compatible_edit_preserving_tracker,3,1,fingerprint_c8b15d28cb79,workload_compatible_edit_preserving_tracker,1,2,,,948049,0,16411,,0,292155,3080416,1262351,16411,0,True,,"offpath_preparation_ns contains full off-path candidate preparation operation including validation, compilation, processor construction, and any synthetic preparation work",True,,0,2,11,42,60565
run_2026-07-30T11-00-12_42,ablation_compatible_edit_preserving_tracker,ablation_compatible_edit_preserving_tracker_block_3,509250295,variant_b,offpath_prepare_sync_retire,off_path,synchronous,compatible_edit_preserving_tracker,3,2,fingerprint_c8b15d28cb79,workload_compatible_edit_preserving_tracker,1,2,,,677261,0,7630,19161,,309730,1000006,1183363,26791,0,True,,"offpath_preparation_ns contains full off-path candidate preparation operation including validation, compilation, processor construction, and any synthetic preparation work",True,,19161,0,11,42,60565
run_2026-07-30T11-00-12_42,ablation_compatible_edit_preserving_tracker,ablation_compatible_edit_preserving_tracker_block_3,509250295,variant_a,sync_prepare_sync_retire,synchronous,synchronous,compatible_edit_preserving_tracker,3,3,fingerprint_c8b15d28cb79,workload_compatible_edit_preserving_tracker,1,2,162015,498758,,0,7755,54924,,165756,839684,1100938,723452,0,True,,"offpath_preparation_ns contains full off-path candidate preparation operation including validation, compilation, processor construction, and any synthetic preparation work",True,,54924,0,11,42,60565
run_2026-07-30T11-00-12_42,ablation_compatible_edit_preserving_tracker,ablation_compatible_edit_preserving_tracker_block_3,509250295,variant_c,sync_prepare_deferred_retire,synchronous,deferred,compatible_edit_preserving_tracker,3,4,fingerprint_c8b15d28cb79,workload_compatible_edit_preserving_tracker,1,2,145165,476932,,0,7660,,20028,214844,849501,1133935,629757,0,True,,"offpath_preparation_ns contains full off-path candidate preparation operation including validation, compilation, processor construction, and any synthetic preparation work",True,,20028,0,11,42,60565
run_2026-07-30T11-00-12_42,ablation_compatible_edit_preserving_tracker,ablation_compatible_edit_preserving_tracker_block_4,2176788425,variant_d,offpath_prepare_deferred_retire,off_path,deferred,compatible_edit_preserving_tracker,4,1,fingerprint_c8b15d28cb79,workload_compatible_edit_preserving_tracker,1,2,,,771181,0,16715,,0,291461,2017668,2164607,16715,0,True,,"offpath_preparation_ns contains full off-path candidate preparation operation including validation, compilation, processor construction, and any synthetic preparation work",True,,0,0,11,42,433816
run_2026-07-30T11-00-12_42,ablation_compatible_edit_preserving_tracker,ablation_compatible_edit_preserving_tracker_block_4,2176788425,variant_c,sync_prepare_deferred_retire,synchronous,deferred,compatible_edit_preserving_tracker,4,2,fingerprint_c8b15d28cb79,workload_compatible_edit_preserving_tracker,1,2,165254,574840,,0,10891,,30079,843484,1600905,2245091,750985,0,True,,"offpath_preparation_ns contains full off-path candidate preparation operation including validation, compilation, processor construction, and any synthetic preparation work",True,,30079,0,11,42,433816
run_2026-07-30T11-00-12_42,ablation_compatible_edit_preserving_tracker,ablation_compatible_edit_preserving_tracker_block_4,2176788425,variant_a,sync_prepare_sync_retire,synchronous,synchronous,compatible_edit_preserving_tracker,4,3,fingerprint_c8b15d28cb79,workload_compatible_edit_preserving_tracker,1,2,188630,557357,,0,11417,20123,,757742,1521503,2182211,777527,0,True,,"offpath_preparation_ns contains full off-path candidate preparation operation including validation, compilation, processor construction, and any synthetic preparation work",True,,20123,0,11,42,433816
run_2026-07-30T11-00-12_42,ablation_compatible_edit_preserving_tracker,ablation_compatible_edit_preserving_tracker_block_4,2176788425,variant_b,offpath_prepare_sync_retire,off_path,synchronous,compatible_edit_preserving_tracker,4,4,fingerprint_c8b15d28cb79,workload_compatible_edit_preserving_tracker,1,2,,,752470,0,6792,20746,,801277,1565315,1121826,27538,0,True,,"offpath_preparation_ns contains full off-path candidate preparation operation including validation, compilation, processor construction, and any synthetic preparation work",True,,20746,1,11,42,433816
run_2026-07-30T11-00-12_42,ablation_compatible_edit_preserving_tracker,ablation_compatible_edit_preserving_tracker_block_5,1796181794,variant_b,offpath_prepare_sync_retire,off_path,synchronous,compatible_edit_preserving_tracker,5,1,fingerprint_c8b15d28cb79,workload_compatible_edit_preserving_tracker,1,2,,,724163,0,62372,28026,,1031646,1823694,1073853,90398,0,True,,"offpath_preparation_ns contains full off-path candidate preparation operation including validation, compilation, processor construction, and any synthetic preparation work",True,,28026,0,11,42,163502
run_2026-07-30T11-00-12_42,ablation_compatible_edit_preserving_tracker,ablation_compatible_edit_preserving_tracker_block_5,1796181794,variant_d,offpath_prepare_deferred_retire,off_path,deferred,compatible_edit_preserving_tracker,5,2,fingerprint_c8b15d28cb79,workload_compatible_edit_preserving_tracker,1,2,,,854338,0,29813,,0,378172,2368099,2102236,29813,0,True,,"offpath_preparation_ns contains full off-path candidate preparation operation including validation, compilation, processor construction, and any synthetic preparation work",True,,0,0,11,42,163502
run_2026-07-30T11-00-12_42,ablation_compatible_edit_preserving_tracker,ablation_compatible_edit_preserving_tracker_block_5,1796181794,variant_c,sync_prepare_deferred_retire,synchronous,deferred,compatible_edit_preserving_tracker,5,3,fingerprint_c8b15d28cb79,workload_compatible_edit_preserving_tracker,1,2,158578,509312,,0,23246,,29343,128834,826524,1145232,691136,0,True,,"offpath_preparation_ns contains full off-path candidate preparation operation including validation, compilation, processor construction, and any synthetic preparation work",True,,29343,0,11,42,163502
run_2026-07-30T11-00-12_42,ablation_compatible_edit_preserving_tracker,ablation_compatible_edit_preserving_tracker_block_5,1796181794,variant_a,sync_prepare_sync_retire,synchronous,synchronous,compatible_edit_preserving_tracker,5,4,fingerprint_c8b15d28cb79,workload_compatible_edit_preserving_tracker,1,2,156968,447970,,0,7141,19142,,211603,829611,1162667,631221,0,True,,"offpath_preparation_ns contains full off-path candidate preparation operation including validation, compilation, processor construction, and any synthetic preparation work",True,,19142,0,11,42,163502
run_2026-07-30T11-00-12_42,ablation_compatible_edit_preserving_tracker,ablation_compatible_edit_preserving_tracker_block_6,3463719924,variant_d,offpath_prepare_deferred_retire,off_path,deferred,compatible_edit_preserving_tracker,6,1,fingerprint_c8b15d28cb79,workload_compatible_edit_preserving_tracker,1,2,,,952163,0,15968,,0,305136,2853717,1280384,15968,0,True,,"offpath_preparation_ns contains full off-path candidate preparation operation including validation, compilation, processor construction, and any synthetic preparation work",True,,0,1,11,42,473553
run_2026-07-30T11-00-12_42,ablation_compatible_edit_preserving_tracker,ablation_compatible_edit_preserving_tracker_block_6,3463719924,variant_b,offpath_prepare_sync_retire,off_path,synchronous,compatible_edit_preserving_tracker,6,2,fingerprint_c8b15d28cb79,workload_compatible_edit_preserving_tracker,1,2,,,692064,0,6750,19672,,144537,848534,1483243,26422,0,True,,"offpath_preparation_ns contains full off-path candidate preparation operation including validation, compilation, processor construction, and any synthetic preparation work",True,,19672,0,11,42,473553
run_2026-07-30T11-00-12_42,ablation_compatible_edit_preserving_tracker,ablation_compatible_edit_preserving_tracker_block_6,3463719924,variant_a,sync_prepare_sync_retire,synchronous,synchronous,compatible_edit_preserving_tracker,6,3,fingerprint_c8b15d28cb79,workload_compatible_edit_preserving_tracker,1,2,149101,525161,,0,7093,19107,,883897,1575502,2213572,700462,0,True,,"offpath_preparation_ns contains full off-path candidate preparation operation including validation, compilation, processor construction, and any synthetic preparation work",True,,19107,0,11,42,473553
run_2026-07-30T11-00-12_42,ablation_compatible_edit_preserving_tracker,ablation_compatible_edit_preserving_tracker_block_6,3463719924,variant_c,sync_prepare_deferred_retire,synchronous,deferred,compatible_edit_preserving_tracker,6,4,fingerprint_c8b15d28cb79,workload_compatible_edit_preserving_tracker,1,2,187718,513176,,0,6910,,18693,935376,1675173,2265295,707804,0,True,,"offpath_preparation_ns contains full off-path candidate preparation operation including validation, compilation, processor construction, and any synthetic preparation work",True,,18693,0,11,42,473553
run_2026-07-30T11-00-12_42,ablation_compatible_edit_preserving_tracker,ablation_compatible_edit_preserving_tracker_block_7,935629645,variant_b,offpath_prepare_sync_retire,off_path,synchronous,compatible_edit_preserving_tracker,7,1,fingerprint_c8b15d28cb79,workload_compatible_edit_preserving_tracker,1,2,,,660065,0,9763,34998,,119407,795160,1172061,44761,0,True,,"offpath_preparation_ns contains full off-path candidate preparation operation including validation, compilation, processor construction, and any synthetic preparation work",True,,34998,0,11,42,226085
run_2026-07-30T11-00-12_42,ablation_compatible_edit_preserving_tracker,ablation_compatible_edit_preserving_tracker_block_7,935629645,variant_c,sync_prepare_deferred_retire,synchronous,deferred,compatible_edit_preserving_tracker,7,2,fingerprint_c8b15d28cb79,workload_compatible_edit_preserving_tracker,1,2,408826,689775,,0,8003,,26524,742483,1857498,2250050,1106604,0,True,,"offpath_preparation_ns contains full off-path candidate preparation operation including validation, compilation, processor construction, and any synthetic preparation work",True,,26524,0,11,42,226085
run_2026-07-30T11-00-12_42,ablation_compatible_edit_preserving_tracker,ablation_compatible_edit_preserving_tracker_block_7,935629645,variant_d,offpath_prepare_deferred_retire,off_path,deferred,compatible_edit_preserving_tracker,7,3,fingerprint_c8b15d28cb79,workload_compatible_edit_preserving_tracker,1,2,,,981775,0,27357,,0,391517,2417842,1077312,27357,0,True,,"offpath_preparation_ns contains full off-path candidate preparation operation including validation, compilation, processor construction, and any synthetic preparation work",True,,0,1,11,42,226085
run_2026-07-30T11-00-12_42,ablation_compatible_edit_preserving_tracker,ablation_compatible_edit_preserving_tracker_block_7,935629645,variant_a,sync_prepare_sync_retire,synchronous,synchronous,compatible_edit_preserving_tracker,7,4,fingerprint_c8b15d28cb79,workload_compatible_edit_preserving_tracker,1,2,153696,549434,,0,7046,20682,,1160932,1877104,2262307,730858,0,True,,"offpath_preparation_ns contains full off-path candidate preparation operation including validation, compilation, processor construction, and any synthetic preparation work",True,,20682,0,11,42,226085
run_2026-07-30T11-00-12_42,ablation_compatible_edit_preserving_tracker,ablation_compatible_edit_preserving_tracker_block_8,555023014,variant_d,offpath_prepare_deferred_retire,off_path,deferred,compatible_edit_preserving_tracker,8,1,fingerprint_c8b15d28cb79,workload_compatible_edit_preserving_tracker,1,2,,,780882,0,40196,,0,338449,2185964,2163629,40196,0,True,,"offpath_preparation_ns contains full off-path candidate preparation operation including validation, compilation, processor construction, and any synthetic preparation work",True,,0,0,11,42,73733
run_2026-07-30T11-00-12_42,ablation_compatible_edit_preserving_tracker,ablation_compatible_edit_preserving_tracker_block_8,555023014,variant_c,sync_prepare_deferred_retire,synchronous,deferred,compatible_edit_preserving_tracker,8,2,fingerprint_c8b15d28cb79,workload_compatible_edit_preserving_tracker,1,2,143470,660067,,0,9201,,33108,126175,945232,1166959,812738,0,True,,"offpath_preparation_ns contains full off-path candidate preparation operation including validation, compilation, processor construction, and any synthetic preparation work",True,,33108,0,11,42,73733
run_2026-07-30T11-00-12_42,ablation_compatible_edit_preserving_tracker,ablation_compatible_edit_preserving_tracker_block_8,555023014,variant_b,offpath_prepare_sync_retire,off_path,synchronous,compatible_edit_preserving_tracker,8,3,fingerprint_c8b15d28cb79,workload_compatible_edit_preserving_tracker,1,2,,,632760,0,6878,18882,,270027,915941,1146432,25760,0,True,,"offpath_preparation_ns contains full off-path candidate preparation operation including validation, compilation, processor construction, and any synthetic preparation work",True,,18882,0,11,42,73733
run_2026-07-30T11-00-12_42,ablation_compatible_edit_preserving_tracker,ablation_compatible_edit_preserving_tracker_block_8,555023014,variant_a,sync_prepare_sync_retire,synchronous,synchronous,compatible_edit_preserving_tracker,8,4,fingerprint_c8b15d28cb79,workload_compatible_edit_preserving_tracker,1,2,137322,459690,,0,6913,19826,,288793,898235,1141437,623751,0,True,,"offpath_preparation_ns contains full off-path candidate preparation operation including validation, compilation, processor construction, and any synthetic preparation work",True,,19826,0,11,42,73733
run_2026-07-30T11-00-12_42,ablation_compatible_edit_preserving_tracker,ablation_compatible_edit_preserving_tracker_block_9,2222561144,variant_d,offpath_prepare_deferred_retire,off_path,deferred,compatible_edit_preserving_tracker,9,1,fingerprint_c8b15d28cb79,workload_compatible_edit_preserving_tracker,1,2,,,826078,0,16521,,0,319781,2291043,2571340,16521,0,True,,"offpath_preparation_ns contains full off-path candidate preparation operation including validation, compilation, processor construction, and any synthetic preparation work",True,,0,0,11,42,71946
run_2026-07-30T11-00-12_42,ablation_compatible_edit_preserving_tracker,ablation_compatible_edit_preserving_tracker_block_9,2222561144,variant_c,sync_prepare_deferred_retire,synchronous,deferred,compatible_edit_preserving_tracker,9,2,fingerprint_c8b15d28cb79,workload_compatible_edit_preserving_tracker,1,2,266056,695438,,0,31394,,36821,1012145,2014996,2250105,992888,0,True,,"offpath_preparation_ns contains full off-path candidate preparation operation including validation, compilation, processor construction, and any synthetic preparation work",True,,36821,0,11,42,71946
run_2026-07-30T11-00-12_42,ablation_compatible_edit_preserving_tracker,ablation_compatible_edit_preserving_tracker_block_9,2222561144,variant_a,sync_prepare_sync_retire,synchronous,synchronous,compatible_edit_preserving_tracker,9,3,fingerprint_c8b15d28cb79,workload_compatible_edit_preserving_tracker,1,2,146753,510653,,0,6976,18971,,289193,959530,1192739,683353,0,True,,"offpath_preparation_ns contains full off-path candidate preparation operation including validation, compilation, processor construction, and any synthetic preparation work",True,,18971,0,11,42,71946
run_2026-07-30T11-00-12_42,ablation_compatible_edit_preserving_tracker,ablation_compatible_edit_preserving_tracker_block_9,2222561144,variant_b,offpath_prepare_sync_retire,off_path,synchronous,compatible_edit_preserving_tracker,9,4,fingerprint_c8b15d28cb79,workload_compatible_edit_preserving_tracker,1,2,,,784842,0,61645,32970,,1096691,1949032,1110844,94615,0,True,,"offpath_preparation_ns contains full off-path candidate preparation operation including validation, compilation, processor construction, and any synthetic preparation work",True,,32970,0,11,42,71946
run_2026-07-30T11-00-12_42,ablation_compatible_edit_preserving_tracker,ablation_compatible_edit_preserving_tracker_block_10,1841954513,variant_d,offpath_prepare_deferred_retire,off_path,deferred,compatible_edit_preserving_tracker,10,1,fingerprint_c8b15d28cb79,workload_compatible_edit_preserving_tracker,1,2,,,876781,0,19790,,0,304673,2496919,1294520,19790,0,True,,"offpath_preparation_ns contains full off-path candidate preparation operation including validation, compilation, processor construction, and any synthetic preparation work",True,,0,1,11,42,213591
run_2026-07-30T11-00-12_42,ablation_compatible_edit_preserving_tracker,ablation_compatible_edit_preserving_tracker_block_10,1841954513,variant_c,sync_prepare_deferred_retire,synchronous,deferred,compatible_edit_preserving_tracker,10,2,fingerprint_c8b15d28cb79,workload_compatible_edit_preserving_tracker,1,2,146088,415494,,0,44420,,31062,132028,743698,1132654,606002,0,True,,"offpath_preparation_ns contains full off-path candidate preparation operation including validation, compilation, processor construction, and any synthetic preparation work",True,,31062,0,11,42,213591
run_2026-07-30T11-00-12_42,ablation_compatible_edit_preserving_tracker,ablation_compatible_edit_preserving_tracker_block_10,1841954513,variant_b,offpath_prepare_sync_retire,off_path,synchronous,compatible_edit_preserving_tracker,10,3,fingerprint_c8b15d28cb79,workload_compatible_edit_preserving_tracker,1,2,,,692553,0,133158,32551,,995450,1826985,1012147,165709,0,True,,"offpath_preparation_ns contains full off-path candidate preparation operation including validation, compilation, processor construction, and any synthetic preparation work",True,,32551,0,11,42,213591
run_2026-07-30T11-00-12_42,ablation_compatible_edit_preserving_tracker,ablation_compatible_edit_preserving_tracker_block_10,1841954513,variant_a,sync_prepare_sync_retire,synchronous,synchronous,compatible_edit_preserving_tracker,10,4,fingerprint_c8b15d28cb79,workload_compatible_edit_preserving_tracker,1,2,160912,527312,,0,15175,22773,,1186077,1895897,2288636,726172,0,True,,"offpath_preparation_ns contains full off-path candidate preparation operation including validation, compilation, processor construction, and any synthetic preparation work",True,,22773,0,11,42,213591
run_2026-07-30T11-00-12_42,ablation_compatible_edit_preserving_tracker,ablation_compatible_edit_preserving_tracker_block_11,1362008995,variant_a,sync_prepare_sync_retire,synchronous,synchronous,compatible_edit_preserving_tracker,11,1,fingerprint_c8b15d28cb79,workload_compatible_edit_preserving_tracker,1,2,158295,515928,,0,6794,18496,,245794,932063,1098948,699513,0,True,,"offpath_preparation_ns contains full off-path candidate preparation operation including validation, compilation, processor construction, and any synthetic preparation work",True,,18496,0,11,42,19763
run_2026-07-30T11-00-12_42,ablation_compatible_edit_preserving_tracker,ablation_compatible_edit_preserving_tracker_block_11,1362008995,variant_b,offpath_prepare_sync_retire,off_path,synchronous,compatible_edit_preserving_tracker,11,2,fingerprint_c8b15d28cb79,workload_compatible_edit_preserving_tracker,1,2,,,658768,0,7652,18868,,194178,866208,1135877,26520,0,True,,"offpath_preparation_ns contains full off-path candidate preparation operation including validation, compilation, processor construction, and any synthetic preparation work",True,,18868,0,11,42,19763
run_2026-07-30T11-00-12_42,ablation_compatible_edit_preserving_tracker,ablation_compatible_edit_preserving_tracker_block_11,1362008995,variant_d,offpath_prepare_deferred_retire,off_path,deferred,compatible_edit_preserving_tracker,11,3,fingerprint_c8b15d28cb79,workload_compatible_edit_preserving_tracker,1,2,,,802871,0,25774,,0,406009,2284154,651021,25774,0,True,,"offpath_preparation_ns contains full off-path candidate preparation operation including validation, compilation, processor construction, and any synthetic preparation work",True,,0,1,11,42,19763
run_2026-07-30T11-00-12_42,ablation_compatible_edit_preserving_tracker,ablation_compatible_edit_preserving_tracker_block_11,1362008995,variant_c,sync_prepare_deferred_retire,synchronous,deferred,compatible_edit_preserving_tracker,11,4,fingerprint_c8b15d28cb79,workload_compatible_edit_preserving_tracker,1,2,143724,418687,,0,7040,,17728,292555,867385,1116861,569451,0,True,,"offpath_preparation_ns contains full off-path candidate preparation operation including validation, compilation, processor construction, and any synthetic preparation work",True,,17728,0,11,42,19763
run_2026-07-30T11-00-12_42,ablation_compatible_edit_preserving_tracker,ablation_compatible_edit_preserving_tracker_block_12,981402364,variant_d,offpath_prepare_deferred_retire,off_path,deferred,compatible_edit_preserving_tracker,12,1,fingerprint_c8b15d28cb79,workload_compatible_edit_preserving_tracker,1,2,,,788087,0,15982,,0,315744,2341374,1872240,15982,0,True,,"offpath_preparation_ns contains full off-path candidate preparation operation including validation, compilation, processor construction, and any synthetic preparation work",True,,0,0,11,42,215916
run_2026-07-30T11-00-12_42,ablation_compatible_edit_preserving_tracker,ablation_compatible_edit_preserving_tracker_block_12,981402364,variant_c,sync_prepare_deferred_retire,synchronous,deferred,compatible_edit_preserving_tracker,12,2,fingerprint_c8b15d28cb79,workload_compatible_edit_preserving_tracker,1,2,197715,476410,,0,7723,,20662,109086,799708,1178153,681848,0,True,,"offpath_preparation_ns contains full off-path candidate preparation operation including validation, compilation, processor construction, and any synthetic preparation work",True,,20662,0,11,42,215916
run_2026-07-30T11-00-12_42,ablation_compatible_edit_preserving_tracker,ablation_compatible_edit_preserving_tracker_block_12,981402364,variant_b,offpath_prepare_sync_retire,off_path,synchronous,compatible_edit_preserving_tracker,12,3,fingerprint_c8b15d28cb79,workload_compatible_edit_preserving_tracker,1,2,,,812486,0,7782,40058,,134494,959595,1265330,47840,0,True,,"offpath_preparation_ns contains full off-path candidate preparation operation including validation, compilation, processor construction, and any synthetic preparation work",True,,40058,0,11,42,215916
run_2026-07-30T11-00-12_42,ablation_compatible_edit_preserving_tracker,ablation_compatible_edit_preserving_tracker_block_12,981402364,variant_a,sync_prepare_sync_retire,synchronous,synchronous,compatible_edit_preserving_tracker,12,4,fingerprint_c8b15d28cb79,workload_compatible_edit_preserving_tracker,1,2,198525,620266,,0,19027,55962,,907865,1752183,2255264,893780,0,True,,"offpath_preparation_ns contains full off-path candidate preparation operation including validation, compilation, processor construction, and any synthetic preparation work",True,,55962,0,11,42,215916
run_2026-07-30T11-00-12_42,ablation_compatible_edit_preserving_tracker,ablation_compatible_edit_preserving_tracker_block_13,2648940494,variant_a,sync_prepare_sync_retire,synchronous,synchronous,compatible_edit_preserving_tracker,13,1,fingerprint_c8b15d28cb79,workload_compatible_edit_preserving_tracker,1,2,170985,621693,,0,7795,20137,,865857,1672720,2213136,820610,0,True,,"offpath_preparation_ns contains full off-path candidate preparation operation including validation, compilation, processor construction, and any synthetic preparation work",True,,20137,0,11,42,326511
run_2026-07-30T11-00-12_42,ablation_compatible_edit_preserving_tracker,ablation_compatible_edit_preserving_tracker_block_13,2648940494,variant_c,sync_prepare_deferred_retire,synchronous,deferred,compatible_edit_preserving_tracker,13,2,fingerprint_c8b15d28cb79,workload_compatible_edit_preserving_tracker,1,2,235996,622300,,0,8296,,20656,882814,1756261,2201581,866592,0,True,,"offpath_preparation_ns contains full off-path candidate preparation operation including validation, compilation, processor construction, and any synthetic preparation work",True,,20656,0,11,42,326511
run_2026-07-30T11-00-12_42,ablation_compatible_edit_preserving_tracker,ablation_compatible_edit_preserving_tracker_block_13,2648940494,variant_d,offpath_prepare_deferred_retire,off_path,deferred,compatible_edit_preserving_tracker,13,3,fingerprint_c8b15d28cb79,workload_compatible_edit_preserving_tracker,1,2,,,966184,0,25430,,0,392687,2826184,1406460,25430,0,True,,"offpath_preparation_ns contains full off-path candidate preparation operation including validation, compilation, processor construction, and any synthetic preparation work",True,,0,2,11,42,326511
run_2026-07-30T11-00-12_42,ablation_compatible_edit_preserving_tracker,ablation_compatible_edit_preserving_tracker_block_13,2648940494,variant_b,offpath_prepare_sync_retire,off_path,synchronous,compatible_edit_preserving_tracker,13,4,fingerprint_c8b15d28cb79,workload_compatible_edit_preserving_tracker,1,2,,,857481,0,7153,21906,,874489,1744110,1093200,29059,0,True,,"offpath_preparation_ns contains full off-path candidate preparation operation including validation, compilation, processor construction, and any synthetic preparation work",True,,21906,1,11,42,326511
run_2026-07-30T11-00-12_42,ablation_compatible_edit_preserving_tracker,ablation_compatible_edit_preserving_tracker_block_14,2268333863,variant_c,sync_prepare_deferred_retire,synchronous,deferred,compatible_edit_preserving_tracker,14,1,fingerprint_c8b15d28cb79,workload_compatible_edit_preserving_tracker,1,2,165390,596061,,0,7098,,19508,881236,1656110,2185496,768549,0,True,,"offpath_preparation_ns contains full off-path candidate preparation operation including validation, compilation, processor construction, and any synthetic preparation work",True,,19508,0,11,42,336644
run_2026-07-30T11-00-12_42,ablation_compatible_edit_preserving_tracker,ablation_compatible_edit_preserving_tracker_block_14,2268333863,variant_b,offpath_prepare_sync_retire,off_path,synchronous,compatible_edit_preserving_tracker,14,2,fingerprint_c8b15d28cb79,workload_compatible_edit_preserving_tracker,1,2,,,777805,0,9365,20678,,948235,1740247,1114285,30043,0,True,,"offpath_preparation_ns contains full off-path candidate preparation operation including validation, compilation, processor construction, and any synthetic preparation work",True,,20678,1,11,42,336644
run_2026-07-30T11-00-12_42,ablation_compatible_edit_preserving_tracker,ablation_compatible_edit_preserving_tracker_block_14,2268333863,variant_d,offpath_prepare_deferred_retire,off_path,deferred,compatible_edit_preserving_tracker,14,3,fingerprint_c8b15d28cb79,workload_compatible_edit_preserving_tracker,1,2,,,758923,0,23986,,0,310549,2289197,2118274,23986,0,True,,"offpath_preparation_ns contains full off-path candidate preparation operation including validation, compilation, processor construction, and any synthetic preparation work",True,,0,0,11,42,336644
run_2026-07-30T11-00-12_42,ablation_compatible_edit_preserving_tracker,ablation_compatible_edit_preserving_tracker_block_14,2268333863,variant_a,sync_prepare_sync_retire,synchronous,synchronous,compatible_edit_preserving_tracker,14,4,fingerprint_c8b15d28cb79,workload_compatible_edit_preserving_tracker,1,2,163146,665108,,0,8036,20254,,965571,1808151,2244155,856544,0,True,,"offpath_preparation_ns contains full off-path candidate preparation operation including validation, compilation, processor construction, and any synthetic preparation work",True,,20254,0,11,42,336644
run_2026-07-30T11-00-12_42,ablation_compatible_edit_preserving_tracker,ablation_compatible_edit_preserving_tracker_block_15,4035210880,variant_d,offpath_prepare_deferred_retire,off_path,deferred,compatible_edit_preserving_tracker,15,1,fingerprint_c8b15d28cb79,workload_compatible_edit_preserving_tracker,1,2,,,913993,0,17260,,0,318191,2513712,2239998,17260,0,True,,"offpath_preparation_ns contains full off-path candidate preparation operation including validation, compilation, processor construction, and any synthetic preparation work",True,,0,0,11,42,73695
run_2026-07-30T11-00-12_42,ablation_compatible_edit_preserving_tracker,ablation_compatible_edit_preserving_tracker_block_15,4035210880,variant_c,sync_prepare_deferred_retire,synchronous,deferred,compatible_edit_preserving_tracker,15,2,fingerprint_c8b15d28cb79,workload_compatible_edit_preserving_tracker,1,2,150598,546245,,0,6600,,19319,214712,923771,1149883,703443,0,True,,"offpath_preparation_ns contains full off-path candidate preparation operation including validation, compilation, processor construction, and any synthetic preparation work",True,,19319,0,11,42,73695
run_2026-07-30T11-00-12_42,ablation_compatible_edit_preserving_tracker,ablation_compatible_edit_preserving_tracker_block_15,4035210880,variant_a,sync_prepare_sync_retire,synchronous,synchronous,compatible_edit_preserving_tracker,15,3,fingerprint_c8b15d28cb79,workload_compatible_edit_preserving_tracker,1,2,153071,594020,,0,11020,19345,,1131892,1897143,2181516,777456,0,True,,"offpath_preparation_ns contains full off-path candidate preparation operation including validation, compilation, processor construction, and any synthetic preparation work",True,,19345,0,11,42,73695
run_2026-07-30T11-00-12_42,ablation_compatible_edit_preserving_tracker,ablation_compatible_edit_preserving_tracker_block_15,4035210880,variant_b,offpath_prepare_sync_retire,off_path,synchronous,compatible_edit_preserving_tracker,15,4,fingerprint_c8b15d28cb79,workload_compatible_edit_preserving_tracker,1,2,,,687739,0,7359,20974,,203155,905120,1136896,28333,0,True,,"offpath_preparation_ns contains full off-path candidate preparation operation including validation, compilation, processor construction, and any synthetic preparation work",True,,20974,0,11,42,73695
run_2026-07-30T11-00-12_42,ablation_compatible_edit_preserving_tracker,ablation_compatible_edit_preserving_tracker_block_16,1407781714,variant_a,sync_prepare_sync_retire,synchronous,synchronous,compatible_edit_preserving_tracker,16,1,fingerprint_c8b15d28cb79,workload_compatible_edit_preserving_tracker,1,2,171477,571951,,0,6789,49450,,1033142,1796517,2266068,799667,0,True,,"offpath_preparation_ns contains full off-path candidate preparation operation including validation, compilation, processor construction, and any synthetic preparation work",True,,49450,0,11,42,178183
run_2026-07-30T11-00-12_42,ablation_compatible_edit_preserving_tracker,ablation_compatible_edit_preserving_tracker_block_16,1407781714,variant_c,sync_prepare_deferred_retire,synchronous,deferred,compatible_edit_preserving_tracker,16,2,fingerprint_c8b15d28cb79,workload_compatible_edit_preserving_tracker,1,2,152634,548253,,0,7035,,21965,1142236,1855894,2246750,707922,0,True,,"offpath_preparation_ns contains full off-path candidate preparation operation including validation, compilation, processor construction, and any synthetic preparation work",True,,21965,0,11,42,178183
run_2026-07-30T11-00-12_42,ablation_compatible_edit_preserving_tracker,ablation_compatible_edit_preserving_tracker_block_16,1407781714,variant_b,offpath_prepare_sync_retire,off_path,synchronous,compatible_edit_preserving_tracker,16,3,fingerprint_c8b15d28cb79,workload_compatible_edit_preserving_tracker,1,2,,,604525,0,6080,21238,,173236,789712,1124541,27318,0,True,,"offpath_preparation_ns contains full off-path candidate preparation operation including validation, compilation, processor construction, and any synthetic preparation work",True,,21238,0,11,42,178183
run_2026-07-30T11-00-12_42,ablation_compatible_edit_preserving_tracker,ablation_compatible_edit_preserving_tracker_block_16,1407781714,variant_d,offpath_prepare_deferred_retire,off_path,deferred,compatible_edit_preserving_tracker,16,4,fingerprint_c8b15d28cb79,workload_compatible_edit_preserving_tracker,1,2,,,713012,0,15888,,0,304337,2849357,1296186,15888,0,True,,"offpath_preparation_ns contains full off-path candidate preparation operation including validation, compilation, processor construction, and any synthetic preparation work",True,,0,2,11,42,178183
run_2026-07-30T11-00-12_42,ablation_compatible_edit_preserving_tracker,ablation_compatible_edit_preserving_tracker_block_17,1027175083,variant_b,offpath_prepare_sync_retire,off_path,synchronous,compatible_edit_preserving_tracker,17,1,fingerprint_c8b15d28cb79,workload_compatible_edit_preserving_tracker,1,2,,,639950,0,7083,20667,,337263,989448,1160690,27750,0,True,,"offpath_preparation_ns contains full off-path candidate preparation operation including validation, compilation, processor construction, and any synthetic preparation work",True,,20667,0,11,42,95561
run_2026-07-30T11-00-12_42,ablation_compatible_edit_preserving_tracker,ablation_compatible_edit_preserving_tracker_block_17,1027175083,variant_d,offpath_prepare_deferred_retire,off_path,deferred,compatible_edit_preserving_tracker,17,2,fingerprint_c8b15d28cb79,workload_compatible_edit_preserving_tracker,1,2,,,898234,0,16400,,0,335547,3121781,1192840,16400,0,True,,"offpath_preparation_ns contains full off-path candidate preparation operation including validation, compilation, processor construction, and any synthetic preparation work",True,,0,2,11,42,95561
run_2026-07-30T11-00-12_42,ablation_compatible_edit_preserving_tracker,ablation_compatible_edit_preserving_tracker_block_17,1027175083,variant_c,sync_prepare_deferred_retire,synchronous,deferred,compatible_edit_preserving_tracker,17,3,fingerprint_c8b15d28cb79,workload_compatible_edit_preserving_tracker,1,2,141183,476818,,0,7030,,20418,273754,903976,1168162,625031,0,True,,"offpath_preparation_ns contains full off-path candidate preparation operation including validation, compilation, processor construction, and any synthetic preparation work",True,,20418,0,11,42,95561
run_2026-07-30T11-00-12_42,ablation_compatible_edit_preserving_tracker,ablation_compatible_edit_preserving_tracker_block_17,1027175083,variant_a,sync_prepare_sync_retire,synchronous,synchronous,compatible_edit_preserving_tracker,17,4,fingerprint_c8b15d28cb79,workload_compatible_edit_preserving_tracker,1,2,182899,478766,,0,7100,20569,,189291,865009,1132929,689334,0,True,,"offpath_preparation_ns contains full off-path candidate preparation operation including validation, compilation, processor construction, and any synthetic preparation work",True,,20569,0,11,42,95561
run_2026-07-30T11-00-12_42,ablation_compatible_edit_preserving_tracker,ablation_compatible_edit_preserving_tracker_block_18,2694713213,variant_b,offpath_prepare_sync_retire,off_path,synchronous,compatible_edit_preserving_tracker,18,1,fingerprint_c8b15d28cb79,workload_compatible_edit_preserving_tracker,1,2,,,824867,0,6831,22380,,893028,1729735,1092858,29211,0,True,,"offpath_preparation_ns contains full off-path candidate preparation operation including validation, compilation, processor construction, and any synthetic preparation work",True,,22380,1,11,42,317725
run_2026-07-30T11-00-12_42,ablation_compatible_edit_preserving_tracker,ablation_compatible_edit_preserving_tracker_block_18,2694713213,variant_a,sync_prepare_sync_retire,synchronous,synchronous,compatible_edit_preserving_tracker,18,2,fingerprint_c8b15d28cb79,workload_compatible_edit_preserving_tracker,1,2,151975,567117,,0,7129,23051,,1000691,1732452,2291224,749272,0,True,,"offpath_preparation_ns contains full off-path candidate preparation operation including validation, compilation, processor construction, and any synthetic preparation work",True,,23051,0,11,42,317725
run_2026-07-30T11-00-12_42,ablation_compatible_edit_preserving_tracker,ablation_compatible_edit_preserving_tracker_block_18,2694713213,variant_d,offpath_prepare_deferred_retire,off_path,deferred,compatible_edit_preserving_tracker,18,3,fingerprint_c8b15d28cb79,workload_compatible_edit_preserving_tracker,1,2,,,758023,0,28809,,0,355446,2026535,2577881,28809,0,True,,"offpath_preparation_ns contains full off-path candidate preparation operation including validation, compilation, processor construction, and any synthetic preparation work",True,,0,0,11,42,317725
run_2026-07-30T11-00-12_42,ablation_compatible_edit_preserving_tracker,ablation_compatible_edit_preserving_tracker_block_18,2694713213,variant_c,sync_prepare_deferred_retire,synchronous,deferred,compatible_edit_preserving_tracker,18,4,fingerprint_c8b15d28cb79,workload_compatible_edit_preserving_tracker,1,2,139099,526282,,0,7304,,21960,1163734,1841642,2271438,672685,0,True,,"offpath_preparation_ns contains full off-path candidate preparation operation including validation, compilation, processor construction, and any synthetic preparation work",True,,21960,0,11,42,317725
run_2026-07-30T11-00-12_42,ablation_compatible_edit_preserving_tracker,ablation_compatible_edit_preserving_tracker_block_19,2314106582,variant_c,sync_prepare_deferred_retire,synchronous,deferred,compatible_edit_preserving_tracker,19,1,fingerprint_c8b15d28cb79,workload_compatible_edit_preserving_tracker,1,2,172985,557993,,0,6951,,24565,119398,868692,1273815,737929,0,True,,"offpath_preparation_ns contains full off-path candidate preparation operation including validation, compilation, processor construction, and any synthetic preparation work",True,,24565,0,11,42,301199
run_2026-07-30T11-00-12_42,ablation_compatible_edit_preserving_tracker,ablation_compatible_edit_preserving_tracker_block_19,2314106582,variant_b,offpath_prepare_sync_retire,off_path,synchronous,compatible_edit_preserving_tracker,19,2,fingerprint_c8b15d28cb79,workload_compatible_edit_preserving_tracker,1,2,,,696321,0,11017,42443,,1031570,1746632,1069012,53460,0,True,,"offpath_preparation_ns contains full off-path candidate preparation operation including validation, compilation, processor construction, and any synthetic preparation work",True,,42443,1,11,42,301199
run_2026-07-30T11-00-12_42,ablation_compatible_edit_preserving_tracker,ablation_compatible_edit_preserving_tracker_block_19,2314106582,variant_a,sync_prepare_sync_retire,synchronous,synchronous,compatible_edit_preserving_tracker,19,3,fingerprint_c8b15d28cb79,workload_compatible_edit_preserving_tracker,1,2,183486,694510,,0,23919,38513,,872072,1780434,2302592,940428,0,True,,"offpath_preparation_ns contains full off-path candidate preparation operation including validation, compilation, processor construction, and any synthetic preparation work",True,,38513,0,11,42,301199
run_2026-07-30T11-00-12_42,ablation_compatible_edit_preserving_tracker,ablation_compatible_edit_preserving_tracker_block_19,2314106582,variant_d,offpath_prepare_deferred_retire,off_path,deferred,compatible_edit_preserving_tracker,19,4,fingerprint_c8b15d28cb79,workload_compatible_edit_preserving_tracker,1,2,,,784607,0,14358,,0,304128,2213984,1973730,14358,0,True,,"offpath_preparation_ns contains full off-path candidate preparation operation including validation, compilation, processor construction, and any synthetic preparation work",True,,0,0,11,42,301199
run_2026-07-30T11-00-12_42,ablation_compatible_edit_preserving_tracker,ablation_compatible_edit_preserving_tracker_block_20,1834161064,variant_a,sync_prepare_sync_retire,synchronous,synchronous,compatible_edit_preserving_tracker,20,1,fingerprint_c8b15d28cb79,workload_compatible_edit_preserving_tracker,1,2,153011,479122,,0,7213,21884,,114317,760503,1482281,661230,0,True,,"offpath_preparation_ns contains full off-path candidate preparation operation including validation, compilation, processor construction, and any synthetic preparation work",True,,21884,0,11,42,499009
run_2026-07-30T11-00-12_42,ablation_compatible_edit_preserving_tracker,ablation_compatible_edit_preserving_tracker_block_20,1834161064,variant_b,offpath_prepare_sync_retire,off_path,synchronous,compatible_edit_preserving_tracker,20,2,fingerprint_c8b15d28cb79,workload_compatible_edit_preserving_tracker,1,2,,,843193,0,5900,20567,,754151,1608102,1135538,26467,0,True,,"offpath_preparation_ns contains full off-path candidate preparation operation including validation, compilation, processor construction, and any synthetic preparation work",True,,20567,1,11,42,499009
run_2026-07-30T11-00-12_42,ablation_compatible_edit_preserving_tracker,ablation_compatible_edit_preserving_tracker_block_20,1834161064,variant_c,sync_prepare_deferred_retire,synchronous,deferred,compatible_edit_preserving_tracker,20,3,fingerprint_c8b15d28cb79,workload_compatible_edit_preserving_tracker,1,2,153098,550372,,0,8031,,22079,117605,852063,1526609,711501,0,True,,"offpath_preparation_ns contains full off-path candidate preparation operation including validation, compilation, processor construction, and any synthetic preparation work",True,,22079,0,11,42,499009
run_2026-07-30T11-00-12_42,ablation_compatible_edit_preserving_tracker,ablation_compatible_edit_preserving_tracker_block_20,1834161064,variant_d,offpath_prepare_deferred_retire,off_path,deferred,compatible_edit_preserving_tracker,20,4,fingerprint_c8b15d28cb79,workload_compatible_edit_preserving_tracker,1,2,,,875367,0,28910,,0,409117,2423523,2375485,28910,0,True,,"offpath_preparation_ns contains full off-path candidate preparation operation including validation, compilation, processor construction, and any synthetic preparation work",True,,0,0,11,42,499009
run_2026-07-30T11-00-12_42,ablation_compatible_edit_preserving_tracker,ablation_compatible_edit_preserving_tracker_block_21,1453554433,variant_a,sync_prepare_sync_retire,synchronous,synchronous,compatible_edit_preserving_tracker,21,1,fingerprint_c8b15d28cb79,workload_compatible_edit_preserving_tracker,1,2,305767,611294,,0,7668,23018,,731976,1663513,2196522,947747,0,True,,"offpath_preparation_ns contains full off-path candidate preparation operation including validation, compilation, processor construction, and any synthetic preparation work",True,,23018,0,11,42,338492
run_2026-07-30T11-00-12_42,ablation_compatible_edit_preserving_tracker,ablation_compatible_edit_preserving_tracker_block_21,1453554433,variant_c,sync_prepare_deferred_retire,synchronous,deferred,compatible_edit_preserving_tracker,21,2,fingerprint_c8b15d28cb79,workload_compatible_edit_preserving_tracker,1,2,159026,583538,,0,11030,,62709,1045955,1806539,2309991,753594,0,True,,"offpath_preparation_ns contains full off-path candidate preparation operation including validation, compilation, processor construction, and any synthetic preparation work",True,,62709,0,11,42,338492
run_2026-07-30T11-00-12_42,ablation_compatible_edit_preserving_tracker,ablation_compatible_edit_preserving_tracker_block_21,1453554433,variant_d,offpath_prepare_deferred_retire,off_path,deferred,compatible_edit_preserving_tracker,21,3,fingerprint_c8b15d28cb79,workload_compatible_edit_preserving_tracker,1,2,,,938199,0,15711,,0,317134,3031214,1306968,15711,0,True,,"offpath_preparation_ns contains full off-path candidate preparation operation including validation, compilation, processor construction, and any synthetic preparation work",True,,0,2,11,42,338492
run_2026-07-30T11-00-12_42,ablation_compatible_edit_preserving_tracker,ablation_compatible_edit_preserving_tracker_block_21,1453554433,variant_b,offpath_prepare_sync_retire,off_path,synchronous,compatible_edit_preserving_tracker,21,4,fingerprint_c8b15d28cb79,workload_compatible_edit_preserving_tracker,1,2,,,717815,0,6911,22630,,113356,843109,1348146,29541,0,True,,"offpath_preparation_ns contains full off-path candidate preparation operation including validation, compilation, processor construction, and any synthetic preparation work",True,,22630,0,11,42,338492
run_2026-07-30T11-00-12_42,ablation_compatible_edit_preserving_tracker,ablation_compatible_edit_preserving_tracker_block_22,1072947802,variant_c,sync_prepare_deferred_retire,synchronous,deferred,compatible_edit_preserving_tracker,22,1,fingerprint_c8b15d28cb79,workload_compatible_edit_preserving_tracker,1,2,184896,531369,,0,7000,,21137,1100022,1835832,2248729,723265,0,True,,"offpath_preparation_ns contains full off-path candidate preparation operation including validation, compilation, processor construction, and any synthetic preparation work",True,,21137,0,11,42,250839
run_2026-07-30T11-00-12_42,ablation_compatible_edit_preserving_tracker,ablation_compatible_edit_preserving_tracker_block_22,1072947802,variant_d,offpath_prepare_deferred_retire,off_path,deferred,compatible_edit_preserving_tracker,22,2,fingerprint_c8b15d28cb79,workload_compatible_edit_preserving_tracker,1,2,,,767401,0,16100,,0,359689,2808860,1357866,16100,0,True,,"offpath_preparation_ns contains full off-path candidate preparation operation including validation, compilation, processor construction, and any synthetic preparation work",True,,0,1,11,42,250839
run_2026-07-30T11-00-12_42,ablation_compatible_edit_preserving_tracker,ablation_compatible_edit_preserving_tracker_block_22,1072947802,variant_a,sync_prepare_sync_retire,synchronous,synchronous,compatible_edit_preserving_tracker,22,3,fingerprint_c8b15d28cb79,workload_compatible_edit_preserving_tracker,1,2,177527,560469,,0,7933,24096,,1089036,1842535,2223029,770025,0,True,,"offpath_preparation_ns contains full off-path candidate preparation operation including validation, compilation, processor construction, and any synthetic preparation work",True,,24096,0,11,42,250839
run_2026-07-30T11-00-12_42,ablation_compatible_edit_preserving_tracker,ablation_compatible_edit_preserving_tracker_block_22,1072947802,variant_b,offpath_prepare_sync_retire,off_path,synchronous,compatible_edit_preserving_tracker,22,4,fingerprint_c8b15d28cb79,workload_compatible_edit_preserving_tracker,1,2,,,679827,0,67944,24711,,986525,1740219,1040540,92655,0,True,,"offpath_preparation_ns contains full off-path candidate preparation operation including validation, compilation, processor construction, and any synthetic preparation work",True,,24711,0,11,42,250839
run_2026-07-30T11-00-12_42,ablation_compatible_edit_preserving_tracker,ablation_compatible_edit_preserving_tracker_block_23,2740485932,variant_c,sync_prepare_deferred_retire,synchronous,deferred,compatible_edit_preserving_tracker,23,1,fingerprint_c8b15d28cb79,workload_compatible_edit_preserving_tracker,1,2,224999,658664,,0,7022,,24088,777425,1675614,2260564,890685,0,True,,"offpath_preparation_ns contains full off-path candidate preparation operation including validation, compilation, processor construction, and any synthetic preparation work",True,,24088,0,11,42,428093
run_2026-07-30T11-00-12_42,ablation_compatible_edit_preserving_tracker,ablation_compatible_edit_preserving_tracker_block_23,2740485932,variant_a,sync_prepare_sync_retire,synchronous,synchronous,compatible_edit_preserving_tracker,23,2,fingerprint_c8b15d28cb79,workload_compatible_edit_preserving_tracker,1,2,146802,531395,,0,7101,22052,,142130,833176,1408771,707350,0,True,,"offpath_preparation_ns contains full off-path candidate preparation operation including validation, compilation, processor construction, and any synthetic preparation work",True,,22052,0,11,42,428093
run_2026-07-30T11-00-12_42,ablation_compatible_edit_preserving_tracker,ablation_compatible_edit_preserving_tracker_block_23,2740485932,variant_b,offpath_prepare_sync_retire,off_path,synchronous,compatible_edit_preserving_tracker,23,3,fingerprint_c8b15d28cb79,workload_compatible_edit_preserving_tracker,1,2,,,905869,0,7645,24875,,791642,1710648,1143910,32520,0,True,,"offpath_preparation_ns contains full off-path candidate preparation operation including validation, compilation, processor construction, and any synthetic preparation work",True,,24875,1,11,42,428093
run_2026-07-30T11-00-12_42,ablation_compatible_edit_preserving_tracker,ablation_compatible_edit_preserving_tracker_block_23,2740485932,variant_d,offpath_prepare_deferred_retire,off_path,deferred,compatible_edit_preserving_tracker,23,4,fingerprint_c8b15d28cb79,workload_compatible_edit_preserving_tracker,1,2,,,965512,0,24055,,0,305455,2496733,1317282,24055,0,True,,"offpath_preparation_ns contains full off-path candidate preparation operation including validation, compilation, processor construction, and any synthetic preparation work",True,,0,2,11,42,428093
run_2026-07-30T11-00-12_42,ablation_compatible_edit_preserving_tracker,ablation_compatible_edit_preserving_tracker_block_24,212395653,variant_b,offpath_prepare_sync_retire,off_path,synchronous,compatible_edit_preserving_tracker,24,1,fingerprint_c8b15d28cb79,workload_compatible_edit_preserving_tracker,1,2,,,570919,0,6258,19625,,213414,795242,1163396,25883,0,True,,"offpath_preparation_ns contains full off-path candidate preparation operation including validation, compilation, processor construction, and any synthetic preparation work",True,,19625,0,11,42,230883
run_2026-07-30T11-00-12_42,ablation_compatible_edit_preserving_tracker,ablation_compatible_edit_preserving_tracker_block_24,212395653,variant_c,sync_prepare_deferred_retire,synchronous,deferred,compatible_edit_preserving_tracker,24,2,fingerprint_c8b15d28cb79,workload_compatible_edit_preserving_tracker,1,2,170796,570899,,0,7164,,23241,1163995,1918351,2240906,748859,0,True,,"offpath_preparation_ns contains full off-path candidate preparation operation including validation, compilation, processor construction, and any synthetic preparation work",True,,23241,0,11,42,230883
run_2026-07-30T11-00-12_42,ablation_compatible_edit_preserving_tracker,ablation_compatible_edit_preserving_tracker_block_24,212395653,variant_a,sync_prepare_sync_retire,synchronous,synchronous,compatible_edit_preserving_tracker,24,3,fingerprint_c8b15d28cb79,workload_compatible_edit_preserving_tracker,1,2,175797,494513,,0,14402,21254,,1178429,1869246,2269706,705966,0,True,,"offpath_preparation_ns contains full off-path candidate preparation operation including validation, compilation, processor construction, and any synthetic preparation work",True,,21254,0,11,42,230883
run_2026-07-30T11-00-12_42,ablation_compatible_edit_preserving_tracker,ablation_compatible_edit_preserving_tracker_block_24,212395653,variant_d,offpath_prepare_deferred_retire,off_path,deferred,compatible_edit_preserving_tracker,24,4,fingerprint_c8b15d28cb79,workload_compatible_edit_preserving_tracker,1,2,,,960975,0,34863,,0,399013,2432107,2921242,34863,0,True,,"offpath_preparation_ns contains full off-path candidate preparation operation including validation, compilation, processor construction, and any synthetic preparation work",True,,0,0,11,42,230883
run_2026-07-30T11-00-12_42,ablation_compatible_edit_preserving_tracker,ablation_compatible_edit_preserving_tracker_block_25,1879933783,variant_b,offpath_prepare_sync_retire,off_path,synchronous,compatible_edit_preserving_tracker,25,1,fingerprint_c8b15d28cb79,workload_compatible_edit_preserving_tracker,1,2,,,662078,0,6592,21018,,118557,791889,1308063,27610,0,True,,"offpath_preparation_ns contains full off-path candidate preparation operation including validation, compilation, processor construction, and any synthetic preparation work",True,,21018,0,11,42,418995
run_2026-07-30T11-00-12_42,ablation_compatible_edit_preserving_tracker,ablation_compatible_edit_preserving_tracker_block_25,1879933783,variant_a,sync_prepare_sync_retire,synchronous,synchronous,compatible_edit_preserving_tracker,25,2,fingerprint_c8b15d28cb79,workload_compatible_edit_preserving_tracker,1,2,145500,485277,,0,6756,20488,,160196,804255,1311576,658021,0,True,,"offpath_preparation_ns contains full off-path candidate preparation operation including validation, compilation, processor construction, and any synthetic preparation work",True,,20488,0,11,42,418995
run_2026-07-30T11-00-12_42,ablation_compatible_edit_preserving_tracker,ablation_compatible_edit_preserving_tracker_block_25,1879933783,variant_c,sync_prepare_deferred_retire,synchronous,deferred,compatible_edit_preserving_tracker,25,3,fingerprint_c8b15d28cb79,workload_compatible_edit_preserving_tracker,1,2,213585,591248,,0,7326,,22276,967371,1785365,2296820,812159,0,True,,"offpath_preparation_ns contains full off-path candidate preparation operation including validation, compilation, processor construction, and any synthetic preparation work",True,,22276,0,11,42,418995
run_2026-07-30T11-00-12_42,ablation_compatible_edit_preserving_tracker,ablation_compatible_edit_preserving_tracker_block_25,1879933783,variant_d,offpath_prepare_deferred_retire,off_path,deferred,compatible_edit_preserving_tracker,25,4,fingerprint_c8b15d28cb79,workload_compatible_edit_preserving_tracker,1,2,,,900892,0,21697,,0,338061,2311833,1211379,21697,0,True,,"offpath_preparation_ns contains full off-path candidate preparation operation including validation, compilation, processor construction, and any synthetic preparation work",True,,0,1,11,42,418995
run_2026-07-30T11-00-12_42,ablation_compatible_edit_preserving_tracker,ablation_compatible_edit_preserving_tracker_block_26,1499327152,variant_d,offpath_prepare_deferred_retire,off_path,deferred,compatible_edit_preserving_tracker,26,1,fingerprint_c8b15d28cb79,workload_compatible_edit_preserving_tracker,1,2,,,824708,0,30127,,0,399675,2286735,2244490,30127,0,True,,"offpath_preparation_ns contains full off-path candidate preparation operation including validation, compilation, processor construction, and any synthetic preparation work",True,,0,0,11,42,171968
run_2026-07-30T11-00-12_42,ablation_compatible_edit_preserving_tracker,ablation_compatible_edit_preserving_tracker_block_26,1499327152,variant_b,offpath_prepare_sync_retire,off_path,synchronous,compatible_edit_preserving_tracker,26,2,fingerprint_c8b15d28cb79,workload_compatible_edit_preserving_tracker,1,2,,,723590,0,62741,31130,,1068775,1860029,1097030,93871,0,True,,"offpath_preparation_ns contains full off-path candidate preparation operation including validation, compilation, processor construction, and any synthetic preparation work",True,,31130,0,11,42,171968
run_2026-07-30T11-00-12_42,ablation_compatible_edit_preserving_tracker,ablation_compatible_edit_preserving_tracker_block_26,1499327152,variant_a,sync_prepare_sync_retire,synchronous,synchronous,compatible_edit_preserving_tracker,26,3,fingerprint_c8b15d28cb79,workload_compatible_edit_preserving_tracker,1,2,164050,635387,,0,10523,37141,,1077292,1894433,2292329,847101,0,True,,"offpath_preparation_ns contains full off-path candidate preparation operation including validation, compilation, processor construction, and any synthetic preparation work",True,,37141,0,11,42,171968
run_2026-07-30T11-00-12_42,ablation_compatible_edit_preserving_tracker,ablation_compatible_edit_preserving_tracker_block_26,1499327152,variant_c,sync_prepare_deferred_retire,synchronous,deferred,compatible_edit_preserving_tracker,26,4,fingerprint_c8b15d28cb79,workload_compatible_edit_preserving_tracker,1,2,147734,437588,,0,6914,,72162,172349,770074,1072730,592236,0,True,,"offpath_preparation_ns contains full off-path candidate preparation operation including validation, compilation, processor construction, and any synthetic preparation work",True,,72162,0,11,42,171968
run_2026-07-30T11-00-12_42,ablation_compatible_edit_preserving_tracker,ablation_compatible_edit_preserving_tracker_block_27,1118720521,variant_d,offpath_prepare_deferred_retire,off_path,deferred,compatible_edit_preserving_tracker,27,1,fingerprint_c8b15d28cb79,workload_compatible_edit_preserving_tracker,1,2,,,859394,0,31569,,0,399637,2171129,2301796,31569,0,True,,"offpath_preparation_ns contains full off-path candidate preparation operation including validation, compilation, processor construction, and any synthetic preparation work",True,,0,0,11,42,493578
run_2026-07-30T11-00-12_42,ablation_compatible_edit_preserving_tracker,ablation_compatible_edit_preserving_tracker_block_27,1118720521,variant_c,sync_prepare_deferred_retire,synchronous,deferred,compatible_edit_preserving_tracker,27,2,fingerprint_c8b15d28cb79,workload_compatible_edit_preserving_tracker,1,2,180336,583545,,0,7518,,48287,890183,1673744,2269993,771399,0,True,,"offpath_preparation_ns contains full off-path candidate preparation operation including validation, compilation, processor construction, and any synthetic preparation work",True,,48287,0,11,42,493578
run_2026-07-30T11-00-12_42,ablation_compatible_edit_preserving_tracker,ablation_compatible_edit_preserving_tracker_block_27,1118720521,variant_b,offpath_prepare_sync_retire,off_path,synchronous,compatible_edit_preserving_tracker,27,3,fingerprint_c8b15d28cb79,workload_compatible_edit_preserving_tracker,1,2,,,776545,0,6157,25876,,826764,1614414,1135463,32033,0,True,,"offpath_preparation_ns contains full off-path candidate preparation operation including validation, compilation, processor construction, and any synthetic preparation work",True,,25876,1,11,42,493578
run_2026-07-30T11-00-12_42,ablation_compatible_edit_preserving_tracker,ablation_compatible_edit_preserving_tracker_block_27,1118720521,variant_a,sync_prepare_sync_retire,synchronous,synchronous,compatible_edit_preserving_tracker,27,4,fingerprint_c8b15d28cb79,workload_compatible_edit_preserving_tracker,1,2,161195,667386,,0,7710,22823,,806765,1649350,2273877,859114,0,True,,"offpath_preparation_ns contains full off-path candidate preparation operation including validation, compilation, processor construction, and any synthetic preparation work",True,,22823,0,11,42,493578
run_2026-07-30T11-00-12_42,ablation_compatible_edit_preserving_tracker,ablation_compatible_edit_preserving_tracker_block_28,638775003,variant_b,offpath_prepare_sync_retire,off_path,synchronous,compatible_edit_preserving_tracker,28,1,fingerprint_c8b15d28cb79,workload_compatible_edit_preserving_tracker,1,2,,,725082,0,6971,20795,,182536,919906,1122724,27766,0,True,,"offpath_preparation_ns contains full off-path candidate preparation operation including validation, compilation, processor construction, and any synthetic preparation work",True,,20795,0,11,42,41547
run_2026-07-30T11-00-12_42,ablation_compatible_edit_preserving_tracker,ablation_compatible_edit_preserving_tracker_block_28,638775003,variant_a,sync_prepare_sync_retire,synchronous,synchronous,compatible_edit_preserving_tracker,28,2,fingerprint_c8b15d28cb79,workload_compatible_edit_preserving_tracker,1,2,165554,607859,,0,10791,38268,,1204036,1994618,2196266,822472,0,True,,"offpath_preparation_ns contains full off-path candidate preparation operation including validation, compilation, processor construction, and any synthetic preparation work",True,,38268,0,11,42,41547
run_2026-07-30T11-00-12_42,ablation_compatible_edit_preserving_tracker,ablation_compatible_edit_preserving_tracker_block_28,638775003,variant_c,sync_prepare_deferred_retire,synchronous,deferred,compatible_edit_preserving_tracker,28,3,fingerprint_c8b15d28cb79,workload_compatible_edit_preserving_tracker,1,2,160929,560362,,0,7490,,23196,236635,972252,1167728,728781,0,True,,"offpath_preparation_ns contains full off-path candidate preparation operation including validation, compilation, processor construction, and any synthetic preparation work",True,,23196,0,11,42,41547
run_2026-07-30T11-00-12_42,ablation_compatible_edit_preserving_tracker,ablation_compatible_edit_preserving_tracker_block_28,638775003,variant_d,offpath_prepare_deferred_retire,off_path,deferred,compatible_edit_preserving_tracker,28,4,fingerprint_c8b15d28cb79,workload_compatible_edit_preserving_tracker,1,2,,,921180,0,16830,,0,304838,2727614,1245329,16830,0,True,,"offpath_preparation_ns contains full off-path candidate preparation operation including validation, compilation, processor construction, and any synthetic preparation work",True,,0,1,11,42,41547
run_2026-07-30T11-00-12_42,ablation_compatible_edit_preserving_tracker,ablation_compatible_edit_preserving_tracker_block_29,258168372,variant_d,offpath_prepare_deferred_retire,off_path,deferred,compatible_edit_preserving_tracker,29,1,fingerprint_c8b15d28cb79,workload_compatible_edit_preserving_tracker,1,2,,,853511,0,31312,,0,429938,2329696,2723593,31312,0,True,,"offpath_preparation_ns contains full off-path candidate preparation operation including validation, compilation, processor construction, and any synthetic preparation work",True,,0,0,11,42,132657
run_2026-07-30T11-00-12_42,ablation_compatible_edit_preserving_tracker,ablation_compatible_edit_preserving_tracker_block_29,258168372,variant_c,sync_prepare_deferred_retire,synchronous,deferred,compatible_edit_preserving_tracker,29,2,fingerprint_c8b15d28cb79,workload_compatible_edit_preserving_tracker,1,2,150861,490014,,0,7446,,33856,154235,808016,1103002,648321,0,True,,"offpath_preparation_ns contains full off-path candidate preparation operation including validation, compilation, processor construction, and any synthetic preparation work",True,,33856,0,11,42,132657
run_2026-07-30T11-00-12_42,ablation_compatible_edit_preserving_tracker,ablation_compatible_edit_preserving_tracker_block_29,258168372,variant_b,offpath_prepare_sync_retire,off_path,synchronous,compatible_edit_preserving_tracker,29,3,fingerprint_c8b15d28cb79,workload_compatible_edit_preserving_tracker,1,2,,,657885,0,7375,21671,,208242,879784,1124078,29046,0,True,,"offpath_preparation_ns contains full off-path candidate preparation operation including validation, compilation, processor construction, and any synthetic preparation work",True,,21671,0,11,42,132657
run_2026-07-30T11-00-12_42,ablation_compatible_edit_preserving_tracker,ablation_compatible_edit_preserving_tracker_block_29,258168372,variant_a,sync_prepare_sync_retire,synchronous,synchronous,compatible_edit_preserving_tracker,29,4,fingerprint_c8b15d28cb79,workload_compatible_edit_preserving_tracker,1,2,146955,480103,,0,7553,20603,,265342,905263,1186385,655214,0,True,,"offpath_preparation_ns contains full off-path candidate preparation operation including validation, compilation, processor construction, and any synthetic preparation work",True,,20603,0,11,42,132657
run_2026-07-30T11-00-12_42,ablation_compatible_edit_preserving_tracker,ablation_compatible_edit_preserving_tracker_block_30,1925706502,variant_a,sync_prepare_sync_retire,synchronous,synchronous,compatible_edit_preserving_tracker,30,1,fingerprint_c8b15d28cb79,workload_compatible_edit_preserving_tracker,1,2,202581,652619,,0,14567,22883,,839220,1716935,2309810,892650,0,True,,"offpath_preparation_ns contains full off-path candidate preparation operation including validation, compilation, processor construction, and any synthetic preparation work",True,,22883,0,11,42,433225
run_2026-07-30T11-00-12_42,ablation_compatible_edit_preserving_tracker,ablation_compatible_edit_preserving_tracker_block_30,1925706502,variant_c,sync_prepare_deferred_retire,synchronous,deferred,compatible_edit_preserving_tracker,30,2,fingerprint_c8b15d28cb79,workload_compatible_edit_preserving_tracker,1,2,161831,639987,,0,7813,,23462,794306,1611226,2269378,809631,0,True,,"offpath_preparation_ns contains full off-path candidate preparation operation including validation, compilation, processor construction, and any synthetic preparation work",True,,23462,0,11,42,433225
run_2026-07-30T11-00-12_42,ablation_compatible_edit_preserving_tracker,ablation_compatible_edit_preserving_tracker_block_30,1925706502,variant_d,offpath_prepare_deferred_retire,off_path,deferred,compatible_edit_preserving_tracker,30,3,fingerprint_c8b15d28cb79,workload_compatible_edit_preserving_tracker,1,2,,,765739,0,29506,,0,352958,2247209,2201295,29506,0,True,,"offpath_preparation_ns contains full off-path candidate preparation operation including validation, compilation, processor construction, and any synthetic preparation work",True,,0,0,11,42,433225
run_2026-07-30T11-00-12_42,ablation_compatible_edit_preserving_tracker,ablation_compatible_edit_preserving_tracker_block_30,1925706502,variant_b,offpath_prepare_sync_retire,off_path,synchronous,compatible_edit_preserving_tracker,30,4,fingerprint_c8b15d28cb79,workload_compatible_edit_preserving_tracker,1,2,,,770243,0,6820,38046,,709963,1494557,1107625,44866,0,True,,"offpath_preparation_ns contains full off-path candidate preparation operation including validation, compilation, processor construction, and any synthetic preparation work",True,,38046,1,11,42,433225
