run_id,scenario_id,preparation_category,target_window_ns,repetition,execution_order_position,random_seed,configured_offered_rate_fps,before_window_start_ns,before_window_end_ns,during_window_start_ns,during_window_end_ns,after_window_start_ns,after_window_end_ns,measured_before_window_duration_ns,measured_during_window_duration_ns,measured_after_window_duration_ns,producer_attempted_frames_before,producer_attempted_frames_during,producer_attempted_frames_after,producer_emitted_frames_before,producer_emitted_frames_during,producer_emitted_frames_after,producer_skipped_deadlines_before,producer_skipped_deadlines_during,producer_skipped_deadlines_after,producer_schedule_lateness_median_ns_before,producer_schedule_lateness_p95_ns_before,producer_schedule_lateness_median_ns_during,producer_schedule_lateness_p95_ns_during,producer_schedule_lateness_median_ns_after,producer_schedule_lateness_p95_ns_after,admitted_frames_before,admitted_frames_during,admitted_frames_after,completed_frames_before,completed_frames_during,completed_frames_after,frame_latency_before_median_ns,frame_latency_before_p95_ns,frame_latency_during_median_ns,frame_latency_during_p95_ns,frame_latency_after_median_ns,frame_latency_after_p95_ns,p95_degradation_vs_before_pct,median_degradation_vs_before_pct,frames_completed_during_window,frames_completed_while_preparation_active,old_plan_frames_completed,admission_throughput_before_fps,admission_throughput_during_fps,admission_throughput_after_fps,completion_throughput_before_fps,completion_throughput_during_fps,completion_throughput_after_fps,admission_rate_ratio_vs_before,completion_rate_ratio_vs_before,latency_interpretation_confounded,latency_interpretation_confounded_reason,within_run_admission_shift_flag,within_run_admission_shift_reason,backlog_frames_at_during_start,backlog_frames_at_during_end,backlog_frames_drained_after_window,frames_emitted_during_but_admitted_after,frames_admitted_during_but_emitted_before,flow_accounting_valid,flow_accounting_residual_frames,flow_accounting_invalid_reason,queue_occupancy_during_median,queue_occupancy_during_p95,dropped_frames,duplicated_frames,valid_for_tail_latency,invalid_reason,target_preparation_duration_ns,actual_preparation_duration_ns,preparation_checksum,duration_valid,duration_relative_error,raw_frame_count_matches_summary,phase_timestamp_bounds_valid,throughput_accounting_valid,throughput_accounting_invalid_reason
run_2026-07-30T11-00-12_42,interference_no_candidate_preparation_500ms,no_candidate_preparation,500000000,1,1,42,1000.00,1489712177307,1490712263868,1490712268302,1491212360836,1491212365877,1492212450236,1000086561,500092534,1000084359,1000,501,1001,1000,501,1001,0,0,0,207.00,1650.55,205.00,2901.00,201.00,3515.00,1000,500,1001,1000,500,1000,66405.00,86420.20,65921.50,83475.75,65816.00,86122.00,-3.41,-0.73,500,,500,999.91,999.81,1000.92,999.91,999.81,999.92,1.00,1.00,False,,False,,0,0,0,0,0,True,1,,0.00,0.00,0,0,True,,,0,,True,0.0000,True,True,True,
run_2026-07-30T11-00-12_42,interference_sleep_preparation_200ms,sleep_preparation,200000000,1,2,42,1000.00,1492900623747,1493900709159,1493900713464,1494100803522,1494100817390,1495100901699,1000085412,200090058,1000084309,1000,200,1001,1000,200,1001,0,0,0,2816.00,14007.55,3348.00,17885.85,1875.00,11842.00,1000,200,1000,1000,200,1000,67396.50,85061.35,66204.00,84404.65,64332.00,86346.30,-0.77,-1.77,200,200,200,999.91,999.55,999.92,999.91,999.55,999.92,1.00,1.00,False,,False,,0,0,0,0,0,True,0,,0.00,0.00,0,0,True,,200000000,200088701,,True,0.0004,True,True,True,
run_2026-07-30T11-00-12_42,interference_cpu_bound_preparation_200ms,cpu_bound_preparation,200000000,1,3,42,1000.00,1495769494635,1496769574509,1496769577390,1496969584935,1496969586879,1497969667879,1000079874,200007545,1000081000,1000,200,1001,1000,200,1001,0,0,0,185.00,255.10,346.50,1722.80,192.00,403.00,1000,200,1000,1000,200,1000,62036.50,80608.80,83914.50,100547.10,63746.00,86532.55,24.73,35.27,200,200,200,999.92,999.96,999.92,999.92,999.96,999.92,1.00,1.00,False,,False,,0,0,0,0,0,True,0,,0.00,0.00,0,0,True,,200000000,200001344,3599439146,True,0.0000,True,True,True,
run_2026-07-30T11-00-12_42,interference_sleep_preparation_500ms,sleep_preparation,500000000,1,4,42,1000.00,1498634354249,1499634433679,1499634437235,1500134522262,1500134526630,1501134607767,1000079430,500085027,1000081137,1000,500,1001,1000,500,1001,0,0,0,196.00,3179.10,192.50,374.20,192.00,602.00,1000,500,1000,1000,500,1000,63457.00,117110.70,63181.50,86147.80,64130.00,85478.30,-26.44,-0.43,500,500,500,999.92,999.83,999.92,999.92,999.83,999.92,1.00,1.00,False,,False,,0,0,0,0,0,True,0,,0.00,0.00,0,0,True,,500000000,500082229,,True,0.0002,True,True,True,
run_2026-07-30T11-00-12_42,interference_no_candidate_preparation_200ms,no_candidate_preparation,200000000,1,5,42,1000.00,1501806140335,1502806219019,1502806221725,1503006330673,1503006334232,1504006423044,1000078684,200108948,1000088812,1000,200,1002,1000,200,1002,0,0,0,200.00,358.10,203.00,370.85,210.00,575.75,1000,200,1001,1000,200,1000,62445.00,78984.85,64446.50,76544.95,65012.00,87907.00,-3.09,3.21,200,,200,999.92,999.46,1000.91,999.92,999.46,999.91,1.00,1.00,False,,False,,0,0,0,0,0,True,0,,0.00,0.00,0,0,True,,,0,,True,0.0000,True,True,True,
run_2026-07-30T11-00-12_42,interference_cpu_bound_preparation_500ms,cpu_bound_preparation,500000000,1,6,42,1000.00,1504684759779,1505684841246,1505684844926,1506184857555,1506184859571,1507184939302,1000081467,500012629,1000079731,1000,500,1001,1000,500,1001,0,0,0,208.50,1533.40,349.00,489.15,202.00,1633.00,1000,500,1000,1000,500,1000,66896.00,85239.30,91599.50,107000.30,66373.50,88729.75,25.53,36.93,500,500,500,999.92,999.97,999.92,999.92,999.97,999.92,1.00,1.00,False,,False,,0,0,0,0,0,True,0,,0.00,0.00,0,0,True,,500000000,500002093,46259114,True,0.0000,True,True,True,
run_2026-07-30T11-00-12_42,interference_no_candidate_preparation_500ms,no_candidate_preparation,500000000,2,1,42,1000.00,1507872812883,1508872898332,1508872901556,1509372985607,1509372988869,1510373037109,1000085449,500084051,1000048240,999,500,1001,999,500,1001,1,0,0,209.00,2627.20,212.50,3146.20,195.00,313.00,999,500,1000,999,500,1000,70413.00,104168.30,69876.50,138253.50,65448.50,85533.15,32.72,-0.76,500,,500,998.91,999.83,999.95,998.91,999.83,999.95,1.00,1.00,False,,False,,0,0,0,0,0,True,0,,0.00,0.00,0,0,True,,,0,,True,0.0000,True,True,True,
run_2026-07-30T11-00-12_42,interference_no_candidate_preparation_200ms,no_candidate_preparation,200000000,2,2,42,1000.00,1511044366904,1512044464898,1512044469134,1512244555889,1512244558840,1513244647152,1000097994,200086755,1000088312,1000,201,1001,1000,201,1001,0,0,0,209.00,867.75,211.00,4766.00,203.00,1436.00,1000,201,1000,1000,200,1001,66952.00,85959.90,68772.00,97387.00,65503.50,85720.10,13.29,2.72,200,,200,999.90,1004.56,999.91,999.90,999.57,1000.91,1.00,1.00,False,,False,,0,1,1,1,0,True,0,,0.00,0.00,0,0,True,,,0,,True,0.0000,True,True,True,
run_2026-07-30T11-00-12_42,interference_cpu_bound_preparation_200ms,cpu_bound_preparation,200000000,2,3,42,1000.00,1513913897234,1514913978733,1514913982447,1515113985047,1515113987128,1516114048563,1000081499,200002600,1000061435,1000,200,1001,1000,200,1001,0,0,0,196.00,371.55,337.50,449.20,194.00,361.00,1000,200,1000,1000,200,1000,63026.50,82625.85,85378.00,101009.20,61826.00,80668.55,22.25,35.46,200,200,200,999.92,999.99,999.94,999.92,999.99,999.94,1.00,1.00,False,,False,,0,0,0,0,0,True,0,,0.00,0.00,0,0,True,,200000000,200000265,2096619018,True,0.0000,True,True,True,
run_2026-07-30T11-00-12_42,interference_sleep_preparation_500ms,sleep_preparation,500000000,2,4,42,1000.00,1516782309230,1517782399686,1517782403576,1518282489440,1518282492484,1519282572419,1000090456,500085864,1000079935,1000,500,1001,1000,500,1001,0,0,0,196.00,400.85,197.50,313.40,198.00,2657.00,1001,500,1000,1000,501,1000,62649.00,84200.00,60400.50,78275.95,62691.50,122250.65,-7.04,-3.59,501,501,501,1000.91,999.83,999.92,999.91,1001.83,999.92,1.00,1.00,False,,False,,1,0,0,0,0,True,0,,0.00,0.00,0,0,True,,500000000,500085240,,True,0.0002,True,True,True,
run_2026-07-30T11-00-12_42,interference_cpu_bound_preparation_500ms,cpu_bound_preparation,500000000,2,5,42,1000.00,1519958631218,1520958718954,1520958722251,1521458724744,1521458726546,1522458807929,1000087736,500002493,1000081383,1000,500,1001,1000,500,1001,0,0,0,190.00,288.75,350.50,481.40,192.00,279.00,1000,500,1000,1000,500,1000,63946.50,81735.70,84726.00,101940.00,63463.00,78876.85,24.72,32.50,500,500,500,999.91,1000.00,999.92,999.91,1000.00,999.92,1.00,1.00,False,,False,,0,0,0,0,0,True,0,,0.00,0.00,0,0,True,,500000000,500000227,3015889962,True,0.0000,True,True,True,
run_2026-07-30T11-00-12_42,interference_sleep_preparation_200ms,sleep_preparation,200000000,2,6,42,1000.00,1523124524236,1524124606478,1524124609888,1524324690721,1524324693434,1525324802709,1000082242,200080833,1000109275,1000,200,1001,1000,200,1001,0,0,0,195.00,333.15,223.50,2228.80,234.00,3915.00,1000,200,1000,1000,200,1000,62661.00,80791.05,70841.00,110423.00,72046.00,155892.75,36.68,13.05,200,200,200,999.92,999.60,999.89,999.92,999.60,999.89,1.00,1.00,False,,False,,0,0,0,0,0,True,0,,0.00,0.00,0,0,True,,200000000,200080361,,True,0.0004,True,True,True,
run_2026-07-30T11-00-12_42,interference_no_candidate_preparation_500ms,no_candidate_preparation,500000000,3,1,42,1000.00,1525988480939,1526988539265,1526988543228,1527488628988,1527488632317,1528488726435,1000058326,500085760,1000094118,1001,500,1001,1001,500,1001,0,0,0,190.00,259.00,198.50,611.15,192.00,260.00,1000,501,1000,1000,500,1001,58801.50,76303.00,60592.00,80321.00,59210.50,75439.05,5.27,3.04,500,,500,999.94,1001.83,999.91,999.94,999.83,1000.91,1.00,1.00,False,,False,,0,1,1,1,0,True,-1,,0.00,0.00,0,0,True,,,0,,True,0.0000,True,True,True,
run_2026-07-30T11-00-12_42,interference_sleep_preparation_200ms,sleep_preparation,200000000,3,2,42,1000.00,1529158206732,1530158295694,1530158299634,1530358385475,1530358389363,1531358479700,1000088962,200085841,1000090337,1001,200,1001,1001,200,1001,0,0,0,198.00,282.00,194.00,496.90,196.00,550.00,1000,201,1000,1000,200,1001,62017.50,80586.05,61375.00,93180.00,60611.50,80844.05,15.63,-1.04,200,200,200,999.91,1004.57,999.91,999.91,999.57,1000.91,1.00,1.00,False,,False,,0,1,1,1,0,True,-1,,0.00,0.00,0,0,True,,200000000,200085024,,True,0.0004,True,True,True,
run_2026-07-30T11-00-12_42,interference_cpu_bound_preparation_200ms,cpu_bound_preparation,200000000,3,3,42,1000.00,1532022728619,1533022808228,1533022811206,1533222813665,1533222815477,1534222895703,1000079609,200002459,1000080226,1000,199,1001,1000,199,1001,0,1,0,922.00,12871.70,327.00,844.30,1414.00,14207.00,1000,199,1000,1000,199,1000,60971.50,77232.05,79709.00,107242.60,62416.50,77650.25,38.86,30.73,199,199,199,999.92,994.99,999.92,999.92,994.99,999.92,1.00,1.00,False,,False,,0,0,0,0,0,True,0,,0.00,0.17,0,0,True,,200000000,200000197,461753450,True,0.0000,True,True,True,
run_2026-07-30T11-00-12_42,interference_no_candidate_preparation_200ms,no_candidate_preparation,200000000,3,4,42,1000.00,1534890596231,1535890676500,1535890679767,1536090757510,1536090760187,1537090838607,1000080269,200077743,1000078420,1000,200,1001,1000,200,1001,0,0,0,193.00,338.75,184.00,256.35,190.00,273.00,1000,200,1000,1000,200,1000,60554.50,81514.95,59363.00,72120.40,60000.50,75251.15,-11.52,-1.97,200,,200,999.92,999.61,999.92,999.92,999.61,999.92,1.00,1.00,False,,False,,0,0,0,0,0,True,0,,0.00,0.00,0,0,True,,,0,,True,0.0000,True,True,True,
run_2026-07-30T11-00-12_42,interference_sleep_preparation_500ms,sleep_preparation,500000000,3,5,42,1000.00,1537752884323,1538752965259,1538752967953,1539253048953,1539253051778,1540253133647,1000080936,500081000,1000081869,1000,500,1001,1000,500,1001,0,0,0,189.00,304.35,194.00,511.00,189.00,359.00,1000,500,1000,1000,500,1000,63022.50,77553.35,63440.00,122276.50,62583.50,82902.20,57.67,0.66,500,500,500,999.92,999.84,999.92,999.92,999.84,999.92,1.00,1.00,False,,False,,0,0,0,0,0,True,0,,0.00,0.00,0,0,True,,500000000,500080386,,True,0.0002,True,True,True,
run_2026-07-30T11-00-12_42,interference_cpu_bound_preparation_500ms,cpu_bound_preparation,500000000,3,6,42,1000.00,1540921128288,1541921226292,1541921230543,1542421234001,1542421236781,1543421405309,1000098004,500003458,1000168528,1000,498,1002,1000,498,1002,0,2,0,193.00,324.30,325.50,517.65,191.00,241.00,1000,498,1001,1000,498,1001,64184.00,84267.45,82398.00,100676.80,61614.00,74492.00,19.47,28.38,498,498,498,999.90,995.99,1000.83,999.90,995.99,1000.83,1.00,1.00,False,,False,,0,0,0,0,0,True,0,,0.00,0.00,0,0,True,,500000000,500000458,3021678890,True,0.0000,True,True,True,
run_2026-07-30T11-00-12_42,interference_sleep_preparation_200ms,sleep_preparation,200000000,4,1,42,1000.00,1544090538217,1545090617137,1545090620641,1545290700304,1545290703198,1546290800471,1000078920,200079663,1000097273,1000,200,1001,1000,200,1001,0,0,0,203.00,5816.20,193.50,570.60,198.00,407.00,1000,200,1000,1000,200,1000,60937.50,82040.40,61989.00,80649.35,60458.50,81014.75,-1.70,1.73,200,200,200,999.92,999.60,999.90,999.92,999.60,999.90,1.00,1.00,False,,False,,0,0,0,0,0,True,0,,0.00,0.00,0,0,True,,200000000,200078997,,True,0.0004,True,True,True,
run_2026-07-30T11-00-12_42,interference_cpu_bound_preparation_200ms,cpu_bound_preparation,200000000,4,2,42,1000.00,1546951863353,1547951945107,1547951948123,1548151951023,1548151952804,1549152041509,1000081754,200002900,1000088705,1000,200,1001,1000,200,1001,0,0,0,190.50,285.00,313.00,412.05,194.00,521.00,1000,200,1000,1000,200,1000,60151.00,75305.10,80679.00,91516.65,59997.50,111756.75,21.53,34.13,200,200,200,999.92,999.99,999.91,999.92,999.99,999.91,1.00,1.00,False,,False,,0,0,0,0,0,True,0,,0.00,0.00,0,0,True,,200000000,200000255,331399434,True,0.0000,True,True,True,
run_2026-07-30T11-00-12_42,interference_no_candidate_preparation_500ms,no_candidate_preparation,500000000,4,3,42,1000.00,1549815346263,1550815429574,1550815433573,1551315521419,1551315524794,1552315609544,1000083311,500087846,1000084750,1000,500,1001,1000,500,1001,0,0,0,188.00,273.05,187.00,288.50,187.00,265.00,1001,500,1000,1000,501,1000,58793.00,75883.00,58174.50,81206.05,57524.50,73825.30,7.01,-1.05,501,,501,1000.92,999.82,999.92,999.92,1001.82,999.92,1.00,1.00,False,,False,,1,0,0,0,0,True,0,,0.00,0.00,0,0,True,,,0,,True,0.0000,True,True,True,
run_2026-07-30T11-00-12_42,interference_sleep_preparation_500ms,sleep_preparation,500000000,4,4,42,1000.00,1552984246360,1553984333093,1553984336907,1554484419751,1554484423502,1555484502686,1000086733,500082844,1000079184,1001,500,1001,1001,500,1001,0,0,0,188.00,262.00,186.00,303.00,187.00,254.00,1000,501,1000,1000,500,1001,59731.00,77737.30,59567.00,75212.00,58502.00,74320.30,-3.25,-0.27,500,500,500,999.91,1001.83,999.92,999.91,999.83,1000.92,1.00,1.00,False,,False,,0,1,1,1,0,True,-1,,0.00,0.00,0,0,True,,500000000,500082129,,True,0.0002,True,True,True,
run_2026-07-30T11-00-12_42,interference_cpu_bound_preparation_500ms,cpu_bound_preparation,500000000,4,5,42,1000.00,1556150535788,1557150613252,1557150616632,1557650618999,1557650621167,1558650698407,1000077464,500002367,1000077240,1000,500,1001,1000,500,1001,0,0,0,189.00,285.15,328.00,504.75,184.00,260.00,1000,500,1000,1000,500,1000,58298.00,79233.00,79807.00,113077.45,57874.50,80978.95,42.72,36.89,500,500,500,999.92,1000.00,999.92,999.92,1000.00,999.92,1.00,1.00,False,,False,,0,0,0,0,0,True,0,,0.00,0.00,0,0,True,,500000000,500000293,372319818,True,0.0000,True,True,True,
run_2026-07-30T11-00-12_42,interference_no_candidate_preparation_200ms,no_candidate_preparation,200000000,4,6,42,1000.00,1559322122777,1560322216865,1560322220587,1560522254674,1560522257484,1561522338962,1000094088,200034087,1000081478,1000,200,1002,1000,200,1002,0,0,0,188.00,254.00,183.50,244.10,188.00,268.85,1000,200,1001,1000,200,1000,59992.50,74724.80,59855.50,74208.35,60558.00,75178.00,-0.69,-0.23,200,,200,999.91,999.83,1000.92,999.91,999.83,999.92,1.00,1.00,False,,False,,0,0,0,0,0,True,0,,0.00,0.00,0,0,True,,,0,,True,0.0000,True,True,True,
run_2026-07-30T11-00-12_42,interference_sleep_preparation_200ms,sleep_preparation,200000000,5,1,42,1000.00,1562187045583,1563187123990,1563187126841,1563387203224,1563387206387,1564387283038,1000078407,200076383,1000076651,1000,200,1001,1000,200,1001,0,0,0,187.00,277.05,190.50,280.00,189.00,270.00,1000,200,1000,1000,200,1000,58679.00,75357.15,57068.00,91384.15,57898.00,71573.35,21.27,-2.75,200,200,200,999.92,999.62,999.92,999.92,999.62,999.92,1.00,1.00,False,,False,,0,0,0,0,0,True,0,,0.00,0.00,0,0,True,,200000000,200076002,,True,0.0004,True,True,True,
run_2026-07-30T11-00-12_42,interference_no_candidate_preparation_500ms,no_candidate_preparation,500000000,5,2,42,1000.00,1565048496216,1566048574225,1566048577219,1566548654198,1566548657180,1567548733129,1000078009,500076979,1000075949,1000,500,1001,1000,500,1001,0,0,0,187.00,255.15,192.00,401.25,185.00,256.00,1000,500,1000,1000,500,1000,56922.00,73029.70,58593.00,81695.45,57741.00,73835.45,11.87,2.94,500,,500,999.92,999.85,999.92,999.92,999.85,999.92,1.00,1.00,False,,False,,0,0,0,0,0,True,0,,0.00,0.00,0,0,True,,,0,,True,0.0000,True,True,True,
run_2026-07-30T11-00-12_42,interference_cpu_bound_preparation_200ms,cpu_bound_preparation,200000000,5,3,42,1000.00,1568220754537,1569220836635,1569220839134,1569420841874,1569420844009,1570420935627,1000082098,200002740,1000091618,1000,200,1001,1000,200,1001,0,0,0,200.00,1206.45,328.00,443.70,197.00,331.00,1000,200,1000,1000,200,1000,60836.00,120059.00,82522.50,96534.20,63073.50,79448.75,-19.59,35.65,200,200,200,999.92,999.99,999.91,999.92,999.99,999.91,1.00,1.00,False,,False,,0,0,0,0,0,True,0,,0.00,0.00,0,0,True,,200000000,200000315,2248605098,True,0.0000,True,True,True,
run_2026-07-30T11-00-12_42,interference_no_candidate_preparation_200ms,no_candidate_preparation,200000000,5,4,42,1000.00,1571096408865,1572096494088,1572096497024,1572296577721,1572296580336,1573296663420,1000085223,200080697,1000083084,1000,200,1001,1000,200,1001,0,0,0,197.00,340.00,199.00,462.25,197.00,349.00,1000,200,1000,1000,200,1000,62772.00,76903.80,62683.50,77100.25,61478.00,73781.10,0.26,-0.14,200,,200,999.91,999.60,999.92,999.91,999.60,999.92,1.00,1.00,False,,False,,0,0,0,0,0,True,0,,0.00,0.00,0,0,True,,,0,,True,0.0000,True,True,True,
run_2026-07-30T11-00-12_42,interference_cpu_bound_preparation_500ms,cpu_bound_preparation,500000000,5,5,42,1000.00,1573959430300,1574959513667,1574959516774,1575459519792,1575459521811,1576459604157,1000083367,500003018,1000082346,1000,500,1001,1000,500,1001,0,0,0,196.00,466.90,332.00,492.60,195.00,407.00,1000,500,1000,1000,500,1000,64553.00,82536.30,82569.00,98346.10,64081.00,86663.40,19.15,27.91,500,500,500,999.92,999.99,999.92,999.92,999.99,999.92,1.00,1.00,False,,False,,0,0,0,0,0,True,0,,0.00,0.00,0,0,True,,500000000,500000356,2823553031,True,0.0000,True,True,True,
run_2026-07-30T11-00-12_42,interference_sleep_preparation_500ms,sleep_preparation,500000000,5,6,42,1000.00,1577121571530,1578121657375,1578121660715,1578621747022,1578621749889,1579621806335,1000085845,500086307,1000056446,1000,500,1000,1000,500,1000,0,0,1,194.00,276.00,192.00,686.15,211.00,7552.65,1000,500,999,1000,500,999,63727.50,79626.65,63787.50,84213.30,66927.00,136137.70,5.76,0.09,500,500,500,999.91,999.83,998.94,999.91,999.83,998.94,1.00,1.00,False,,False,,0,0,0,0,0,True,0,,0.00,0.00,0,0,True,,500000000,500085871,,True,0.0002,True,True,True,
run_2026-07-30T11-00-12_42,interference_cpu_bound_preparation_200ms,cpu_bound_preparation,200000000,6,1,42,1000.00,1580283787769,1581283872790,1581283875689,1581483878155,1581483880116,1582483958562,1000085021,200002466,1000078446,1000,200,1001,1000,200,1001,0,0,0,182.00,242.00,309.50,402.05,182.00,252.00,1000,200,1000,1000,200,1000,59744.50,75768.30,79820.00,92370.00,61752.00,80055.10,21.91,33.60,200,200,200,999.91,999.99,999.92,999.91,999.99,999.92,1.00,1.00,False,,False,,0,0,0,0,0,True,0,,0.00,0.00,0,0,True,,200000000,200000195,52565674,True,0.0000,True,True,True,
run_2026-07-30T11-00-12_42,interference_sleep_preparation_200ms,sleep_preparation,200000000,6,2,42,1000.00,1583141715140,1584141801082,1584141804067,1584341886844,1584341890082,1585341971931,1000085942,200082777,1000081849,1000,200,1001,1000,200,1001,0,0,0,191.00,265.10,211.00,493.95,230.00,706.00,1000,200,1000,1000,200,1000,58924.00,74448.05,67567.50,82849.65,68687.50,135343.20,11.29,14.67,200,200,200,999.91,999.59,999.92,999.91,999.59,999.92,1.00,1.00,False,,False,,0,0,0,0,0,True,0,,0.00,0.00,0,0,True,,200000000,200082368,,True,0.0004,True,True,True,
run_2026-07-30T11-00-12_42,interference_no_candidate_preparation_200ms,no_candidate_preparation,200000000,6,3,42,1000.00,1586007658723,1587007740356,1587007742874,1587207822848,1587207825353,1588207907452,1000081633,200079974,1000082099,1000,200,1001,1000,200,1001,0,0,0,1618.00,11065.20,1238.00,12258.50,1375.00,9957.00,1000,200,1000,1000,200,1000,62478.00,77756.15,62747.50,76828.70,61959.50,74389.90,-1.19,0.43,200,,200,999.92,999.60,999.92,999.92,999.60,999.92,1.00,1.00,False,,False,,0,0,0,0,0,True,0,,0.00,0.00,0,0,True,,,0,,True,0.0000,True,True,True,
run_2026-07-30T11-00-12_42,interference_no_candidate_preparation_500ms,no_candidate_preparation,500000000,6,4,42,1000.00,1588874189164,1589874284996,1589874289578,1590374372522,1590374374734,1591374457261,1000095832,500082944,1000082527,999,500,1001,999,500,1001,1,0,0,192.00,600.10,190.00,339.10,187.00,279.00,999,500,1000,999,500,1000,60306.00,104531.30,62050.50,83677.40,59592.50,78312.35,-19.95,2.89,500,,500,998.90,999.83,999.92,998.90,999.83,999.92,1.00,1.00,False,,False,,0,0,0,0,0,True,0,,0.00,0.00,0,0,True,,,0,,True,0.0000,True,True,True,
run_2026-07-30T11-00-12_42,interference_sleep_preparation_500ms,sleep_preparation,500000000,6,5,42,1000.00,1592045297799,1593045381154,1593045384144,1593545461555,1593545464766,1594545546427,1000083355,500077411,1000081661,1000,500,1001,1000,500,1001,0,0,0,190.00,275.10,191.00,342.60,194.00,352.00,1000,500,1000,1000,500,1000,61684.00,78612.35,62786.00,80928.75,63107.00,82613.25,2.95,1.79,500,500,500,999.92,999.85,999.92,999.92,999.85,999.92,1.00,1.00,False,,False,,0,0,0,0,0,True,0,,0.00,0.00,0,0,True,,500000000,500076813,,True,0.0002,True,True,True,
run_2026-07-30T11-00-12_42,interference_cpu_bound_preparation_500ms,cpu_bound_preparation,500000000,6,6,42,1000.00,1595215397431,1596215483109,1596215485965,1596715488745,1596715490757,1597715568079,1000085678,500002780,1000077322,1000,500,1001,1000,500,1001,0,0,0,191.00,264.05,325.00,460.30,188.00,257.00,1000,500,1000,1000,500,1000,59524.00,76999.90,81368.50,99449.95,58727.00,72148.20,29.16,36.70,500,500,500,999.91,999.99,999.92,999.91,999.99,999.92,1.00,1.00,False,,False,,0,0,0,0,0,True,0,,0.00,0.00,0,0,True,,500000000,500000278,3567537031,True,0.0000,True,True,True,
run_2026-07-30T11-00-12_42,interference_cpu_bound_preparation_500ms,cpu_bound_preparation,500000000,7,1,42,1000.00,1598383356477,1599383438393,1599383441670,1599883444941,1599883447099,1600883525822,1000081916,500003271,1000078723,1000,500,1001,1000,500,1001,0,0,0,197.50,445.20,327.50,450.35,192.00,258.00,1000,500,1000,1000,500,1000,59840.50,105398.85,80161.50,95492.70,58319.50,69554.45,-9.40,33.96,500,500,500,999.92,999.99,999.92,999.92,999.99,999.92,1.00,1.00,False,,False,,0,0,0,0,0,True,0,,0.00,0.00,0,0,True,,500000000,500000225,1044897354,True,0.0000,True,True,True,
run_2026-07-30T11-00-12_42,interference_sleep_preparation_200ms,sleep_preparation,200000000,7,2,42,1000.00,1601550595380,1602550675147,1602550678276,1602750756927,1602750760078,1603750839888,1000079767,200078651,1000079810,1000,200,1001,1000,200,1001,0,0,0,191.00,270.00,186.00,336.70,188.00,279.00,1000,200,1000,1000,200,1000,58063.00,73119.40,57445.00,70766.00,59205.50,75564.15,-3.22,-1.06,200,200,200,999.92,999.61,999.92,999.92,999.61,999.92,1.00,1.00,False,,False,,0,0,0,0,0,True,0,,0.00,0.00,0,0,True,,200000000,200078271,,True,0.0004,True,True,True,
run_2026-07-30T11-00-12_42,interference_no_candidate_preparation_500ms,no_candidate_preparation,500000000,7,3,42,1000.00,1604416908928,1605416989988,1605416993063,1605917043258,1605917049580,1606917140451,1000081060,500050195,1000090871,1000,500,1001,1000,500,1001,0,0,0,189.00,285.05,187.00,254.15,192.00,368.00,1000,500,1000,1000,500,1000,62143.50,78541.70,62727.50,76430.50,62821.00,82710.70,-2.69,0.94,500,,500,999.92,999.90,999.91,999.92,999.90,999.91,1.00,1.00,False,,False,,0,0,0,0,0,True,0,,0.00,0.00,0,0,True,,,0,,True,0.0000,True,True,True,
run_2026-07-30T11-00-12_42,interference_no_candidate_preparation_200ms,no_candidate_preparation,200000000,7,4,42,1000.00,1607585483865,1608585566845,1608585569656,1608785649575,1608785652105,1609785733525,1000082980,200079919,1000081420,1000,200,1001,1000,200,1001,0,0,0,191.00,305.10,186.00,357.00,192.00,530.00,1000,200,1000,1000,200,1000,60449.00,78764.50,59837.00,78492.25,61130.00,107439.30,-0.35,-1.01,200,,200,999.92,999.60,999.92,999.92,999.60,999.92,1.00,1.00,False,,False,,0,0,0,0,0,True,0,,0.00,0.00,0,0,True,,,0,,True,0.0000,True,True,True,
run_2026-07-30T11-00-12_42,interference_cpu_bound_preparation_200ms,cpu_bound_preparation,200000000,7,5,42,1000.00,1610466844416,1611466929931,1611466933135,1611666935653,1611666937544,1612667043490,1000085515,200002518,1000105946,1000,200,1001,1000,200,1001,0,0,0,198.00,399.75,343.00,481.20,187.00,285.00,1000,200,1000,1000,200,1000,63850.50,85747.05,82864.50,104885.85,62841.00,80606.90,22.32,29.78,200,200,200,999.91,999.99,999.89,999.91,999.99,999.89,1.00,1.00,False,,False,,0,0,0,0,0,True,0,,0.00,0.00,0,0,True,,200000000,200000304,533543306,True,0.0000,True,True,True,
run_2026-07-30T11-00-12_42,interference_sleep_preparation_500ms,sleep_preparation,500000000,7,6,42,1000.00,1613325330237,1614325409487,1614325412470,1614825491475,1614825494549,1615825573912,1000079250,500079005,1000079363,1000,500,1001,1000,500,1001,0,0,0,185.00,253.05,190.00,324.15,191.00,262.00,1000,500,1000,1000,500,1000,61191.00,75436.40,62461.00,73418.85,62128.50,76742.60,-2.67,2.08,500,500,500,999.92,999.84,999.92,999.92,999.84,999.92,1.00,1.00,False,,False,,0,0,0,0,0,True,0,,0.00,0.00,0,0,True,,500000000,500078534,,True,0.0002,True,True,True,
run_2026-07-30T11-00-12_42,interference_sleep_preparation_500ms,sleep_preparation,500000000,8,1,42,1000.00,1616494201634,1617494282759,1617494285877,1617994368987,1617994371880,1618994451175,1000081125,500083110,1000079295,1000,500,1001,1000,500,1001,0,0,0,188.00,250.05,190.00,243.05,191.00,292.00,1000,500,1000,1000,500,1000,58737.50,71997.60,58559.50,69810.25,58908.50,77395.15,-3.04,-0.30,500,500,500,999.92,999.83,999.92,999.92,999.83,999.92,1.00,1.00,False,,False,,0,0,0,0,0,True,0,,0.00,0.00,0,0,True,,500000000,500082697,,True,0.0002,True,True,True,
run_2026-07-30T11-00-12_42,interference_no_candidate_preparation_500ms,no_candidate_preparation,500000000,8,2,42,1000.00,1619676953656,1620677043166,1620677046206,1621177127180,1621177129423,1622177217781,1000089510,500080974,1000088358,1000,500,1001,1000,500,1001,0,0,0,190.00,290.30,187.00,342.35,185.00,302.00,1000,500,1000,1000,500,1000,62555.00,78879.75,62616.00,79081.10,62263.00,80790.85,0.26,0.10,500,,500,999.91,999.84,999.91,999.91,999.84,999.91,1.00,1.00,False,,False,,0,0,0,0,0,True,0,,0.00,0.00,0,0,True,,,0,,True,0.0000,True,True,True,
run_2026-07-30T11-00-12_42,interference_no_candidate_preparation_200ms,no_candidate_preparation,200000000,8,3,42,1000.00,1622846558175,1623846645825,1623846649154,1624046729488,1624046731860,1625046820219,1000087650,200080334,1000088359,1000,200,1001,1000,200,1001,0,0,0,199.00,289.00,184.50,241.20,187.00,251.00,1000,200,1000,1000,200,1000,65749.50,84580.45,59735.00,72495.20,60167.00,75243.80,-14.29,-9.15,200,,200,999.91,999.60,999.91,999.91,999.60,999.91,1.00,1.00,False,,False,,0,0,0,0,0,True,0,,0.00,0.00,0,0,True,,,0,,True,0.0000,True,True,True,
run_2026-07-30T11-00-12_42,interference_sleep_preparation_200ms,sleep_preparation,200000000,8,4,42,1000.00,1625708642202,1626708723924,1626708727060,1626908807043,1626908810565,1627908890699,1000081722,200079983,1000080134,1000,200,1001,1000,200,1001,0,0,0,188.50,252.00,181.00,239.45,188.00,292.00,1000,200,1000,1000,200,1000,57710.00,69680.90,57716.50,67153.35,59204.00,73182.05,-3.63,0.01,200,200,200,999.92,999.60,999.92,999.92,999.60,999.92,1.00,1.00,False,,False,,0,0,0,0,0,True,0,,0.00,0.00,0,0,True,,200000000,200079601,,True,0.0004,True,True,True,
run_2026-07-30T11-00-12_42,interference_cpu_bound_preparation_500ms,cpu_bound_preparation,500000000,8,5,42,1000.00,1628571577431,1629571655177,1629571658445,1630071661240,1630071663313,1631071741491,1000077746,500002795,1000078178,999,500,1001,999,500,1001,1,0,0,196.00,696.30,320.50,431.05,187.00,257.00,999,500,1000,999,500,1000,60721.00,114250.70,80520.00,95805.05,58721.00,74200.55,-16.14,32.61,500,500,500,998.92,999.99,999.92,998.92,999.99,999.92,1.00,1.00,False,,False,,0,0,0,0,0,True,0,,0.00,0.00,0,0,True,,500000000,500000314,880073098,True,0.0000,True,True,True,
run_2026-07-30T11-00-12_42,interference_cpu_bound_preparation_200ms,cpu_bound_preparation,200000000,8,6,42,1000.00,1631739356457,1632739439343,1632739442303,1632939445181,1632939447074,1633939527343,1000082886,200002878,1000080269,1000,200,1001,1000,200,1001,0,0,0,187.00,300.00,316.50,412.35,188.00,263.00,1000,200,1000,1000,200,1000,60022.50,75409.40,79849.00,93365.60,59621.00,72820.15,23.81,33.03,200,200,200,999.92,999.99,999.92,999.92,999.99,999.92,1.00,1.00,False,,False,,0,0,0,0,0,True,0,,0.00,0.00,0,0,True,,200000000,200000326,3348314666,True,0.0000,True,True,True,
run_2026-07-30T11-00-12_42,interference_cpu_bound_preparation_200ms,cpu_bound_preparation,200000000,9,1,42,1000.00,1634599401889,1635599486190,1635599489270,1635799492583,1635799494469,1636799574143,1000084301,200003313,1000079674,1000,200,1001,1000,200,1001,0,0,0,187.00,248.00,320.00,412.15,194.00,312.00,1000,200,1000,1000,200,1000,62960.00,80699.30,78954.50,92829.55,64579.50,86506.15,15.03,25.40,200,200,200,999.92,999.98,999.92,999.92,999.98,999.92,1.00,1.00,False,,False,,0,0,0,0,0,True,0,,0.00,0.00,0,0,True,,200000000,200000337,3369654154,True,0.0000,True,True,True,
run_2026-07-30T11-00-12_42,interference_sleep_preparation_200ms,sleep_preparation,200000000,9,2,42,1000.00,1637474818389,1638474909223,1638474914566,1638674998151,1638675029903,1639675112871,1000090834,200083585,1000082968,1000,200,1000,1000,200,1000,0,0,1,196.00,274.05,179.50,234.00,191.00,469.70,1000,200,999,1001,200,999,62913.00,86964.20,59180.00,77538.90,60059.00,109802.20,-10.84,-5.93,200,200,200,999.91,999.58,998.92,1000.91,999.58,998.92,1.00,1.00,False,,False,,0,0,0,0,0,True,0,,0.00,0.00,0,0,True,,200000000,200082303,,True,0.0004,True,True,True,
run_2026-07-30T11-00-12_42,interference_sleep_preparation_500ms,sleep_preparation,500000000,9,3,42,1000.00,1640339488060,1641339574796,1641339578189,1641839658390,1641839661131,1642839740403,1000086736,500080201,1000079272,1000,500,1001,1000,500,1001,0,0,0,194.00,331.10,193.00,294.05,185.00,265.00,1000,500,1000,1000,500,1000,63631.00,82005.65,63461.50,77552.00,61472.50,74231.75,-5.43,-0.27,500,500,500,999.91,999.84,999.92,999.91,999.84,999.92,1.00,1.00,False,,False,,0,0,0,0,0,True,0,,0.00,0.00,0,0,True,,500000000,500079508,,True,0.0002,True,True,True,
run_2026-07-30T11-00-12_42,interference_no_candidate_preparation_500ms,no_candidate_preparation,500000000,9,4,42,1000.00,1643507552858,1644507634055,1644507636982,1645007725280,1645007729222,1646007808172,1000081197,500088298,1000078950,1000,500,1000,1000,500,1000,0,0,1,192.50,275.10,435.50,5651.30,193.50,435.00,1000,500,999,1000,500,999,58913.00,77139.60,121228.50,155056.60,60443.00,107387.00,101.01,105.78,500,,500,999.92,999.82,998.92,999.92,999.82,998.92,1.00,1.00,False,,False,,0,0,0,0,0,True,0,,0.00,0.00,0,0,True,,,0,,True,0.0000,True,True,True,
run_2026-07-30T11-00-12_42,interference_cpu_bound_preparation_500ms,cpu_bound_preparation,500000000,9,5,42,1000.00,1646673397076,1647673479216,1647673483732,1648173487131,1648173489801,1649173577966,1000082140,500003399,1000088165,1001,496,1001,1001,496,1001,0,4,0,187.00,259.00,312.00,416.00,191.00,426.00,1001,496,1000,1000,496,1001,57935.00,73085.00,79170.00,91625.25,57914.00,117818.25,25.37,36.65,496,496,496,1000.92,991.99,999.91,999.92,991.99,1000.91,0.99,0.99,False,,False,,1,1,1,1,0,True,0,,0.00,0.00,0,0,True,,500000000,500000232,3629225226,True,0.0000,True,True,True,
run_2026-07-30T11-00-12_42,interference_no_candidate_preparation_200ms,no_candidate_preparation,200000000,9,6,42,1000.00,1649838316087,1650838393797,1650838397087,1651038472678,1651038475042,1652038570146,1000077710,200075591,1000095104,1000,200,1001,1000,200,1001,0,0,0,188.50,256.25,182.00,249.35,186.00,257.00,1000,200,1000,1000,200,1000,56879.50,73336.30,56512.00,68596.60,56606.50,71247.60,-6.46,-0.65,200,,200,999.92,999.62,999.90,999.92,999.62,999.90,1.00,1.00,False,,False,,0,0,0,0,0,True,0,,0.00,0.00,0,0,True,,,0,,True,0.0000,True,True,True,
run_2026-07-30T11-00-12_42,interference_no_candidate_preparation_500ms,no_candidate_preparation,500000000,10,1,42,1000.00,1652698523086,1653698602440,1653698605729,1654198682676,1654198684734,1655198762893,1000079354,500076947,1000078159,1000,500,1001,1000,500,1001,0,0,0,185.50,249.15,183.00,262.20,187.00,265.00,1000,500,1000,1000,500,1000,59469.00,75031.15,59781.50,72317.15,60133.50,75511.30,-3.62,0.53,500,,500,999.92,999.85,999.92,999.92,999.85,999.92,1.00,1.00,False,,False,,0,0,0,0,0,True,0,,0.00,0.00,0,0,True,,,0,,True,0.0000,True,True,True,
run_2026-07-30T11-00-12_42,interference_sleep_preparation_200ms,sleep_preparation,200000000,10,2,42,1000.00,1655868223976,1656868302175,1656868304947,1657068383701,1657068386193,1658068486013,1000078199,200078754,1000099820,1000,200,1001,1000,200,1001,0,0,0,186.50,250.00,184.00,235.40,193.00,346.00,1000,200,1000,1000,200,1000,57514.50,72820.55,57058.50,71283.10,60856.00,81521.95,-2.11,-0.79,200,200,200,999.92,999.61,999.90,999.92,999.61,999.90,1.00,1.00,False,,False,,0,0,0,0,0,True,0,,0.00,0.00,0,0,True,,200000000,200078325,,True,0.0004,True,True,True,
run_2026-07-30T11-00-12_42,interference_no_candidate_preparation_200ms,no_candidate_preparation,200000000,10,3,42,1000.00,1658730407956,1659730491920,1659730495642,1659930575572,1659930577885,1660930656331,1000083964,200079930,1000078446,1000,200,1001,1000,200,1001,0,0,0,191.00,431.35,190.00,431.55,187.00,312.00,1001,200,1000,1000,201,1000,59490.00,111063.00,58842.00,76181.90,58904.00,81014.05,-31.41,-1.09,201,,201,1000.92,999.60,999.92,999.92,1004.60,999.92,1.00,1.00,False,,False,,1,0,0,0,0,True,0,,0.00,0.00,0,0,True,,,0,,True,0.0000,True,True,True,
run_2026-07-30T11-00-12_42,interference_cpu_bound_preparation_500ms,cpu_bound_preparation,500000000,10,4,42,1000.00,1661591791079,1662591872529,1662591875690,1663091878015,1663091879898,1664091957874,1000081450,500002325,1000077976,1000,496,1001,1000,496,1001,0,4,0,187.00,250.10,318.00,420.25,186.00,265.00,1000,496,1000,1000,496,1000,61719.00,75200.25,80349.00,94202.75,61832.50,78113.70,25.27,30.19,496,496,496,999.92,992.00,999.92,999.92,992.00,999.92,0.99,0.99,False,,False,,0,0,0,0,0,True,0,,0.00,0.00,0,0,True,,500000000,500000171,3627496807,True,0.0000,True,True,True,
run_2026-07-30T11-00-12_42,interference_sleep_preparation_500ms,sleep_preparation,500000000,10,5,42,1000.00,1664761508358,1665761587014,1665761590559,1666261669357,1666261672487,1667261752221,1000078656,500078798,1000079734,1000,500,1001,1000,500,1001,0,0,0,184.00,245.00,184.00,252.40,183.00,264.00,1000,500,1000,1000,500,1000,58723.00,70701.55,58678.50,70437.65,59365.50,75586.60,-0.37,-0.08,500,500,500,999.92,999.84,999.92,999.92,999.84,999.92,1.00,1.00,False,,False,,0,0,0,0,0,True,0,,0.00,0.00,0,0,True,,500000000,500078100,,True,0.0002,True,True,True,
run_2026-07-30T11-00-12_42,interference_cpu_bound_preparation_200ms,cpu_bound_preparation,200000000,10,6,42,1000.00,1667931637525,1668931717592,1668931720319,1669131723114,1669131724997,1670131804393,1000080067,200002795,1000079396,1000,199,1001,1000,199,1001,0,1,0,186.00,286.00,323.00,441.50,188.00,354.00,1000,199,1000,1000,199,1000,62049.50,79791.65,80882.00,119100.60,62512.00,82772.15,49.26,30.35,199,199,199,999.92,994.99,999.92,999.92,994.99,999.92,1.00,1.00,False,,False,,0,0,0,0,0,True,0,,0.00,0.00,0,0,True,,200000000,200000309,2208582346,True,0.0000,True,True,True,
run_2026-07-30T11-00-12_42,interference_cpu_bound_preparation_200ms,cpu_bound_preparation,200000000,11,1,42,1000.00,1670793301374,1671793402442,1671793406157,1671993409588,1671993411747,1672993491995,1000101068,200003431,1000080248,1001,198,1001,1001,198,1001,0,2,0,187.00,259.00,327.00,423.35,189.00,280.00,1001,198,1000,1000,199,1000,58653.00,72992.00,80431.00,93469.25,58843.50,76186.50,28.05,37.13,199,199,199,1000.90,989.98,999.92,999.90,994.98,999.92,0.99,1.00,False,,False,,1,0,0,0,0,True,0,,0.00,0.00,0,0,True,,200000000,200000514,1697981191,True,0.0000,True,True,True,
run_2026-07-30T11-00-12_42,interference_sleep_preparation_200ms,sleep_preparation,200000000,11,2,42,1000.00,1673661532698,1674661614811,1674661617673,1674861696448,1674861699665,1675861786151,1000082113,200078775,1000086486,1000,200,1001,1000,200,1001,0,0,0,190.00,274.30,182.00,261.90,190.00,294.00,1000,200,1000,1000,200,1000,63473.00,82901.15,62423.00,85692.65,62156.00,82068.25,3.37,-1.65,200,200,200,999.92,999.61,999.91,999.92,999.61,999.91,1.00,1.00,False,,False,,0,0,0,0,0,True,0,,0.00,0.00,0,0,True,,200000000,200078300,,True,0.0004,True,True,True,
run_2026-07-30T11-00-12_42,interference_cpu_bound_preparation_500ms,cpu_bound_preparation,500000000,11,3,42,1000.00,1676528130162,1677528199109,1677528202683,1678028205744,1678028208063,1679028295805,1000068947,500003061,1000087742,1001,500,1001,1001,500,1001,0,0,0,188.00,294.00,324.50,488.05,192.00,369.00,1001,500,1000,1000,500,1001,62805.00,82366.00,80719.00,98997.50,64041.50,94423.15,20.19,28.52,500,500,500,1000.93,999.99,999.91,999.93,999.99,1000.91,1.00,1.00,False,,False,,1,1,1,1,0,True,0,,0.00,0.00,0,0,True,,500000000,500000385,282361706,True,0.0000,True,True,True,
run_2026-07-30T11-00-12_42,interference_no_candidate_preparation_500ms,no_candidate_preparation,500000000,11,4,42,1000.00,1679721190457,1680721268082,1680721271351,1681221351438,1681221354276,1682221435773,1000077625,500080087,1000081497,1000,500,1001,1000,500,1001,0,0,0,185.00,250.00,190.00,270.10,190.00,275.00,1000,500,1000,1000,500,1000,64214.50,79089.75,62974.50,77548.25,63812.00,78694.10,-1.95,-1.93,500,,500,999.92,999.84,999.92,999.92,999.84,999.92,1.00,1.00,False,,False,,0,0,0,0,0,True,0,,0.00,0.00,0,0,True,,,0,,True,0.0000,True,True,True,
run_2026-07-30T11-00-12_42,interference_no_candidate_preparation_200ms,no_candidate_preparation,200000000,11,5,42,1000.00,1682889449430,1683889529778,1683889532598,1684089611709,1684089614266,1685089694463,1000080348,200079111,1000080197,1000,200,1001,1000,200,1001,0,0,0,193.00,330.25,187.50,434.75,185.00,254.00,1000,200,1000,1000,200,1000,98391.50,117209.85,97568.50,117242.15,97632.50,114513.00,0.03,-0.84,200,,200,999.92,999.60,999.92,999.92,999.60,999.92,1.00,1.00,False,,False,,0,0,0,0,0,True,0,,0.00,0.00,0,0,True,,,0,,True,0.0000,True,True,True,
run_2026-07-30T11-00-12_42,interference_sleep_preparation_500ms,sleep_preparation,500000000,11,6,42,1000.00,1685755139298,1686755217988,1686755221252,1687255320377,1687255324394,1688255430628,1000078690,500099125,1000106234,1000,501,1001,1000,501,1001,0,0,0,189.00,253.00,186.00,253.00,191.00,285.00,1000,500,1001,1000,500,1000,58497.50,74181.70,57779.50,71460.90,59113.00,76909.00,-3.67,-1.23,500,500,500,999.92,999.80,1000.89,999.92,999.80,999.89,1.00,1.00,False,,False,,0,0,0,0,0,True,1,,0.00,0.00,0,0,True,,500000000,500098666,,True,0.0002,True,True,True,
run_2026-07-30T11-00-12_42,interference_sleep_preparation_200ms,sleep_preparation,200000000,12,1,42,1000.00,1688929173887,1689929255222,1689929258510,1690129339132,1690129342653,1691129441957,1000081335,200080622,1000099304,999,200,1001,999,200,1001,1,0,0,193.00,496.20,183.00,236.00,187.00,299.00,999,200,1000,999,200,1000,60903.00,112418.80,59031.00,72679.95,59302.50,76316.05,-35.35,-3.07,200,200,200,998.92,999.60,999.90,998.92,999.60,999.90,1.00,1.00,False,,False,,0,0,0,0,0,True,0,,0.00,0.00,0,0,True,,200000000,200079950,,True,0.0004,True,True,True,
run_2026-07-30T11-00-12_42,interference_no_candidate_preparation_200ms,no_candidate_preparation,200000000,12,2,42,1000.00,1691794327781,1692794407228,1692794410141,1692994488744,1692994491226,1693994571935,1000079447,200078603,1000080709,1000,200,1001,1000,200,1001,0,0,0,188.00,255.05,180.00,232.10,189.00,250.00,1000,200,1000,1000,200,1000,59402.00,76239.75,57951.50,65633.10,58567.00,72013.10,-13.91,-2.44,200,,200,999.92,999.61,999.92,999.92,999.61,999.92,1.00,1.00,False,,False,,0,0,0,0,0,True,0,,0.00,0.00,0,0,True,,,0,,True,0.0000,True,True,True,
run_2026-07-30T11-00-12_42,interference_no_candidate_preparation_500ms,no_candidate_preparation,500000000,12,3,42,1000.00,1694657941367,1695658045000,1695658048267,1696158128899,1696158131406,1697158210786,1000103633,500080632,1000079380,1000,500,1001,1000,500,1001,0,0,0,191.00,251.00,202.00,272.25,187.00,263.00,1000,500,1000,1000,500,1000,59025.50,73934.65,59342.00,76121.30,58502.00,73526.70,2.96,0.54,500,,500,999.90,999.84,999.92,999.90,999.84,999.92,1.00,1.00,False,,False,,0,0,0,0,0,True,0,,0.00,0.00,0,0,True,,,0,,True,0.0000,True,True,True,
run_2026-07-30T11-00-12_42,interference_cpu_bound_preparation_200ms,cpu_bound_preparation,200000000,12,4,42,1000.00,1697817601948,1698817681382,1698817684670,1699017686820,1699017688769,1700017765522,1000079434,200002150,1000076753,1000,200,1001,1000,200,1001,0,0,0,187.00,344.75,326.50,409.40,192.00,482.00,1000,200,1000,1000,200,1000,58258.50,75075.40,80160.50,94296.90,59528.50,105968.25,25.60,37.59,200,200,200,999.92,999.99,999.92,999.92,999.99,999.92,1.00,1.00,False,,False,,0,0,0,0,0,True,0,,0.00,0.00,0,0,True,,200000000,200000123,117162602,True,0.0000,True,True,True,
run_2026-07-30T11-00-12_42,interference_sleep_preparation_500ms,sleep_preparation,500000000,12,5,42,1000.00,1700685657598,1701685738615,1701685741680,1702185827867,1702185830551,1703185907969,1000081017,500086187,1000077418,1000,500,1001,1000,500,1001,0,0,0,183.00,270.00,187.00,248.05,185.00,245.00,1000,500,1000,1000,500,1000,58384.00,73045.20,57780.00,67968.85,57724.50,70473.80,-6.95,-1.03,500,500,500,999.92,999.83,999.92,999.92,999.83,999.92,1.00,1.00,False,,False,,0,0,0,0,0,True,0,,0.00,0.00,0,0,True,,500000000,500085775,,True,0.0002,True,True,True,
run_2026-07-30T11-00-12_42,interference_cpu_bound_preparation_500ms,cpu_bound_preparation,500000000,12,6,42,1000.00,1703853124713,1704853213355,1704853218136,1705353222076,1705353224582,1706353292919,1000088642,500003940,1000068337,1000,482,1002,1000,482,1002,0,18,0,209.00,557.20,332.00,596.55,188.00,281.70,1000,482,1001,1000,482,1000,65472.50,131017.95,80650.50,110518.65,62583.00,80046.00,-15.65,23.18,482,482,482,999.91,963.99,1000.93,999.91,963.99,999.93,0.96,0.96,False,,False,,0,0,0,0,0,True,0,,0.00,0.61,0,0,True,,500000000,500000471,1496507719,True,0.0000,True,True,True,
run_2026-07-30T11-00-12_42,interference_sleep_preparation_200ms,sleep_preparation,200000000,13,1,42,1000.00,1707016270498,1708016356766,1708016359930,1708216443402,1708216445907,1709216543727,1000086268,200083472,1000097820,1000,200,1001,1000,200,1001,0,0,0,193.50,252.10,191.00,268.05,195.00,489.00,1000,200,1000,1000,200,1000,58690.00,72098.30,57441.50,70999.35,59406.50,116015.20,-1.52,-2.13,200,200,200,999.91,999.58,999.90,999.91,999.58,999.90,1.00,1.00,False,,False,,0,0,0,0,0,True,0,,0.00,0.00,0,0,True,,200000000,200083063,,True,0.0004,True,True,True,
run_2026-07-30T11-00-12_42,interference_no_candidate_preparation_500ms,no_candidate_preparation,500000000,13,2,42,1000.00,1709876285810,1710876376941,1710876381030,1711376474008,1711376476569,1712376555102,1000091131,500092978,1000078533,1000,500,1001,1000,500,1001,0,0,0,187.00,258.05,193.00,323.80,196.00,283.00,1001,500,1000,1000,501,1000,58840.00,72186.00,60102.50,74981.15,60352.50,77662.45,3.87,2.15,501,,501,1000.91,999.81,999.92,999.91,1001.81,999.92,1.00,1.00,False,,False,,1,0,0,0,0,True,0,,0.00,0.00,0,0,True,,,0,,True,0.0000,True,True,True,
run_2026-07-30T11-00-12_42,interference_cpu_bound_preparation_200ms,cpu_bound_preparation,200000000,13,3,42,1000.00,1713043763185,1714043840684,1714043843724,1714243846172,1714243848292,1715243931079,1000077499,200002448,1000082787,1000,200,1001,1000,200,1001,0,0,0,191.00,289.15,319.50,411.05,189.00,309.00,1000,200,1000,1000,200,1000,61571.00,78936.75,78460.50,88483.90,60796.00,79845.35,12.09,27.43,200,200,200,999.92,999.99,999.92,999.92,999.99,999.92,1.00,1.00,False,,False,,0,0,0,0,0,True,0,,0.00,0.00,0,0,True,,200000000,200000165,341306954,True,0.0000,True,True,True,
run_2026-07-30T11-00-12_42,interference_sleep_preparation_500ms,sleep_preparation,500000000,13,4,42,1000.00,1715913355169,1716913440867,1716913444581,1717413532501,1717413549315,1718413630726,1000085698,500087920,1000081411,1001,500,1001,1001,500,1001,0,0,0,187.00,251.00,183.00,242.10,187.00,249.00,1001,500,1000,1000,501,1000,58448.00,74563.00,58509.50,69806.50,58951.50,72725.25,-6.38,0.11,501,501,501,1000.91,999.82,999.92,999.91,1001.82,999.92,1.00,1.00,False,,False,,1,0,0,0,0,True,0,,0.00,0.00,0,0,True,,500000000,500086910,,True,0.0002,True,True,True,
run_2026-07-30T11-00-12_42,interference_no_candidate_preparation_200ms,no_candidate_preparation,200000000,13,5,42,1000.00,1719082526832,1720082607260,1720082610007,1720282689286,1720282691616,1721282777699,1000080428,200079279,1000086083,1000,200,1001,1000,200,1001,0,0,0,193.00,589.60,189.00,318.25,186.00,255.00,1000,200,1000,1000,200,1000,63272.50,114307.40,60754.50,72847.20,61516.00,75634.70,-36.27,-3.98,200,,200,999.92,999.60,999.91,999.92,999.60,999.91,1.00,1.00,False,,False,,0,0,0,0,0,True,0,,0.00,0.00,0,0,True,,,0,,True,0.0000,True,True,True,
run_2026-07-30T11-00-12_42,interference_cpu_bound_preparation_500ms,cpu_bound_preparation,500000000,13,6,42,1000.00,1721946358476,1722946435534,1722946438659,1723446440946,1723446443215,1724446525266,1000077058,500002287,1000082051,1000,500,1001,1000,500,1001,0,0,0,186.00,253.05,317.00,414.00,185.00,241.00,1000,500,1000,1000,500,1000,62158.00,76813.15,79942.00,93215.70,62002.00,75732.95,21.35,28.61,500,500,500,999.92,1000.00,999.92,999.92,1000.00,999.92,1.00,1.00,False,,False,,0,0,0,0,0,True,0,,0.00,0.00,0,0,True,,500000000,500000139,1151823975,True,0.0000,True,True,True,
run_2026-07-30T11-00-12_42,interference_cpu_bound_preparation_500ms,cpu_bound_preparation,500000000,14,1,42,1000.00,1725110503065,1726110583958,1726110587101,1726610589806,1726610591926,1727610675226,1000080893,500002705,1000083300,1000,500,1001,1000,500,1001,0,0,0,184.50,248.00,320.50,445.05,192.00,269.00,1000,500,1000,1000,500,1000,60814.00,73423.90,80051.00,94864.65,61865.00,77322.35,29.20,31.63,500,500,500,999.92,999.99,999.92,999.92,999.99,999.92,1.00,1.00,False,,False,,0,0,0,0,0,True,0,,0.00,0.00,0,0,True,,500000000,500000346,650837194,True,0.0000,True,True,True,
run_2026-07-30T11-00-12_42,interference_no_candidate_preparation_500ms,no_candidate_preparation,500000000,14,2,42,1000.00,1728279378921,1729279465825,1729279470818,1729779552744,1729779555409,1730779635386,1000086904,500081926,1000079977,1000,500,1001,1000,500,1001,0,0,0,202.50,551.20,189.00,265.05,196.00,335.00,1000,500,1000,1001,500,1000,65997.50,109670.30,59949.00,74185.65,61987.00,81042.65,-32.36,-9.16,500,,500,999.91,999.84,999.92,1000.91,999.84,999.92,1.00,1.00,False,,False,,0,0,0,0,0,True,0,,0.00,0.00,0,0,True,,,0,,True,0.0000,True,True,True,
run_2026-07-30T11-00-12_42,interference_sleep_preparation_500ms,sleep_preparation,500000000,14,3,42,1000.00,1731442516558,1732442598011,1732442600655,1732942680461,1732942683430,1733942763044,1000081453,500079806,1000079614,1000,500,1001,1000,500,1001,0,0,0,193.00,299.85,190.50,334.85,187.00,267.00,1000,500,1000,1000,500,1000,58713.50,76339.95,59258.00,73278.60,58148.00,71491.25,-4.01,0.93,500,500,500,999.92,999.84,999.92,999.92,999.84,999.92,1.00,1.00,False,,False,,0,0,0,0,0,True,0,,0.00,0.00,0,0,True,,500000000,500079336,,True,0.0002,True,True,True,
run_2026-07-30T11-00-12_42,interference_sleep_preparation_200ms,sleep_preparation,200000000,14,4,42,1000.00,1734605376015,1735605458017,1735605461833,1735805549586,1735805553376,1736805635391,1000082002,200087753,1000082015,1001,200,1001,1001,200,1001,0,0,0,188.00,247.00,187.00,304.60,185.00,289.00,1001,200,1000,1000,201,1000,57599.00,69405.00,57288.00,71937.80,58983.50,74060.85,3.65,-0.54,201,201,201,1000.92,999.56,999.92,999.92,1004.56,999.92,1.00,1.00,False,,False,,1,0,0,0,0,True,0,,0.00,0.00,0,0,True,,200000000,200087150,,True,0.0004,True,True,True,
run_2026-07-30T11-00-12_42,interference_no_candidate_preparation_200ms,no_candidate_preparation,200000000,14,5,42,1000.00,1737468225599,1738468311824,1738468315688,1738668398724,1738668402265,1739668480596,1000086225,200083036,1000078331,1000,200,1001,1000,200,1001,1,0,0,193.00,301.20,187.00,271.55,195.00,473.00,999,201,1000,999,200,1001,59122.00,79354.70,58144.00,70614.00,59076.00,116334.70,-11.01,-1.65,200,,200,998.91,1004.58,999.92,998.91,999.58,1000.92,1.01,1.00,False,,False,,0,1,1,1,0,True,-1,,0.00,0.00,0,0,True,,,0,,True,0.0000,True,True,True,
run_2026-07-30T11-00-12_42,interference_cpu_bound_preparation_200ms,cpu_bound_preparation,200000000,14,6,42,1000.00,1740329788822,1741329869922,1741329873304,1741529875766,1741529877646,1742529960719,1000081100,200002462,1000083073,1000,200,1001,1000,200,1001,0,0,0,187.00,255.10,320.00,444.05,192.00,313.00,1000,200,1000,1000,200,1000,60511.50,77396.40,82022.00,101331.65,63162.50,86826.35,30.93,35.55,200,200,200,999.92,999.99,999.92,999.92,999.99,999.92,1.00,1.00,False,,False,,0,0,0,0,0,True,0,,0.00,0.00,0,0,True,,200000000,200000134,4094259338,True,0.0000,True,True,True,
run_2026-07-30T11-00-12_42,interference_sleep_preparation_500ms,sleep_preparation,500000000,15,1,42,1000.00,1743192754814,1744192831598,1744192834546,1744692911036,1744692913847,1745692991022,1000076784,500076490,1000077175,1000,500,1001,1000,500,1001,0,0,0,188.00,276.05,184.00,273.10,189.00,334.00,1000,500,1000,1000,500,1000,59530.00,74777.65,59648.50,72198.25,60661.50,83906.35,-3.45,0.20,500,500,500,999.92,999.85,999.92,999.92,999.85,999.92,1.00,1.00,False,,False,,0,0,0,0,0,True,0,,0.00,0.00,0,0,True,,500000000,500076106,,True,0.0002,True,True,True,
run_2026-07-30T11-00-12_42,interference_sleep_preparation_200ms,sleep_preparation,200000000,15,2,42,1000.00,1746358552891,1747358629985,1747358632387,1747558709140,1747558711984,1748558789980,1000077094,200076753,1000077996,1000,200,1001,1000,200,1001,0,0,0,187.00,254.00,180.00,230.20,191.00,345.00,1000,200,1000,1000,200,1000,59603.00,75505.45,59376.50,70725.40,61107.50,83540.30,-6.33,-0.38,200,200,200,999.92,999.62,999.92,999.92,999.62,999.92,1.00,1.00,False,,False,,0,0,0,0,0,True,0,,0.00,0.00,0,0,True,,200000000,200076373,,True,0.0004,True,True,True,
run_2026-07-30T11-00-12_42,interference_no_candidate_preparation_200ms,no_candidate_preparation,200000000,15,3,42,1000.00,1749221197950,1750221287097,1750221291340,1750421360543,1750421363506,1751421447800,1000089147,200069203,1000084294,1000,201,1001,1000,201,1001,0,0,0,188.00,308.10,186.00,240.00,191.00,260.00,1000,200,1001,1000,200,1001,58886.50,75733.40,56928.00,69398.15,57261.00,71312.00,-8.37,-3.33,200,,200,999.91,999.65,1000.92,999.91,999.65,1000.92,1.00,1.00,False,,False,,0,0,0,0,0,True,1,,0.00,0.00,0,0,True,,,0,,True,0.0000,True,True,True,
run_2026-07-30T11-00-12_42,interference_cpu_bound_preparation_500ms,cpu_bound_preparation,500000000,15,4,42,1000.00,1752085275365,1753085355306,1753085358814,1753585362469,1753585364800,1754585447832,1000079941,500003655,1000083032,1001,500,1001,1001,500,1001,0,0,0,185.00,244.00,329.50,422.10,186.00,245.00,1000,500,1001,1000,500,1000,58201.00,72894.25,80373.50,93207.60,57482.00,68240.00,27.87,38.10,500,500,500,999.92,999.99,1000.92,999.92,999.99,999.92,1.00,1.00,False,,False,,0,0,0,0,0,True,0,,0.00,0.00,0,0,True,,500000000,500000197,1259955850,True,0.0000,True,True,True,
run_2026-07-30T11-00-12_42,interference_no_candidate_preparation_500ms,no_candidate_preparation,500000000,15,5,42,1000.00,1755257585071,1756257664344,1756257667239,1756757744933,1756757747342,1757757825675,1000079273,500077694,1000078333,1000,500,1001,1000,500,1001,0,0,0,186.00,250.10,185.00,300.55,190.00,292.00,1000,500,1000,1000,500,1000,61707.00,75444.35,61713.00,74082.10,62074.00,76334.65,-1.81,0.01,500,,500,999.92,999.84,999.92,999.92,999.84,999.92,1.00,1.00,False,,False,,0,0,0,0,0,True,0,,0.00,0.00,0,0,True,,,0,,True,0.0000,True,True,True,
run_2026-07-30T11-00-12_42,interference_cpu_bound_preparation_200ms,cpu_bound_preparation,200000000,15,6,42,1000.00,1758425676538,1759425756577,1759425759606,1759625762486,1759625764406,1760625843512,1000080039,200002880,1000079106,1000,200,1001,1000,200,1001,0,0,0,192.00,457.15,310.50,422.20,185.00,296.00,1000,200,1000,1000,200,1000,58646.00,114172.75,80393.50,95187.15,59170.00,73762.35,-16.63,37.08,200,200,200,999.92,999.99,999.92,999.92,999.99,999.92,1.00,1.00,False,,False,,0,0,0,0,0,True,0,,0.00,0.00,0,0,True,,200000000,200000299,3522321703,True,0.0000,True,True,True,
run_2026-07-30T11-00-12_42,interference_sleep_preparation_500ms,sleep_preparation,500000000,16,1,42,1000.00,1761288196111,1762288293965,1762288297846,1762788381686,1762788385373,1763788469408,1000097854,500083840,1000084035,1000,501,1001,1000,501,1001,0,0,0,186.00,296.25,182.00,265.00,188.00,264.00,1000,501,1000,1000,500,1001,58663.00,75203.30,58316.00,75781.00,58219.50,73381.55,0.77,-0.59,500,500,500,999.90,1001.83,999.92,999.90,999.83,1000.92,1.00,1.00,False,,False,,0,1,1,1,0,True,0,,0.00,0.00,0,0,True,,500000000,500083264,,True,0.0002,True,True,True,
run_2026-07-30T11-00-12_42,interference_no_candidate_preparation_200ms,no_candidate_preparation,200000000,16,2,42,1000.00,1764456597343,1765456677213,1765456679888,1765656759931,1765656762365,1766656843586,1000079870,200080043,1000081221,999,200,1001,999,200,1001,1,0,0,221.00,655.10,194.00,297.40,187.00,255.00,999,200,1000,999,200,1000,65315.00,132193.20,60162.00,77647.55,58887.00,72225.65,-41.26,-7.89,200,,200,998.92,999.60,999.92,998.92,999.60,999.92,1.00,1.00,False,,False,,0,0,0,0,0,True,0,,0.00,0.00,0,0,True,,,0,,True,0.0000,True,True,True,
run_2026-07-30T11-00-12_42,interference_no_candidate_preparation_500ms,no_candidate_preparation,500000000,16,3,42,1000.00,1767313329377,1768313413719,1768313417935,1768813502909,1768813506948,1769813589491,1000084342,500084974,1000082543,1001,500,1001,1001,500,1001,0,0,0,185.00,249.00,188.50,344.55,197.00,497.00,1001,500,1000,1000,501,1000,57946.00,72487.00,58438.00,78958.20,61154.00,104501.90,8.93,0.85,501,,501,1000.92,999.83,999.92,999.92,1001.83,999.92,1.00,1.00,False,,False,,1,0,0,0,0,True,0,,0.00,0.00,0,0,True,,,0,,True,0.0000,True,True,True,
run_2026-07-30T11-00-12_42,interference_cpu_bound_preparation_500ms,cpu_bound_preparation,500000000,16,4,42,1000.00,1770483419339,1771483499806,1771483502513,1771983505107,1771983506923,1772983587683,1000080467,500002594,1000080760,1000,500,1001,1000,500,1001,0,0,0,185.00,250.00,320.00,427.20,185.00,263.00,1000,500,1000,1000,500,1000,59070.00,74131.70,80607.00,99704.70,58550.00,72988.65,34.50,36.46,500,500,500,999.92,999.99,999.92,999.92,999.99,999.92,1.00,1.00,False,,False,,0,0,0,0,0,True,0,,0.00,0.00,0,0,True,,500000000,500000158,4206057770,True,0.0000,True,True,True,
run_2026-07-30T11-00-12_42,interference_sleep_preparation_200ms,sleep_preparation,200000000,16,5,42,1000.00,1773656215019,1774656295659,1774656298259,1774856396788,1774856400467,1775856479749,1000080640,200098529,1000079282,999,200,1002,999,200,1002,1,0,0,186.00,253.10,181.00,247.00,188.00,266.95,999,200,1001,999,200,1000,58491.00,72557.60,58100.50,69989.80,58646.00,76673.00,-3.54,-0.67,200,200,200,998.92,999.51,1000.92,998.92,999.51,999.92,1.00,1.00,False,,False,,0,0,0,0,0,True,0,,0.00,0.00,0,0,True,,200000000,200097683,,True,0.0005,True,True,True,
run_2026-07-30T11-00-12_42,interference_cpu_bound_preparation_200ms,cpu_bound_preparation,200000000,16,6,42,1000.00,1776521784812,1777521873605,1777521876122,1777721878653,1777721880405,1778721960370,1000088793,200002531,1000079965,1000,199,1001,1000,199,1001,0,1,0,180.50,237.05,306.00,408.20,183.00,242.00,1000,199,1000,1000,199,1000,60496.00,73776.45,79501.00,93016.70,60444.00,74451.10,26.08,31.42,199,199,199,999.91,994.99,999.92,999.91,994.99,999.92,1.00,1.00,False,,False,,0,0,0,0,0,True,0,,0.00,0.19,0,0,True,,200000000,200000259,2601219815,True,0.0000,True,True,True,
run_2026-07-30T11-00-12_42,interference_cpu_bound_preparation_200ms,cpu_bound_preparation,200000000,17,1,42,1000.00,1779387576113,1780387656252,1780387659275,1780587662097,1780587663834,1781587743591,1000080139,200002822,1000079757,1000,200,1001,1000,200,1001,0,0,0,186.50,251.00,311.00,416.05,186.00,247.00,1000,200,1000,1000,200,1000,58678.50,72213.60,79726.50,93056.10,59226.50,71963.80,28.86,35.87,200,200,200,999.92,999.99,999.92,999.92,999.99,999.92,1.00,1.00,False,,False,,0,0,0,0,0,True,0,,0.00,0.00,0,0,True,,200000000,200000264,3535991402,True,0.0000,True,True,True,
run_2026-07-30T11-00-12_42,interference_no_candidate_preparation_500ms,no_candidate_preparation,500000000,17,2,42,1000.00,1782248460769,1783248538484,1783248541820,1783748621858,1783748624461,1784748722063,1000077715,500080038,1000097602,1000,500,1001,1000,500,1001,0,0,0,185.00,251.05,188.00,267.40,189.00,269.00,1000,500,1000,1000,500,1000,58776.50,75081.75,59693.50,81856.40,58603.50,74602.95,9.02,1.56,500,,500,999.92,999.84,999.90,999.92,999.84,999.90,1.00,1.00,False,,False,,0,0,0,0,0,True,0,,0.00,0.00,0,0,True,,,0,,True,0.0000,True,True,True,
run_2026-07-30T11-00-12_42,interference_no_candidate_preparation_200ms,no_candidate_preparation,200000000,17,3,42,1000.00,1785412148746,1786412234786,1786412238692,1786612321507,1786612324504,1787612405535,1000086040,200082815,1000081031,1001,200,1001,1001,200,1001,0,0,0,185.00,246.00,188.00,253.10,190.00,295.00,1000,201,1000,1000,200,1001,61404.00,72266.25,62266.00,77721.00,62448.00,77575.50,7.55,1.40,200,,200,999.91,1004.58,999.92,999.91,999.59,1000.92,1.00,1.00,False,,False,,0,1,1,1,0,True,-1,,0.00,0.00,0,0,True,,,0,,True,0.0000,True,True,True,
run_2026-07-30T11-00-12_42,interference_cpu_bound_preparation_500ms,cpu_bound_preparation,500000000,17,4,42,1000.00,1788272477436,1789272556640,1789272559430,1789772561994,1789772563888,1790772643609,1000079204,500002564,1000079721,1000,500,1001,1000,500,1001,0,0,0,192.00,501.05,326.00,431.05,189.00,321.00,1000,500,1000,1000,500,1000,62825.00,111755.45,81240.00,95143.65,63016.00,79208.00,-14.86,29.31,500,500,500,999.92,999.99,999.92,999.92,999.99,999.92,1.00,1.00,False,,False,,0,0,0,0,0,True,0,,0.00,0.00,0,0,True,,500000000,500000137,566645482,True,0.0000,True,True,True,
run_2026-07-30T11-00-12_42,interference_sleep_preparation_200ms,sleep_preparation,200000000,17,5,42,1000.00,1791441717025,1792441795136,1792441797590,1792641877084,1792641879826,1793641957913,1000078111,200079494,1000078087,1000,200,1001,1000,200,1001,0,0,0,188.00,253.00,187.50,326.45,190.00,327.00,1000,200,1000,1000,200,1000,61674.50,75363.90,62867.00,81823.25,62343.50,79581.35,8.57,1.93,200,200,200,999.92,999.60,999.92,999.92,999.60,999.92,1.00,1.00,False,,False,,0,0,0,0,0,True,0,,0.00,0.00,0,0,True,,200000000,200079112,,True,0.0004,True,True,True,
run_2026-07-30T11-00-12_42,interference_sleep_preparation_500ms,sleep_preparation,500000000,17,6,42,1000.00,1794300375001,1795300453470,1795300456207,1795800536937,1795800540228,1796800619832,1000078469,500080730,1000079604,1000,500,1001,1000,500,1001,0,0,0,189.00,265.05,188.00,298.00,186.00,265.00,1000,500,1000,1000,500,1000,61267.00,75494.85,61365.50,79148.55,61255.00,76400.05,4.84,0.16,500,500,500,999.92,999.84,999.92,999.92,999.84,999.92,1.00,1.00,False,,False,,0,0,0,0,0,True,0,,0.00,0.00,0,0,True,,500000000,500080335,,True,0.0002,True,True,True,
run_2026-07-30T11-00-12_42,interference_no_candidate_preparation_200ms,no_candidate_preparation,200000000,18,1,42,1000.00,1797464664130,1798464744115,1798464746751,1798664826527,1798664828956,1799664905733,1000079985,200079776,1000076777,1000,200,1001,1000,200,1001,0,0,0,186.00,251.05,184.50,418.70,192.00,489.00,1000,200,1000,1000,200,1000,61077.50,76308.05,62141.00,84091.30,62547.50,105506.35,10.20,1.74,200,,200,999.92,999.60,999.92,999.92,999.60,999.92,1.00,1.00,False,,False,,0,0,0,0,0,True,0,,0.00,0.00,0,0,True,,,0,,True,0.0000,True,True,True,
run_2026-07-30T11-00-12_42,interference_cpu_bound_preparation_500ms,cpu_bound_preparation,500000000,18,2,42,1000.00,1800329341566,1801329419249,1801329422074,1801829424829,1801829427551,1802829505651,1000077683,500002755,1000078100,1000,500,1001,1000,500,1001,0,0,0,189.50,254.10,326.00,427.10,186.00,250.00,1000,500,1000,1000,500,1000,59194.50,75502.75,79757.00,94306.45,58545.00,73061.65,24.90,34.74,500,500,500,999.92,999.99,999.92,999.92,999.99,999.92,1.00,1.00,False,,False,,0,0,0,0,0,True,0,,0.00,0.00,0,0,True,,500000000,500000233,1112660234,True,0.0000,True,True,True,
run_2026-07-30T11-00-12_42,interference_sleep_preparation_500ms,sleep_preparation,500000000,18,3,42,1000.00,1803498774717,1804498854856,1804498858291,1804998937828,1804998940385,1805999041312,1000080139,500079537,1000100927,1000,500,1001,1000,500,1001,0,0,0,187.00,244.00,187.50,275.35,189.00,300.00,1000,500,1000,1000,500,1000,58578.50,72064.35,58758.00,76096.75,59552.00,74858.00,5.60,0.31,500,500,500,999.92,999.84,999.90,999.92,999.84,999.90,1.00,1.00,False,,False,,0,0,0,0,0,True,0,,0.00,0.00,0,0,True,,500000000,500079150,,True,0.0002,True,True,True,
run_2026-07-30T11-00-12_42,interference_sleep_preparation_200ms,sleep_preparation,200000000,18,4,42,1000.00,1806667402584,1807667481836,1807667484261,1807867574412,1807867577527,1808867657014,1000079252,200090151,1000079487,1000,200,1001,1000,200,1001,0,0,0,185.50,254.15,186.00,454.45,189.00,433.00,1000,200,1000,1000,200,1000,61732.00,76968.85,64060.50,85460.50,63139.50,90350.20,11.03,3.77,200,200,200,999.92,999.55,999.92,999.92,999.55,999.92,1.00,1.00,False,,False,,0,0,0,0,0,True,0,,0.00,0.00,0,0,True,,200000000,200089721,,True,0.0004,True,True,True,
run_2026-07-30T11-00-12_42,interference_cpu_bound_preparation_200ms,cpu_bound_preparation,200000000,18,5,42,1000.00,1809536248289,1810536333930,1810536337686,1810736341877,1810736344439,1811736423131,1000085641,200004191,1000078692,1000,200,1001,1000,200,1001,0,0,0,188.00,267.05,319.50,406.20,188.00,310.00,1001,200,1000,1000,201,1000,62182.00,79755.00,80026.50,92688.05,62568.50,76030.35,16.22,28.70,201,201,201,1000.91,999.98,999.92,999.91,1004.98,999.92,1.00,1.01,False,,False,,1,0,0,0,0,True,0,,0.00,0.00,0,0,True,,200000000,200000646,476058570,True,0.0000,True,True,True,
run_2026-07-30T11-00-12_42,interference_no_candidate_preparation_500ms,no_candidate_preparation,500000000,18,6,42,1000.00,1812396905145,1813396995383,1813397015958,1813897134030,1813897144711,1814897224761,1000090238,500118072,1000080050,1000,500,1001,1000,500,1001,0,0,0,189.00,251.05,185.00,255.05,184.00,259.00,1000,500,1000,1000,500,1000,58549.00,73317.85,58779.00,71746.35,58566.00,73918.55,-2.14,0.39,500,,500,999.91,999.76,999.92,999.91,999.76,999.92,1.00,1.00,False,,False,,0,0,0,0,0,True,0,,0.00,0.00,0,0,True,,,0,,True,0.0000,True,True,True,
run_2026-07-30T11-00-12_42,interference_no_candidate_preparation_500ms,no_candidate_preparation,500000000,19,1,42,1000.00,1815559110888,1816559190082,1816559192973,1817059268520,1817059271780,1818059356317,1000079194,500075547,1000084537,1000,501,1001,1000,501,1001,0,0,0,192.00,263.00,191.00,291.00,184.00,265.00,1000,500,1001,1000,500,1000,61394.50,76968.80,60912.50,73102.25,60787.00,75373.00,-5.02,-0.79,500,,500,999.92,999.85,1000.92,999.92,999.85,999.92,1.00,1.00,False,,False,,0,0,0,0,0,True,1,,0.00,0.00,0,0,True,,,0,,True,0.0000,True,True,True,
run_2026-07-30T11-00-12_42,interference_cpu_bound_preparation_200ms,cpu_bound_preparation,200000000,19,2,42,1000.00,1818725624635,1819725717362,1819725719955,1819925722713,1819925724857,1820925804399,1000092727,200002758,1000079542,1000,200,1001,1000,200,1001,0,0,0,192.00,474.20,326.00,429.15,185.00,256.00,1000,200,1000,1000,200,1000,59921.00,113907.20,79476.00,90923.70,57854.00,72204.50,-20.18,32.63,200,200,200,999.91,999.99,999.92,999.91,999.99,999.92,1.00,1.00,False,,False,,0,0,0,0,0,True,0,,0.00,0.00,0,0,True,,200000000,200000256,3520325002,True,0.0000,True,True,True,
run_2026-07-30T11-00-12_42,interference_sleep_preparation_500ms,sleep_preparation,500000000,19,3,42,1000.00,1821586335529,1822586414122,1822586416910,1823086502298,1823086504987,1824086587358,1000078593,500085388,1000082371,1000,500,1001,1000,500,1001,0,0,0,188.00,251.05,182.50,241.20,187.00,252.00,1000,500,1000,1000,500,1000,58530.00,70158.60,57580.50,69322.85,58295.50,70529.00,-1.19,-1.62,500,500,500,999.92,999.83,999.92,999.92,999.83,999.92,1.00,1.00,False,,False,,0,0,0,0,0,True,0,,0.00,0.00,0,0,True,,500000000,500084621,,True,0.0002,True,True,True,
run_2026-07-30T11-00-12_42,interference_cpu_bound_preparation_500ms,cpu_bound_preparation,500000000,19,4,42,1000.00,1824756316737,1825756399541,1825756403378,1826256406985,1826256409647,1827256498956,1000082804,500003607,1000089309,1001,500,1001,1001,500,1001,0,0,0,206.00,564.00,322.00,477.15,187.00,276.00,1001,500,1000,1000,500,1001,60845.00,125915.00,81009.50,96430.05,58954.50,74384.90,-23.42,33.14,500,500,500,1000.92,999.99,999.91,999.92,999.99,1000.91,1.00,1.00,False,,False,,1,1,1,1,0,True,0,,0.00,0.00,0,0,True,,500000000,500000412,2040564199,True,0.0000,True,True,True,
run_2026-07-30T11-00-12_42,interference_sleep_preparation_200ms,sleep_preparation,200000000,19,5,42,1000.00,1827927960175,1828928043872,1828928047378,1829128113949,1829128118085,1830128195033,1000083697,200066571,1000076948,1000,199,1001,1000,199,1001,0,1,0,190.00,322.40,198.00,1051.00,189.00,310.00,1000,199,1000,1000,199,1000,60188.00,87371.70,60572.00,121131.90,58577.00,82087.40,38.64,0.64,199,199,199,999.92,994.67,999.92,999.92,994.67,999.92,0.99,0.99,False,,False,,0,0,0,0,0,True,0,,0.00,0.00,0,0,True,,200000000,200066153,,True,0.0003,True,True,True,
run_2026-07-30T11-00-12_42,interference_no_candidate_preparation_200ms,no_candidate_preparation,200000000,19,6,42,1000.00,1830784515818,1831784593350,1831784595988,1831984674710,1831984677053,1832984753670,1000077532,200078722,1000076617,1000,200,1001,1000,200,1001,0,0,0,187.00,281.65,198.00,400.20,188.00,297.00,1000,200,1000,1000,200,1000,57279.50,70783.65,58261.00,71628.65,57303.50,69404.95,1.19,1.71,200,,200,999.92,999.61,999.92,999.92,999.61,999.92,1.00,1.00,False,,False,,0,0,0,0,0,True,0,,0.00,0.00,0,0,True,,,0,,True,0.0000,True,True,True,
run_2026-07-30T11-00-12_42,interference_sleep_preparation_500ms,sleep_preparation,500000000,20,1,42,1000.00,1833646617472,1834646693871,1834646696996,1835146773520,1835146776474,1836146858529,1000076399,500076524,1000082055,1000,500,1001,1000,500,1001,0,0,0,187.00,261.00,186.00,243.00,186.00,249.00,1000,500,1000,1000,500,1000,56868.50,73398.35,56713.00,73213.65,56608.00,70923.20,-0.25,-0.27,500,500,500,999.92,999.85,999.92,999.92,999.85,999.92,1.00,1.00,False,,False,,0,0,0,0,0,True,0,,0.00,0.00,0,0,True,,500000000,500076129,,True,0.0002,True,True,True,
run_2026-07-30T11-00-12_42,interference_no_candidate_preparation_500ms,no_candidate_preparation,500000000,20,2,42,1000.00,1836811975119,1837812038363,1837812041135,1838312133240,1838312136267,1839312216840,1000063244,500092105,1000080573,1000,500,1002,1000,500,1002,0,0,0,188.00,250.15,190.00,288.00,191.00,374.35,1000,500,1001,1000,500,1000,60544.00,74981.00,61338.00,79151.50,61634.00,100819.00,5.56,1.31,500,,500,999.94,999.82,1000.92,999.94,999.82,999.92,1.00,1.00,False,,False,,0,0,0,0,0,True,0,,0.00,0.00,0,0,True,,,0,,True,0.0000,True,True,True,
run_2026-07-30T11-00-12_42,interference_cpu_bound_preparation_500ms,cpu_bound_preparation,500000000,20,3,42,1000.00,1839978723101,1840978802508,1840978804940,1841478807575,1841478809443,1842478895422,1000079407,500002635,1000085979,1000,500,1001,1000,500,1001,0,0,0,186.00,259.10,317.00,418.00,188.00,307.00,1000,500,1000,1000,500,1000,57897.00,73387.20,80177.50,92888.40,60059.50,81304.80,26.57,38.48,500,500,500,999.92,999.99,999.91,999.92,999.99,999.91,1.00,1.00,False,,False,,0,0,0,0,0,True,0,,0.00,0.00,0,0,True,,500000000,500000149,2054716170,True,0.0000,True,True,True,
run_2026-07-30T11-00-12_42,interference_sleep_preparation_200ms,sleep_preparation,200000000,20,4,42,1000.00,1843148997979,1844149117118,1844149120372,1844349201705,1844349204196,1845349285236,1000119139,200081333,1000081040,1000,200,1001,1000,200,1001,0,0,0,188.00,251.10,189.00,303.45,190.00,269.00,1000,200,1000,1000,200,1000,58148.00,72455.50,61373.50,91955.45,59363.00,75318.85,26.91,5.55,200,200,200,999.88,999.59,999.92,999.88,999.59,999.92,1.00,1.00,False,,False,,0,0,0,0,0,True,0,,0.00,0.00,0,0,True,,200000000,200080879,,True,0.0004,True,True,True,
run_2026-07-30T11-00-12_42,interference_no_candidate_preparation_200ms,no_candidate_preparation,200000000,20,5,42,1000.00,1846009726515,1847009805248,1847009807941,1847209886191,1847209888207,1848209967954,1000078733,200078250,1000079747,1000,200,1001,1000,200,1001,0,0,0,185.00,250.05,181.50,263.25,191.00,265.00,1000,200,1000,1000,200,1000,57065.50,70944.25,58193.00,71832.10,57796.50,72571.40,1.25,1.98,200,,200,999.92,999.61,999.92,999.92,999.61,999.92,1.00,1.00,False,,False,,0,0,0,0,0,True,0,,0.00,0.00,0,0,True,,,0,,True,0.0000,True,True,True,
run_2026-07-30T11-00-12_42,interference_cpu_bound_preparation_200ms,cpu_bound_preparation,200000000,20,6,42,1000.00,1848873370790,1849873448617,1849873451441,1850073454555,1850073456598,1851073536552,1000077827,200003114,1000079954,999,196,1001,999,196,1001,1,4,0,192.00,464.60,365.50,484.50,190.00,270.00,999,196,1000,999,196,1000,60196.00,107209.60,94127.50,111039.75,59579.50,74334.70,3.57,56.37,196,196,196,998.92,979.98,999.92,998.92,979.98,999.92,0.98,0.98,False,,False,,0,0,0,0,0,True,0,,0.00,0.00,0,0,True,,200000000,200000270,1444937063,True,0.0000,True,True,True,
run_2026-07-30T11-00-12_42,interference_no_candidate_preparation_200ms,no_candidate_preparation,200000000,21,1,42,1000.00,1851738431594,1852738514321,1852738517978,1852938610269,1852938612886,1853938694312,1000082727,200092291,1000081426,1000,200,1000,1000,200,1000,0,0,1,188.00,299.40,190.00,258.55,188.00,288.15,1001,200,999,1000,201,999,58333.00,73784.00,58844.50,75478.60,58583.00,71584.40,2.30,0.88,201,,201,1000.92,999.54,998.92,999.92,1004.54,998.92,1.00,1.00,False,,False,,1,0,0,0,0,True,0,,0.00,0.00,0,0,True,,,0,,True,0.0000,True,True,True,
run_2026-07-30T11-00-12_42,interference_cpu_bound_preparation_500ms,cpu_bound_preparation,500000000,21,2,42,1000.00,1854604671019,1855604751091,1855604753733,1856104756348,1856104758272,1857104839422,1000080072,500002615,1000081150,1000,496,1001,1000,496,1001,0,4,0,189.00,271.25,323.00,441.75,188.00,252.00,1000,496,1000,1000,496,1000,58503.50,73323.60,80915.00,96716.25,59330.50,77995.40,31.90,38.31,496,496,496,999.92,991.99,999.92,999.92,991.99,999.92,0.99,0.99,False,,False,,0,0,0,0,0,True,0,,0.00,0.00,0,0,True,,500000000,500000274,3640713546,True,0.0000,True,True,True,
run_2026-07-30T11-00-12_42,interference_cpu_bound_preparation_200ms,cpu_bound_preparation,200000000,21,3,42,1000.00,1857770835345,1858770915526,1858770918643,1858970920903,1858970923034,1859971043263,1000080181,200002260,1000120229,1000,199,1001,1000,199,1001,0,1,0,187.50,358.95,328.00,459.60,193.00,554.00,1000,199,1000,1000,199,1000,59103.50,75984.35,84792.00,102937.10,60350.00,108729.00,35.47,43.46,199,199,199,999.92,994.99,999.88,999.92,994.99,999.88,1.00,1.00,False,,False,,0,0,0,0,0,True,0,,0.00,0.00,0,0,True,,200000000,200000185,878156906,True,0.0000,True,True,True,
run_2026-07-30T11-00-12_42,interference_sleep_preparation_500ms,sleep_preparation,500000000,21,4,42,1000.00,1860636123313,1861636203325,1861636206315,1862136291542,1862136295550,1863136376898,1000080012,500085227,1000081348,1000,500,1002,1000,500,1002,0,0,0,187.00,256.10,191.00,271.60,189.00,267.00,1000,500,1001,1000,500,1000,58591.50,74071.80,59549.00,71252.65,59885.00,80211.00,-3.81,1.63,500,500,500,999.92,999.83,1000.92,999.92,999.83,999.92,1.00,1.00,False,,False,,0,0,0,0,0,True,0,,0.00,0.00,0,0,True,,500000000,500084568,,True,0.0002,True,True,True,
run_2026-07-30T11-00-12_42,interference_no_candidate_preparation_500ms,no_candidate_preparation,500000000,21,5,42,1000.00,1863804771458,1864804854864,1864804858702,1865305030242,1865305035232,1866305133017,1000083406,500171540,1000097785,1000,500,1001,1000,500,1001,0,0,0,190.00,276.15,191.50,365.50,190.00,278.00,1000,500,1000,1000,500,1000,62662.50,79757.75,62169.50,79871.55,62350.50,76804.55,0.14,-0.79,500,,500,999.92,999.66,999.90,999.92,999.66,999.90,1.00,1.00,False,,False,,0,0,0,0,0,True,0,,0.00,0.00,0,0,True,,,0,,True,0.0000,True,True,True,
run_2026-07-30T11-00-12_42,interference_sleep_preparation_200ms,sleep_preparation,200000000,21,6,42,1000.00,1866976528902,1867976607037,1867976609960,1868176690605,1868176693389,1869176791544,1000078135,200080645,1000098155,1000,200,1001,1000,200,1001,0,0,0,185.00,249.00,183.50,366.45,194.00,558.00,1000,200,1000,1000,200,1000,59649.00,75999.15,58397.50,77207.70,61683.50,142923.80,1.59,-2.10,200,200,200,999.92,999.60,999.90,999.92,999.60,999.90,1.00,1.00,False,,False,,0,0,0,0,0,True,0,,0.00,0.00,0,0,True,,200000000,200080125,,True,0.0004,True,True,True,
run_2026-07-30T11-00-12_42,interference_sleep_preparation_500ms,sleep_preparation,500000000,22,1,42,1000.00,1869832823193,1870832902692,1870832905374,1871332986032,1871332989193,1872333040546,1000079499,500080658,1000051353,1000,500,1001,1000,500,1001,0,0,0,191.00,274.15,193.50,296.15,189.00,303.00,1000,500,1000,1000,500,1000,62167.50,74761.90,61990.00,77676.25,62759.50,81712.75,3.90,-0.29,500,500,500,999.92,999.84,999.95,999.92,999.84,999.95,1.00,1.00,False,,False,,0,0,0,0,0,True,0,,0.00,0.00,0,0,True,,500000000,500080270,,True,0.0002,True,True,True,
run_2026-07-30T11-00-12_42,interference_no_candidate_preparation_500ms,no_candidate_preparation,500000000,22,2,42,1000.00,1872999374839,1873999464779,1873999470431,1874499550482,1874499553483,1875499633297,1000089940,500080051,1000079814,1000,500,1001,1000,500,1001,0,0,0,187.00,249.00,184.00,299.10,184.00,263.00,1000,500,1000,1001,500,1000,59346.50,73947.65,59329.50,83685.80,59487.50,74329.30,13.17,-0.03,500,,500,999.91,999.84,999.92,1000.91,999.84,999.92,1.00,1.00,False,,False,,0,0,0,0,0,True,0,,0.00,0.00,0,0,True,,,0,,True,0.0000,True,True,True,
run_2026-07-30T11-00-12_42,interference_no_candidate_preparation_200ms,no_candidate_preparation,200000000,22,3,42,1000.00,1876169360169,1877169439735,1877169442156,1877369535227,1877369538869,1878369618079,1000079566,200093071,1000079210,1000,200,1001,1000,200,1001,0,0,0,180.00,289.80,183.00,230.15,181.00,263.00,1000,200,1000,1000,200,1000,59665.50,74094.35,59497.00,72682.25,59769.50,73412.15,-1.91,-0.28,200,,200,999.92,999.53,999.92,999.92,999.53,999.92,1.00,1.00,False,,False,,0,0,0,0,0,True,0,,0.00,0.00,0,0,True,,,0,,True,0.0000,True,True,True,
run_2026-07-30T11-00-12_42,interference_cpu_bound_preparation_500ms,cpu_bound_preparation,500000000,22,4,42,1000.00,1879027385976,1880027474822,1880027480710,1880527485728,1880527488561,1881527569300,1000088846,500005018,1000080739,999,500,1001,999,500,1001,1,0,0,194.00,455.10,336.00,469.30,196.00,275.00,999,500,1000,1000,500,1000,61097.00,106001.20,82501.50,99521.10,60756.00,74495.80,-6.11,35.03,500,500,500,998.91,999.99,999.92,999.91,999.99,999.92,1.00,1.00,False,,False,,0,0,0,0,0,True,0,,0.00,0.00,0,0,True,,500000000,500000909,3124267370,True,0.0000,True,True,True,
run_2026-07-30T11-00-12_42,interference_cpu_bound_preparation_200ms,cpu_bound_preparation,200000000,22,5,42,1000.00,1882199712695,1883199799764,1883199803003,1883399805625,1883399807432,1884399895550,1000087069,200002622,1000088118,1000,200,1001,1000,200,1001,0,0,0,197.50,283.25,313.50,419.00,194.00,319.00,1000,200,1000,1000,200,1000,86595.00,99479.45,96502.50,104657.50,86781.50,98122.40,5.21,11.44,200,200,200,999.91,999.99,999.91,999.91,999.99,999.91,1.00,1.00,False,,False,,0,0,0,0,0,True,0,,0.00,0.00,0,0,True,,200000000,200000184,2197118087,True,0.0000,True,True,True,
run_2026-07-30T11-00-12_42,interference_sleep_preparation_200ms,sleep_preparation,200000000,22,6,42,1000.00,1885067125530,1886067208813,1886067211842,1886267295915,1886267298571,1887267342871,1000083283,200084073,1000044300,1000,200,1001,1000,200,1001,0,0,0,198.00,349.10,194.50,338.20,194.00,282.00,1000,200,1000,1000,200,1000,62269.00,80168.15,62718.50,92526.55,62446.00,75870.70,15.42,0.72,200,200,200,999.92,999.58,999.96,999.92,999.58,999.96,1.00,1.00,False,,False,,0,0,0,0,0,True,0,,0.00,0.00,0,0,True,,200000000,200083616,,True,0.0004,True,True,True,
run_2026-07-30T11-00-12_42,interference_no_candidate_preparation_200ms,no_candidate_preparation,200000000,23,1,42,1000.00,1887934134976,1888934218590,1888934221633,1889134295509,1889134300015,1890134376403,1000083614,200073876,1000076388,999,199,1001,999,199,1001,1,1,0,195.00,298.70,200.00,8742.20,205.00,755.00,999,199,1000,999,199,1000,62091.00,80882.80,64541.00,135648.90,65437.00,93715.95,67.71,3.95,199,,199,998.92,994.63,999.92,998.92,994.63,999.92,1.00,1.00,False,,False,,0,0,0,0,0,True,0,,0.00,0.00,0,0,True,,,0,,True,0.0000,True,True,True,
run_2026-07-30T11-00-12_42,interference_sleep_preparation_200ms,sleep_preparation,200000000,23,2,42,1000.00,1890802198297,1891802279864,1891802282880,1892002366792,1892002369535,1893002454146,1000081567,200083912,1000084611,1000,200,1001,1000,200,1001,0,0,0,187.00,268.20,186.50,278.45,192.00,310.00,1000,200,1000,1000,200,1000,59085.00,73169.50,59987.50,77043.05,60393.00,76165.60,5.29,1.53,200,200,200,999.92,999.58,999.92,999.92,999.58,999.92,1.00,1.00,False,,False,,0,0,0,0,0,True,0,,0.00,0.00,0,0,True,,200000000,200083528,,True,0.0004,True,True,True,
run_2026-07-30T11-00-12_42,interference_cpu_bound_preparation_200ms,cpu_bound_preparation,200000000,23,3,42,1000.00,1893663763865,1894663846559,1894663849778,1894863853060,1894863858200,1895863938984,1000082694,200003282,1000080784,1000,200,1001,1000,200,1001,0,0,0,224.00,2851.70,343.00,653.05,209.00,426.00,1000,200,1000,1000,200,1000,73551.50,97356.40,84824.00,97782.75,69179.50,89560.10,0.44,15.33,200,200,200,999.92,999.98,999.92,999.92,999.98,999.92,1.00,1.00,False,,False,,0,0,0,0,0,True,0,,0.00,0.00,0,0,True,,200000000,200000306,3302093351,True,0.0000,True,True,True,
run_2026-07-30T11-00-12_42,interference_no_candidate_preparation_500ms,no_candidate_preparation,500000000,23,4,42,1000.00,1896535379696,1897535459681,1897535463573,1898035549929,1898035553228,1899035641806,1000079985,500086356,1000088578,1000,501,1001,1000,501,1001,0,0,0,197.00,385.30,204.00,391.00,196.00,437.00,1000,500,1001,1000,500,1000,61691.00,84292.20,64619.00,79495.75,61686.00,86300.00,-5.69,4.75,500,,500,999.92,999.83,1000.91,999.92,999.83,999.91,1.00,1.00,False,,False,,0,0,0,0,0,True,1,,0.00,0.00,0,0,True,,,0,,True,0.0000,True,True,True,
run_2026-07-30T11-00-12_42,interference_sleep_preparation_500ms,sleep_preparation,500000000,23,5,42,1000.00,1899739806841,1900739888868,1900739891932,1901239973181,1901239975950,1902240038918,1000082027,500081249,1000062968,1000,500,1001,1000,500,1001,0,0,0,189.00,405.10,195.00,276.30,195.00,495.00,1000,500,1000,1000,500,1000,60746.00,80758.90,60590.00,74461.25,61786.50,92829.65,-7.80,-0.26,500,500,500,999.92,999.84,999.94,999.92,999.84,999.94,1.00,1.00,False,,False,,0,0,0,0,0,True,0,,0.00,0.00,0,0,True,,500000000,500080597,,True,0.0002,True,True,True,
run_2026-07-30T11-00-12_42,interference_cpu_bound_preparation_500ms,cpu_bound_preparation,500000000,23,6,42,1000.00,1902908479484,1903908561931,1903908565057,1904408567645,1904408569633,1905408648826,1000082447,500002588,1000079193,1000,500,1001,1000,500,1001,0,0,0,197.00,292.40,314.50,430.10,195.00,290.00,1000,500,1000,1000,500,1000,66868.00,86048.10,81114.00,99980.20,65283.50,84812.40,16.19,21.30,500,500,500,999.92,999.99,999.92,999.92,999.99,999.92,1.00,1.00,False,,False,,0,0,0,0,0,True,0,,0.00,0.00,0,0,True,,500000000,500000153,129008519,True,0.0000,True,True,True,
run_2026-07-30T11-00-12_42,interference_no_candidate_preparation_200ms,no_candidate_preparation,200000000,24,1,42,1000.00,1906086123015,1907086209155,1907086212384,1907286293455,1907286295870,1908286375591,1000086140,200081071,1000079721,1000,200,1001,1000,200,1001,0,0,0,207.00,2598.35,206.50,318.15,203.00,391.00,1000,200,1000,1000,200,1000,66380.50,93988.50,64158.00,86017.25,63201.00,81845.20,-8.48,-3.35,200,,200,999.91,999.59,999.92,999.91,999.59,999.92,1.00,1.00,False,,False,,0,0,0,0,0,True,0,,0.00,0.00,0,0,True,,,0,,True,0.0000,True,True,True,
run_2026-07-30T11-00-12_42,interference_no_candidate_preparation_500ms,no_candidate_preparation,500000000,24,2,42,1000.00,1908955732570,1909955815532,1909955818939,1910455901759,1910455904077,1911455984554,1000082962,500082820,1000080477,1000,500,1001,1000,500,1001,0,0,0,212.00,2766.25,204.00,414.85,201.00,476.00,1000,500,1000,1000,500,1000,71558.50,113704.00,68628.50,88400.80,68687.50,86291.35,-22.25,-4.09,500,,500,999.92,999.83,999.92,999.92,999.83,999.92,1.00,1.00,False,,False,,0,0,0,0,0,True,0,,0.00,0.00,0,0,True,,,0,,True,0.0000,True,True,True,
run_2026-07-30T11-00-12_42,interference_cpu_bound_preparation_500ms,cpu_bound_preparation,500000000,24,3,42,1000.00,1912134157536,1913134240753,1913134243875,1913634246617,1913634248813,1914634334562,1000083217,500002742,1000085749,1000,500,1001,1000,500,1001,0,0,0,198.00,367.90,329.00,475.05,200.00,583.00,1000,500,1000,1000,500,1000,62084.00,86679.55,84538.50,101380.90,62206.00,80194.30,16.96,36.17,500,500,500,999.92,999.99,999.91,999.92,999.99,999.91,1.00,1.00,False,,False,,0,0,0,0,0,True,0,,0.00,0.00,0,0,True,,500000000,500000177,3401249575,True,0.0000,True,True,True,
run_2026-07-30T11-00-12_42,interference_sleep_preparation_500ms,sleep_preparation,500000000,24,4,42,1000.00,1915306521452,1916306602303,1916306605177,1916806684817,1916806687661,1917806779466,1000080851,500079640,1000091805,1000,500,1001,1000,500,1001,0,0,0,190.00,283.05,194.00,298.10,195.00,292.00,1000,500,1000,1000,500,1000,59474.00,78590.60,59113.50,75223.35,60211.50,77575.30,-4.28,-0.61,500,500,500,999.92,999.84,999.91,999.92,999.84,999.91,1.00,1.00,False,,False,,0,0,0,0,0,True,0,,0.00,0.00,0,0,True,,500000000,500078914,,True,0.0002,True,True,True,
run_2026-07-30T11-00-12_42,interference_sleep_preparation_200ms,sleep_preparation,200000000,24,5,42,1000.00,1918482935956,1919483056641,1919483061128,1919683145527,1919683148630,1920683230022,1000120685,200084399,1000081392,1000,200,1001,1000,200,1001,0,0,0,207.00,570.25,206.00,700.00,198.00,510.00,1000,200,1000,1000,200,1000,67150.50,114783.20,71082.50,86515.90,65004.50,91244.05,-24.63,5.86,200,200,200,999.88,999.58,999.92,999.88,999.58,999.92,1.00,1.00,False,,False,,0,0,0,0,0,True,0,,0.00,0.00,0,0,True,,200000000,200083954,,True,0.0004,True,True,True,
run_2026-07-30T11-00-12_42,interference_cpu_bound_preparation_200ms,cpu_bound_preparation,200000000,24,6,42,1000.00,1921345038647,1922345121929,1922345125234,1922545138139,1922545141393,1923545214259,1000083282,200012905,1000072866,1000,200,1002,1000,200,1002,0,0,0,194.00,379.45,324.50,419.10,192.00,285.95,1000,200,1000,1000,200,1000,63402.00,83213.85,81924.00,102555.40,62850.50,80991.80,23.24,29.21,200,200,200,999.92,999.94,999.93,999.92,999.94,999.93,1.00,1.00,False,,False,,0,0,0,0,0,True,0,,0.00,0.00,0,0,True,,200000000,200001408,674149162,True,0.0000,True,True,True,
run_2026-07-30T11-00-12_42,interference_sleep_preparation_200ms,sleep_preparation,200000000,25,1,42,1000.00,1924217131295,1925217210611,1925217214068,1925417291111,1925417294237,1926417371577,1000079316,200077043,1000077340,1000,200,1001,1000,200,1001,0,0,0,189.00,276.10,185.50,296.30,190.00,285.00,1000,200,1000,1000,200,1000,58342.00,76669.55,58724.00,85125.10,58591.50,78476.85,11.03,0.65,200,200,200,999.92,999.61,999.92,999.92,999.61,999.92,1.00,1.00,False,,False,,0,0,0,0,0,True,0,,0.00,0.00,0,0,True,,200000000,200076462,,True,0.0004,True,True,True,
run_2026-07-30T11-00-12_42,interference_cpu_bound_preparation_200ms,cpu_bound_preparation,200000000,25,2,42,1000.00,1927079794140,1928079875359,1928079878399,1928279880824,1928279882932,1929279976807,1000081219,200002425,1000093875,1000,200,1001,1000,200,1001,0,0,0,195.00,284.55,314.50,458.05,203.00,2744.00,1000,200,1000,1000,200,1000,61843.00,82580.10,87598.00,102344.95,63941.00,122948.85,23.93,41.65,200,200,200,999.92,999.99,999.91,999.92,999.99,999.91,1.00,1.00,False,,False,,0,0,0,0,0,True,0,,0.00,0.00,0,0,True,,200000000,200000232,19406183,True,0.0000,True,True,True,
run_2026-07-30T11-00-12_42,interference_no_candidate_preparation_500ms,no_candidate_preparation,500000000,25,3,42,1000.00,1929955679427,1930955759854,1930955763247,1931455865715,1931455869173,1932455951716,1000080427,500102468,1000082543,1000,501,1001,1000,501,1001,0,0,0,348.50,4671.75,639.00,3093.00,843.00,3359.00,1000,500,1001,1000,500,1000,60810.50,81283.45,61922.00,77166.65,62041.00,80488.00,-5.06,1.83,500,,500,999.92,999.80,1000.92,999.92,999.80,999.92,1.00,1.00,False,,False,,0,0,0,0,0,True,1,,0.00,0.00,0,0,True,,,0,,True,0.0000,True,True,True,
run_2026-07-30T11-00-12_42,interference_sleep_preparation_500ms,sleep_preparation,500000000,25,4,42,1000.00,1933132514292,1934132595827,1934132598782,1934632679506,1934632682263,1935632769629,1000081535,500080724,1000087366,1000,500,1001,1000,500,1001,0,0,0,193.00,303.30,190.00,357.00,189.00,319.00,1000,500,1000,1000,500,1000,64153.00,84125.80,64994.50,85006.40,64371.50,82628.20,1.05,1.31,500,500,500,999.92,999.84,999.91,999.92,999.84,999.91,1.00,1.00,False,,False,,0,0,0,0,0,True,0,,0.00,0.00,0,0,True,,500000000,500080337,,True,0.0002,True,True,True,
run_2026-07-30T11-00-12_42,interference_cpu_bound_preparation_500ms,cpu_bound_preparation,500000000,25,5,42,1000.00,1936302377302,1937302469850,1937302476007,1937802480165,1937802482107,1938802556115,1000092548,500004158,1000074008,1000,500,1001,1000,500,1001,0,0,0,195.00,311.20,330.00,622.85,205.00,554.00,1000,500,1000,1001,500,1000,59956.50,81016.00,84174.00,104276.90,63726.50,85870.30,28.71,40.39,500,500,500,999.91,999.99,999.93,1000.91,999.99,999.93,1.00,1.00,False,,False,,0,0,0,0,0,True,0,,0.00,0.00,0,0,True,,500000000,500000154,1346961674,True,0.0000,True,True,True,
run_2026-07-30T11-00-12_42,interference_no_candidate_preparation_200ms,no_candidate_preparation,200000000,25,6,42,1000.00,1939480139527,1940480220737,1940480223582,1940680327002,1940680330988,1941680413326,1000081210,200103420,1000082338,1000,200,1002,1000,200,1002,0,0,0,192.50,330.35,203.00,719.75,201.00,1536.70,1000,200,1001,1000,200,1000,61044.50,77102.85,61176.00,89047.00,62697.00,79647.00,15.49,0.22,200,,200,999.92,999.48,1000.92,999.92,999.48,999.92,1.00,1.00,False,,False,,0,0,0,0,0,True,0,,0.00,0.00,0,0,True,,,0,,True,0.0000,True,True,True,
run_2026-07-30T11-00-12_42,interference_sleep_preparation_500ms,sleep_preparation,500000000,26,1,42,1000.00,1942355769583,1943355851332,1943355855024,1943855938852,1943855941803,1944856054284,1000081749,500083828,1000112481,1000,500,1001,1000,500,1001,0,0,0,201.00,370.50,195.50,480.60,224.00,4943.00,1000,500,1000,1000,500,1000,62249.00,78865.50,62430.00,85514.55,67665.00,139922.30,8.43,0.29,500,500,500,999.92,999.83,999.89,999.92,999.83,999.89,1.00,1.00,False,,False,,0,0,0,0,0,True,0,,0.00,0.00,0,0,True,,500000000,500083050,,True,0.0002,True,True,True,
run_2026-07-30T11-00-12_42,interference_cpu_bound_preparation_200ms,cpu_bound_preparation,200000000,26,2,42,1000.00,1945555550309,1946555630222,1946555633341,1946755636332,1946755638567,1947755736187,1000079913,200002991,1000097620,1000,200,1001,1000,200,1001,0,0,0,205.00,2393.95,329.50,734.15,197.00,350.00,1000,200,1000,1000,200,1000,73074.00,98093.45,90381.00,110453.85,67396.00,87512.00,12.60,23.68,200,200,200,999.92,999.99,999.90,999.92,999.99,999.90,1.00,1.00,False,,False,,0,0,0,0,0,True,0,,0.00,0.00,0,0,True,,200000000,200000294,1592142954,True,0.0000,True,True,True,
run_2026-07-30T11-00-12_42,interference_sleep_preparation_200ms,sleep_preparation,200000000,26,3,42,1000.00,1948429129031,1949429228062,1949429232060,1949629317569,1949629321662,1950629412272,1000099031,200085509,1000090610,1000,201,1001,1000,201,1001,0,0,0,210.00,1791.05,207.00,326.00,203.00,598.00,1000,201,1000,1000,200,1001,68148.00,127999.20,67488.00,84384.00,66663.50,90693.85,-34.07,-0.97,200,200,200,999.90,1004.57,999.91,999.90,999.57,1000.91,1.00,1.00,False,,False,,0,1,1,1,0,True,0,,0.00,0.00,0,0,True,,200000000,200084818,,True,0.0004,True,True,True,
run_2026-07-30T11-00-12_42,interference_no_candidate_preparation_200ms,no_candidate_preparation,200000000,26,4,42,1000.00,1951296816483,1952296896446,1952296899235,1952496982216,1952496984542,1953497040892,1000079963,200082981,1000056350,1000,200,1001,1000,200,1001,0,0,0,209.00,1981.00,213.50,3650.35,211.00,1733.00,1000,200,1000,1000,200,1000,64795.00,84211.20,65821.50,95506.10,63745.50,83262.55,13.41,1.58,200,,200,999.92,999.59,999.94,999.92,999.59,999.94,1.00,1.00,False,,False,,0,0,0,0,0,True,0,,0.00,0.00,0,0,True,,,0,,True,0.0000,True,True,True,
run_2026-07-30T11-00-12_42,interference_no_candidate_preparation_500ms,no_candidate_preparation,500000000,26,5,42,1000.00,1954171360929,1955171441537,1955171444773,1955671527440,1955671529915,1956671609737,1000080608,500082667,1000079822,1000,500,1001,1000,500,1001,0,0,0,201.50,389.35,200.00,626.05,199.00,463.00,1000,500,1000,1001,500,1000,66984.00,84580.55,67403.50,95951.70,65411.00,86190.65,13.44,0.63,500,,500,999.92,999.83,999.92,1000.92,999.83,999.92,1.00,1.00,False,,False,,0,0,0,0,0,True,0,,0.00,0.00,0,0,True,,,0,,True,0.0000,True,True,True,
run_2026-07-30T11-00-12_42,interference_cpu_bound_preparation_500ms,cpu_bound_preparation,500000000,26,6,42,1000.00,1957341875864,1958341958293,1958341961500,1958841963987,1958841966034,1959842042601,1000082429,500002487,1000076567,1000,500,1001,1000,500,1001,0,0,0,195.00,374.05,338.00,487.30,200.00,533.00,1000,500,1000,1000,500,1000,62577.50,83893.75,84049.00,103414.95,63013.50,120044.20,23.27,34.31,500,500,500,999.92,1000.00,999.92,999.92,1000.00,999.92,1.00,1.00,False,,False,,0,0,0,0,0,True,0,,0.00,0.00,0,0,True,,500000000,500000266,2590552455,True,0.0000,True,True,True,
run_2026-07-30T11-00-12_42,interference_sleep_preparation_200ms,sleep_preparation,200000000,27,1,42,1000.00,1960511717238,1961511803239,1961511806575,1961711888279,1961711891348,1962712023620,1000086001,200081704,1000132272,1000,200,1001,1000,200,1001,0,0,0,194.00,298.10,200.50,552.00,196.00,349.00,1000,200,1000,1000,200,1000,65084.00,84599.45,64932.50,88290.75,68398.00,89386.70,4.36,-0.23,200,200,200,999.91,999.59,999.87,999.91,999.59,999.87,1.00,1.00,False,,False,,0,0,0,0,0,True,0,,0.00,0.00,0,0,True,,200000000,200081191,,True,0.0004,True,True,True,
run_2026-07-30T11-00-12_42,interference_no_candidate_preparation_200ms,no_candidate_preparation,200000000,27,2,42,1000.00,1963385745592,1964385827956,1964385831431,1964585921863,1964585924998,1965586036515,1000082364,200090432,1000111517,1000,200,1001,1000,200,1001,0,0,0,201.00,4358.10,201.50,2194.45,196.00,854.00,1000,200,1000,1000,200,1000,68566.50,117902.80,65627.00,93062.70,65644.00,87262.20,-21.07,-4.29,200,,200,999.92,999.55,999.89,999.92,999.55,999.89,1.00,1.00,False,,False,,0,0,0,0,0,True,0,,0.00,0.00,0,0,True,,,0,,True,0.0000,True,True,True,
run_2026-07-30T11-00-12_42,interference_cpu_bound_preparation_500ms,cpu_bound_preparation,500000000,27,3,42,1000.00,1966261862773,1967261944265,1967261947368,1967761950380,1967761952602,1968762041069,1000081492,500003012,1000088467,1000,500,1001,1000,500,1001,0,0,0,195.50,420.30,351.50,818.10,202.00,438.00,1000,500,1000,1000,500,1000,61454.50,80953.30,87982.00,107282.00,61809.00,80638.85,32.52,43.17,500,500,500,999.92,999.99,999.91,999.92,999.99,999.91,1.00,1.00,False,,False,,0,0,0,0,0,True,0,,0.00,0.00,0,0,True,,500000000,500000283,2182043527,True,0.0000,True,True,True,
run_2026-07-30T11-00-12_42,interference_cpu_bound_preparation_200ms,cpu_bound_preparation,200000000,27,4,42,1000.00,1969450824381,1970450906027,1970450909001,1970650911456,1970650913806,1971650993023,1000081646,200002455,1000079217,1000,195,1001,1000,195,1001,0,5,0,204.00,1077.80,342.00,460.30,200.00,354.00,1000,195,1000,1000,195,1000,62367.00,86953.40,84806.00,101998.10,62306.00,80655.60,17.30,35.98,195,195,195,999.92,974.99,999.92,999.92,974.99,999.92,0.98,0.98,False,,False,,0,0,0,0,0,True,0,,0.00,0.00,0,0,True,,200000000,200000180,1278656778,True,0.0000,True,True,True,
run_2026-07-30T11-00-12_42,interference_no_candidate_preparation_500ms,no_candidate_preparation,500000000,27,5,42,1000.00,1972325761389,1973325841164,1973325843804,1973825924498,1973825926986,1974826022520,1000079775,500080694,1000095534,1000,500,1001,1000,500,1001,0,0,0,200.00,505.50,201.00,383.30,208.00,5937.00,1000,500,1000,1000,500,1000,65567.00,84843.70,66677.50,85980.30,69735.00,95536.85,1.34,1.69,500,,500,999.92,999.84,999.90,999.92,999.84,999.90,1.00,1.00,False,,False,,0,0,0,0,0,True,0,,0.00,0.00,0,0,True,,,0,,True,0.0000,True,True,True,
run_2026-07-30T11-00-12_42,interference_sleep_preparation_500ms,sleep_preparation,500000000,27,6,42,1000.00,1975502935518,1976503047367,1976503054876,1977003151838,1977003155429,1978003215765,1000111849,500096962,1000060336,1000,500,1001,1000,500,1001,0,0,0,198.00,359.20,189.00,305.30,195.00,348.00,1000,500,1000,1000,500,1000,66028.00,85748.60,64510.50,83563.80,64853.50,81395.10,-2.55,-2.30,500,500,500,999.89,999.81,999.94,999.89,999.81,999.94,1.00,1.00,False,,False,,0,0,0,0,0,True,0,,0.00,0.00,0,0,True,,500000000,500096439,,True,0.0002,True,True,True,
run_2026-07-30T11-00-12_42,interference_sleep_preparation_500ms,sleep_preparation,500000000,28,1,42,1000.00,1978676126440,1979676217545,1979676222193,1980176313312,1980176316269,1981176400279,1000091105,500091119,1000084010,999,500,1001,999,500,1001,1,0,0,205.00,1540.30,204.00,311.45,195.00,322.00,999,500,1000,999,500,1000,64026.00,117469.00,63506.00,80182.40,60966.50,78064.85,-31.74,-0.81,500,500,500,998.91,999.82,999.92,998.91,999.82,999.92,1.00,1.00,False,,False,,0,0,0,0,0,True,0,,0.00,0.00,0,0,True,,500000000,500090685,,True,0.0002,True,True,True,
run_2026-07-30T11-00-12_42,interference_sleep_preparation_200ms,sleep_preparation,200000000,28,2,42,1000.00,1981851132848,1982851232257,1982851235818,1983051305227,1983051309156,1984051397982,1000099409,200069409,1000088826,1000,201,1001,1000,201,1001,0,0,0,196.00,386.65,197.00,462.00,203.00,516.00,1000,201,1000,1000,200,1001,65139.50,83781.30,65816.00,80808.00,66865.00,95267.90,-3.55,1.04,200,200,200,999.90,1004.65,999.91,999.90,999.65,1000.91,1.00,1.00,False,,False,,0,1,1,1,0,True,0,,0.00,0.00,0,0,True,,200000000,200068725,,True,0.0003,True,True,True,
run_2026-07-30T11-00-12_42,interference_no_candidate_preparation_500ms,no_candidate_preparation,500000000,28,3,42,1000.00,1984720499231,1985720586533,1985720588860,1986220670585,1986220673547,1987220767969,1000087302,500081725,1000094422,1000,500,1001,1000,500,1001,0,0,0,194.50,285.10,192.00,288.00,194.00,324.00,1000,500,1000,1001,500,1000,61414.50,79171.75,60674.00,80683.30,61270.50,79369.90,1.91,-1.21,500,,500,999.91,999.84,999.91,1000.91,999.84,999.91,1.00,1.00,False,,False,,0,0,0,0,0,True,0,,0.00,0.00,0,0,True,,,0,,True,0.0000,True,True,True,
run_2026-07-30T11-00-12_42,interference_cpu_bound_preparation_200ms,cpu_bound_preparation,200000000,28,4,42,1000.00,1987898163740,1988898249554,1988898253072,1989098256761,1989098260300,1990098321908,1000085814,200003689,1000061608,1000,199,1001,1000,199,1001,0,1,0,200.00,513.15,345.00,1660.80,198.00,612.00,1000,199,1000,1000,199,1000,61866.50,110454.25,84702.00,110342.50,62278.00,106586.90,-0.10,36.91,199,199,199,999.91,994.98,999.94,999.91,994.98,999.94,1.00,1.00,False,,False,,0,0,0,0,0,True,0,,0.00,0.00,0,0,True,,200000000,200000496,2734386602,True,0.0000,True,True,True,
run_2026-07-30T11-00-12_42,interference_no_candidate_preparation_200ms,no_candidate_preparation,200000000,28,5,42,1000.00,1990775759883,1991775843192,1991775845880,1991975927003,1991975929715,1992976030327,1000083309,200081123,1000100612,1000,200,1001,1000,200,1001,0,0,0,198.00,349.10,187.50,290.80,201.00,433.00,1000,200,1000,1000,200,1000,62572.50,81854.40,60672.00,73787.60,63610.50,86434.35,-9.86,-3.04,200,,200,999.92,999.59,999.90,999.92,999.59,999.90,1.00,1.00,False,,False,,0,0,0,0,0,True,0,,0.00,0.00,0,0,True,,,0,,True,0.0000,True,True,True,
run_2026-07-30T11-00-12_42,interference_cpu_bound_preparation_500ms,cpu_bound_preparation,500000000,28,6,42,1000.00,1993652613489,1994652696262,1994652699578,1995152709995,1995152712189,1996152796908,1000082773,500010417,1000084719,1000,500,1001,1000,500,1001,0,0,0,197.00,519.35,352.00,522.35,199.00,372.00,1000,500,1000,1000,500,1000,62804.50,79929.70,85753.50,105100.55,62671.50,80185.60,31.49,36.54,500,500,500,999.92,999.98,999.92,999.92,999.98,999.92,1.00,1.00,False,,False,,0,0,0,0,0,True,0,,0.00,0.00,0,0,True,,500000000,500007457,1623146154,True,0.0000,True,True,True,
run_2026-07-30T11-00-12_42,interference_sleep_preparation_500ms,sleep_preparation,500000000,29,1,42,1000.00,1996839758955,1997839839557,1997839842849,1998339926083,1998339928729,1999340044407,1000080602,500083234,1000115678,1000,500,1001,1000,500,1001,0,0,0,200.00,572.70,194.00,637.40,207.00,3028.00,1000,500,1000,1000,500,1000,63900.50,82754.15,62157.00,77847.40,66383.00,123692.35,-5.93,-2.73,500,500,500,999.92,999.83,999.88,999.92,999.83,999.88,1.00,1.00,False,,False,,0,0,0,0,0,True,0,,0.00,0.00,0,0,True,,500000000,500082386,,True,0.0002,True,True,True,
run_2026-07-30T11-00-12_42,interference_sleep_preparation_200ms,sleep_preparation,200000000,29,2,42,1000.00,2000027378625,2001027465173,2001027468890,2001227562406,2001227569935,2002227650223,1000086548,200093516,1000080288,1000,200,1001,1000,200,1001,0,0,0,208.50,516.30,196.00,289.80,200.00,487.00,1001,200,1000,1000,201,1000,64767.00,87369.00,62472.00,76196.60,63668.50,85008.95,-12.79,-3.54,201,201,201,1000.91,999.53,999.92,999.91,1004.53,999.92,1.00,1.00,False,,False,,1,0,0,0,0,True,0,,0.00,0.00,0,0,True,,200000000,200092451,,True,0.0005,True,True,True,
run_2026-07-30T11-00-12_42,interference_cpu_bound_preparation_500ms,cpu_bound_preparation,500000000,29,3,42,1000.00,2002906033113,2003906127763,2003906130967,2004406134970,2004406138577,2005406218675,1000094650,500004003,1000080098,1000,500,1001,1000,500,1001,0,0,0,197.00,480.45,372.50,682.40,217.00,1105.00,1000,500,1000,1000,500,1000,65667.50,84861.60,92064.00,107751.45,70661.00,135147.50,26.97,40.20,500,500,500,999.91,999.99,999.92,999.91,999.99,999.92,1.00,1.00,False,,False,,0,0,0,0,0,True,0,,0.00,0.00,0,0,True,,500000000,500000690,1144156775,True,0.0000,True,True,True,
run_2026-07-30T11-00-12_42,interference_no_candidate_preparation_500ms,no_candidate_preparation,500000000,29,4,42,1000.00,2006090889436,2007090971599,2007090974610,2007591045361,2007591050456,2008591160252,1000082163,500070751,1000109796,1000,500,1001,1000,500,1001,0,0,0,206.00,1980.25,202.00,530.00,203.00,2209.00,1000,500,1000,1000,500,1000,69417.50,92180.30,65721.50,85253.45,68155.50,90564.35,-7.51,-5.32,500,,500,999.92,999.86,999.89,999.92,999.86,999.89,1.00,1.00,False,,False,,0,0,0,0,0,True,0,,0.00,0.00,0,0,True,,,0,,True,0.0000,True,True,True,
run_2026-07-30T11-00-12_42,interference_cpu_bound_preparation_200ms,cpu_bound_preparation,200000000,29,5,42,1000.00,2009272760907,2010272842700,2010272845715,2010472848692,2010472850763,2011472930532,1000081793,200002977,1000079769,1000,200,1001,1000,200,1001,0,0,0,7669.00,20318.80,503.50,6133.40,8907.00,21956.00,1000,200,1000,1000,200,1000,65825.00,83731.05,81075.00,101428.90,66963.50,85767.50,21.14,23.17,200,200,200,999.92,999.99,999.92,999.92,999.99,999.92,1.00,1.00,False,,False,,0,0,0,0,0,True,0,,0.00,0.12,0,0,True,,200000000,200000316,768606730,True,0.0000,True,True,True,
run_2026-07-30T11-00-12_42,interference_no_candidate_preparation_200ms,no_candidate_preparation,200000000,29,6,42,1000.00,2012147116698,2013147193717,2013147196746,2013347284117,2013347287684,2014347357920,1000077019,200087371,1000070236,1000,200,1002,1000,200,1002,0,0,0,198.50,334.45,191.00,254.30,197.00,358.95,1000,200,1000,1000,200,1000,60497.00,78403.00,58320.50,71154.65,60074.50,78136.75,-9.24,-3.60,200,,200,999.92,999.56,999.93,999.92,999.56,999.93,1.00,1.00,False,,False,,0,0,0,0,0,True,0,,0.00,0.00,0,0,True,,,0,,True,0.0000,True,True,True,
run_2026-07-30T11-00-12_42,interference_no_candidate_preparation_500ms,no_candidate_preparation,500000000,30,1,42,1000.00,2015018679646,2016018763180,2016018767096,2016518847212,2016518850111,2017518928150,1000083534,500080116,1000078039,1000,500,1001,1000,500,1001,0,0,0,198.00,322.20,197.00,384.10,195.00,329.00,1000,500,1000,1000,500,1000,61812.50,83126.25,60872.00,84294.60,60015.00,78737.40,1.41,-1.52,500,,500,999.92,999.84,999.92,999.92,999.84,999.92,1.00,1.00,False,,False,,0,0,0,0,0,True,0,,0.00,0.00,0,0,True,,,0,,True,0.0000,True,True,True,
run_2026-07-30T11-00-12_42,interference_cpu_bound_preparation_500ms,cpu_bound_preparation,500000000,30,2,42,1000.00,2018199115686,2019199195091,2019199198508,2019699201655,2019699204897,2020699282728,1000079405,500003147,1000077831,1000,500,1001,1000,500,1001,0,0,0,203.00,659.90,343.00,714.25,194.00,280.00,1000,500,1000,1000,500,1000,62519.00,112930.80,87545.50,111027.55,60801.00,81992.55,-1.69,40.03,500,500,500,999.92,999.99,999.92,999.92,999.99,999.92,1.00,1.00,False,,False,,0,0,0,0,0,True,0,,0.00,0.00,0,0,True,,500000000,500000344,46473895,True,0.0000,True,True,True,
run_2026-07-30T11-00-12_42,interference_sleep_preparation_500ms,sleep_preparation,500000000,30,3,42,1000.00,2021380405826,2022380487527,2022380490661,2022880572694,2022880576051,2023880659942,1000081701,500082033,1000083891,1000,500,1001,1000,500,1001,0,0,0,205.00,2617.25,192.50,513.55,201.00,519.00,1000,500,1000,1001,500,1000,64959.50,87425.40,62531.00,87188.45,64452.00,87444.20,-0.27,-3.74,500,500,500,999.92,999.84,999.92,1000.92,999.84,999.92,1.00,1.00,False,,False,,0,0,0,0,0,True,0,,0.00,0.00,0,0,True,,500000000,500081622,,True,0.0002,True,True,True,
run_2026-07-30T11-00-12_42,interference_sleep_preparation_200ms,sleep_preparation,200000000,30,4,42,1000.00,2024562728590,2025562807382,2025562810271,2025762903146,2025762907208,2026762984043,1000078792,200092875,1000076835,1000,200,1002,1000,200,1002,0,0,0,202.00,1691.95,204.50,3674.05,197.00,665.90,1000,200,1001,1000,200,1000,106017.50,126460.00,108613.00,135996.10,104275.00,127912.00,7.54,2.45,200,200,200,999.92,999.54,1000.92,999.92,999.54,999.92,1.00,1.00,False,,False,,0,0,0,0,0,True,0,,0.00,0.00,0,0,True,,200000000,200092181,,True,0.0005,True,True,True,
run_2026-07-30T11-00-12_42,interference_cpu_bound_preparation_200ms,cpu_bound_preparation,200000000,30,5,42,1000.00,2027437424313,2028437513602,2028437518069,2028637523161,2028637529701,2029637629260,1000089289,200005092,1000099559,1000,200,1000,1000,200,1000,0,0,1,197.00,479.60,342.50,801.40,201.00,1221.20,1000,200,999,1001,200,999,62350.00,85298.65,85922.50,104627.00,64056.00,118458.00,22.66,37.81,200,200,200,999.91,999.97,998.90,1000.91,999.97,998.90,1.00,1.00,False,,False,,0,0,0,0,0,True,0,,0.00,0.00,0,0,True,,200000000,200000258,1335433898,True,0.0000,True,True,True,
run_2026-07-30T11-00-12_42,interference_no_candidate_preparation_200ms,no_candidate_preparation,200000000,30,6,42,1000.00,2030316633885,2031316721440,2031316724268,2031516814733,2031516817215,2032516920866,1000087555,200090465,1000103651,1000,200,1001,1000,200,1001,0,0,0,201.00,434.05,197.00,2740.30,200.00,676.00,1000,200,1000,1000,200,1000,101553.00,126100.50,101844.00,126167.50,104223.00,126698.60,0.05,0.29,200,,200,999.91,999.55,999.90,999.91,999.55,999.90,1.00,1.00,False,,False,,0,0,0,0,0,True,0,,0.00,0.00,0,0,True,,,0,,True,0.0000,True,True,True,
