run_id,scenario_id,baseline,edit_type,graph_size,repetition,old_plan_version,new_plan_version,terminal_status,validation_ns,preparation_ns,request_to_ready_ns,boundary_wait_ns,commit_ns,request_to_effect_ns,retirement_queue_delay_ns,retirement_duration_ns,commit_to_retirement_complete_ns,maximum_output_gap_ns,transition_output_gap_ns,frames_completed_during_request,old_plan_frames_admitted_after_request_before_commit,frames_dropped,frames_duplicated,reused_processor_count,staged_processor_count,retired_processor_count,state_transition_policy,admission_stop_ns,executor_teardown_ns,executor_reconstruction_ns,publication_ns,executor_restart_ns,first_admission_wait_ns,first_completion_wait_ns,retirement_ns,total_synchronous_ns,phases_may_overlap,sum_of_instrumented_phase_durations_ns,instrumented_phase_sum_ns,critical_path_instrumented_ns,unattributed_critical_path_ns,unattributed_request_time_ns,instrumented_duration_overlap_ns,instrumented_duration_outside_effect_window_ns,grace_period_ns,handoff_wait_ns,cleanup_duration_ns,last_old_frame_completed_ns
run_2026-07-30T11-00-12_42,reconfig_insert_stateless_node_size10,stop_rebuild_restart,insert_stateless_node,10,1,1,2,committed,191165,508827,727813,0,8268,1195345,0,64463,,1251687,1251687,1,0,0,0,0,11,10,AUTO,23521,5006,8102,166,3574,190361,106698,64463,804824,False,1101883,1101883,1101883,93462,93462,0,0,,,,
run_2026-07-30T11-00-12_42,reconfig_insert_stateless_node_size10,pause_compile_resume,insert_stateless_node,10,1,1,2,committed,145698,513029,679410,0,13587,1118061,0,39113,,1254156,1254156,1,0,0,0,10,1,0,AUTO,18442,0,0,13587,4075,277263,101770,39113,733944,False,1112977,1112977,1112977,5084,5084,0,0,,,,
run_2026-07-30T11-00-12_42,reconfig_insert_stateless_node_size10,prepare_and_commit,insert_stateless_node,10,1,1,2,committed,657046,1172014,2479655,336506,23766,3164921,0,0,0,865058,778883,4,4,0,0,10,1,0,AUTO,0,0,0,23766,0,0,413042,0,23766,True,2602374,2602374,2496024,668897,668897,33519,72831,,,,
run_2026-07-30T11-00-12_42,reconfig_insert_stateless_node_size10,pause_compile_resume,insert_stateless_node,10,2,1,2,committed,147031,552252,714116,0,12429,1026954,0,20468,,1112738,1112738,1,0,0,0,10,1,0,AUTO,12534,0,0,12429,2394,160480,114453,20468,747108,False,1022041,1022041,1022041,4913,4913,0,0,,,,
run_2026-07-30T11-00-12_42,reconfig_insert_stateless_node_size10,prepare_and_commit,insert_stateless_node,10,2,1,2,committed,465054,923384,1970590,428524,15226,2689196,0,0,0,793328,728916,9,3,0,0,10,1,0,AUTO,0,0,0,15226,0,0,353043,0,15226,True,2185231,2185231,2093625,595571,595571,27194,64412,,,,
run_2026-07-30T11-00-12_42,reconfig_insert_stateless_node_size10,stop_rebuild_restart,insert_stateless_node,10,2,1,2,committed,224268,565793,871127,0,6392,1312810,0,53687,,1454660,1454660,1,0,0,0,0,11,10,AUTO,76410,4299,6167,225,2378,189107,132792,53687,933227,False,1255126,1255126,1255126,57684,57684,0,0,,,,
run_2026-07-30T11-00-12_42,reconfig_insert_stateless_node_size10,prepare_and_commit,insert_stateless_node,10,3,1,2,committed,405456,699605,1619682,339779,11462,2219983,0,0,0,1943775,1879943,5,0,0,0,10,1,0,AUTO,0,0,0,11462,0,0,503347,0,11462,True,1959649,1959649,1696446,523537,523537,199371,63832,,,,
run_2026-07-30T11-00-12_42,reconfig_insert_stateless_node_size10,stop_rebuild_restart,insert_stateless_node,10,3,1,2,committed,153893,601756,774915,0,6173,1078165,0,52313,,1137908,1137908,1,0,0,0,0,11,10,AUTO,15979,4222,6038,135,1958,87197,107682,52313,836294,False,1031173,1031173,1031173,46992,46992,0,0,,,,
run_2026-07-30T11-00-12_42,reconfig_insert_stateless_node_size10,pause_compile_resume,insert_stateless_node,10,3,1,2,committed,216968,525603,759982,0,8596,1125567,0,52808,,1203156,1203156,1,0,0,0,10,1,0,AUTO,15877,0,0,8596,2599,183606,116390,52808,822451,False,1122447,1122447,1122447,3120,3120,0,0,,,,
run_2026-07-30T11-00-12_42,reconfig_insert_stateless_node_size10,stop_rebuild_restart,insert_stateless_node,10,4,1,2,committed,167107,524544,713336,0,5528,1279238,0,35350,,1284353,1284353,1,0,0,0,0,11,10,AUTO,18186,3957,5394,134,2145,314999,163052,35350,756817,False,1234868,1234868,1234868,44370,44370,0,0,,,,
run_2026-07-30T11-00-12_42,reconfig_insert_stateless_node_size10,pause_compile_resume,insert_stateless_node,10,4,1,2,committed,177324,617722,815720,0,7186,1067364,0,34227,,1077420,1077420,1,0,0,0,10,1,0,AUTO,18810,0,0,7186,2903,93099,112726,34227,858172,False,1063997,1063997,1063997,3367,3367,0,0,,,,
run_2026-07-30T11-00-12_42,reconfig_insert_stateless_node_size10,prepare_and_commit,insert_stateless_node,10,4,1,2,committed,422524,750897,1614546,152771,18836,2064600,0,0,0,1998757,1937317,2,0,0,0,10,1,0,AUTO,0,0,0,18836,0,0,362949,0,18836,True,1707977,1707977,1615198,449402,449402,31339,61440,,,,
run_2026-07-30T11-00-12_42,reconfig_insert_stateless_node_size10,pause_compile_resume,insert_stateless_node,10,5,1,2,committed,143171,611217,767249,0,7261,1058760,0,34085,,1192666,1192666,1,0,0,0,10,1,0,AUTO,11452,0,0,7261,2962,88233,157512,34085,810148,False,1055893,1055893,1055893,2867,2867,0,0,,,,
run_2026-07-30T11-00-12_42,reconfig_insert_stateless_node_size10,prepare_and_commit,insert_stateless_node,10,5,1,2,committed,734019,755388,2032436,205245,17113,2555025,0,0,0,851700,778499,7,3,0,0,10,1,0,AUTO,0,0,0,17113,0,0,391735,0,17113,True,2103500,2103500,2003462,551563,551563,26837,73201,,,,
run_2026-07-30T11-00-12_42,reconfig_insert_stateless_node_size10,stop_rebuild_restart,insert_stateless_node,10,5,1,2,committed,190510,561952,769289,0,7501,1111905,0,52009,,1191459,1191459,1,0,0,0,0,11,10,AUTO,14467,3933,7318,183,2314,107375,119357,52009,832686,False,1059418,1059418,1059418,52487,52487,0,0,,,,
run_2026-07-30T11-00-12_42,reconfig_insert_stateless_node_size10,prepare_and_commit,insert_stateless_node,10,6,1,2,committed,334871,1043069,2085643,222300,10872,2497667,0,0,0,1047633,596558,9,3,0,0,10,1,0,AUTO,0,0,0,10872,0,0,235753,0,10872,True,1846865,1846865,1781377,716290,716290,22919,42569,,,,
run_2026-07-30T11-00-12_42,reconfig_insert_stateless_node_size10,stop_rebuild_restart,insert_stateless_node,10,6,1,2,committed,170313,611997,797743,0,7458,1028313,0,34375,,963505,963505,2,0,0,0,0,11,10,AUTO,12937,3685,7314,144,2235,55122,92752,34375,843000,False,990874,990874,990874,37439,37439,0,0,,,,
run_2026-07-30T11-00-12_42,reconfig_insert_stateless_node_size10,pause_compile_resume,insert_stateless_node,10,6,1,2,committed,147660,531111,697328,0,7330,1186708,0,21442,,1244281,1244281,1,0,0,0,10,1,0,AUTO,17031,0,0,7330,1904,346417,110878,21442,726478,False,1183773,1183773,1183773,2935,2935,0,0,,,,
run_2026-07-30T11-00-12_42,reconfig_insert_stateless_node_size10,stop_rebuild_restart,insert_stateless_node,10,7,1,2,committed,177181,497526,692087,0,5624,1217810,0,34633,,1293883,1293883,1,0,0,0,0,11,10,AUTO,15217,3847,5482,142,2015,288752,162738,34633,736043,False,1187533,1187533,1187533,30277,30277,0,0,,,,
run_2026-07-30T11-00-12_42,reconfig_insert_stateless_node_size10,pause_compile_resume,insert_stateless_node,10,7,1,2,committed,130557,559137,701334,0,6687,1029618,0,55381,,1131041,1131041,1,0,0,0,10,1,0,AUTO,10578,0,0,6687,2505,121983,140188,55381,764845,False,1027016,1027016,1027016,2602,2602,0,0,,,,
run_2026-07-30T11-00-12_42,reconfig_insert_stateless_node_size10,prepare_and_commit,insert_stateless_node,10,7,1,2,committed,621630,760493,1896494,302193,9995,2466670,0,0,0,1497265,1424480,3,1,0,0,10,1,0,AUTO,0,0,0,9995,0,0,335791,0,9995,True,2030102,2030102,1941660,525010,525010,15657,72785,,,,
run_2026-07-30T11-00-12_42,reconfig_insert_stateless_node_size10,pause_compile_resume,insert_stateless_node,10,8,1,2,committed,144255,579237,740899,0,7004,1003629,0,19695,,1063561,1063561,1,0,0,0,10,1,0,AUTO,15653,0,0,7004,1932,113908,118908,19695,767776,False,1000592,1000592,1000592,3037,3037,0,0,,,,
run_2026-07-30T11-00-12_42,reconfig_insert_stateless_node_size10,prepare_and_commit,insert_stateless_node,10,8,1,2,committed,298702,967438,1813348,180049,12879,2226369,0,0,0,787182,666533,7,2,0,0,10,1,0,AUTO,0,0,0,12879,0,0,352601,0,12879,True,1811669,1811669,1671214,555155,555155,19806,120649,,,,
run_2026-07-30T11-00-12_42,reconfig_insert_stateless_node_size10,stop_rebuild_restart,insert_stateless_node,10,8,1,2,committed,140430,547802,704186,0,5832,1004579,0,37459,,1079230,1079230,1,0,0,0,0,11,10,AUTO,13716,3364,5616,216,13487,102888,109847,37459,762090,False,974825,974825,974825,29754,29754,0,0,,,,
run_2026-07-30T11-00-12_42,reconfig_insert_stateless_node_size10,prepare_and_commit,insert_stateless_node,10,9,1,2,committed,256255,835200,1587395,456310,10920,2308530,0,0,0,809621,720175,3,2,0,0,10,1,0,AUTO,0,0,0,10920,0,0,354620,0,10920,True,1913305,1913305,1802422,506108,506108,21437,89446,,,,
run_2026-07-30T11-00-12_42,reconfig_insert_stateless_node_size10,stop_rebuild_restart,insert_stateless_node,10,9,1,2,committed,147150,562769,730334,0,7008,1132157,0,49758,,1277354,1277354,1,0,0,0,0,11,10,AUTO,17630,3999,6768,240,2800,148760,122072,49758,791114,False,1061946,1061946,1061946,70211,70211,0,0,,,,
run_2026-07-30T11-00-12_42,reconfig_insert_stateless_node_size10,pause_compile_resume,insert_stateless_node,10,9,1,2,committed,143363,516871,674435,0,11187,1176094,0,21530,,1266677,1266677,1,0,0,0,10,1,0,AUTO,12965,0,0,11187,1904,317678,147805,21530,707820,False,1173303,1173303,1173303,2791,2791,0,0,,,,
run_2026-07-30T11-00-12_42,reconfig_insert_stateless_node_size10,stop_rebuild_restart,insert_stateless_node,10,10,1,2,committed,185130,580670,779368,0,7574,1188681,0,53966,,1326313,1326313,1,0,0,0,0,11,10,AUTO,11346,3268,7323,251,2860,178745,135293,53966,844814,False,1158852,1158852,1158852,29829,29829,0,0,,,,
run_2026-07-30T11-00-12_42,reconfig_insert_stateless_node_size10,pause_compile_resume,insert_stateless_node,10,10,1,2,committed,148608,526752,694347,0,6516,1173369,0,20833,,1223451,1223451,1,0,0,0,10,1,0,AUTO,17338,0,0,6516,2205,320633,127471,20833,722252,False,1170356,1170356,1170356,3013,3013,0,0,,,,
run_2026-07-30T11-00-12_42,reconfig_insert_stateless_node_size10,prepare_and_commit,insert_stateless_node,10,10,1,2,committed,420532,716259,1809693,168855,18948,2282916,0,0,0,2001211,1933436,5,0,0,0,10,1,0,AUTO,0,0,0,18948,0,0,376628,0,18948,True,1701222,1701222,1601871,681045,681045,31576,67775,,,,
run_2026-07-30T11-00-12_42,reconfig_insert_stateless_node_size10,pause_compile_resume,insert_stateless_node,10,11,1,2,committed,135844,493941,645088,0,7262,1093045,0,21133,,1238499,1238499,1,0,0,0,10,1,0,AUTO,13053,0,0,7262,1893,277700,138515,21133,673126,False,1089341,1089341,1089341,3704,3704,0,0,,,,
run_2026-07-30T11-00-12_42,reconfig_insert_stateless_node_size10,prepare_and_commit,insert_stateless_node,10,11,1,2,committed,429530,771392,1685656,239749,9742,2177836,0,0,0,1615831,265832,6,1,0,0,10,1,0,AUTO,0,0,0,9742,0,0,319871,0,9742,True,1770284,1770284,1684908,492928,492928,15693,69683,,,,
run_2026-07-30T11-00-12_42,reconfig_insert_stateless_node_size10,stop_rebuild_restart,insert_stateless_node,10,11,1,2,committed,219127,672915,916789,0,7981,1340211,0,90795,,1346911,1346911,1,0,0,0,0,11,10,AUTO,21610,3901,7755,226,3003,113221,172513,90795,1019332,False,1305066,1305066,1305066,35145,35145,0,0,,,,
run_2026-07-30T11-00-12_42,reconfig_insert_stateless_node_size10,prepare_and_commit,insert_stateless_node,10,12,1,2,committed,405102,865585,2018073,295554,14587,2514530,0,0,0,1535678,243976,7,2,0,0,10,1,0,AUTO,0,0,0,14587,0,0,244006,0,14587,True,1824834,1824834,1757888,756642,756642,22116,44830,,,,
run_2026-07-30T11-00-12_42,reconfig_insert_stateless_node_size10,stop_rebuild_restart,insert_stateless_node,10,12,1,2,committed,137302,602748,754326,0,7084,1149587,0,67488,,1254386,1254386,1,0,0,0,0,11,10,AUTO,12303,3151,6813,271,2413,148730,139224,67488,832489,False,1120443,1120443,1120443,29144,29144,0,0,,,,
run_2026-07-30T11-00-12_42,reconfig_insert_stateless_node_size10,pause_compile_resume,insert_stateless_node,10,12,1,2,committed,148110,512307,675918,0,7575,1164891,0,19307,,1238553,1238553,1,0,0,0,10,1,0,AUTO,13981,0,0,7575,1871,306623,152265,19307,703151,False,1162039,1162039,1162039,2852,2852,0,0,,,,
run_2026-07-30T11-00-12_42,reconfig_insert_stateless_node_size10,stop_rebuild_restart,insert_stateless_node,10,13,1,2,committed,145222,497635,662646,0,6407,1150378,0,54564,,1208763,1208763,1,0,0,0,0,11,10,AUTO,17219,34363,6172,235,15158,229599,103631,54564,770568,False,1103798,1103798,1103798,46580,46580,0,0,,,,
run_2026-07-30T11-00-12_42,reconfig_insert_stateless_node_size10,pause_compile_resume,insert_stateless_node,10,13,1,2,committed,162846,547903,731006,0,6825,1207235,0,21535,,1243588,1243588,1,0,0,0,10,1,0,AUTO,18523,0,0,6825,1892,297213,147445,21535,759524,False,1204182,1204182,1204182,3053,3053,0,0,,,,
run_2026-07-30T11-00-12_42,reconfig_insert_stateless_node_size10,prepare_and_commit,insert_stateless_node,10,13,1,2,committed,421637,834503,1966633,296576,13290,2579857,0,0,0,950261,765125,6,3,0,0,10,1,0,AUTO,0,0,0,13290,0,0,500013,0,13290,True,2066019,2066019,1860946,718911,718911,19937,185136,,,,
run_2026-07-30T11-00-12_42,reconfig_insert_stateless_node_size10,pause_compile_resume,insert_stateless_node,10,14,1,2,committed,164575,613885,846832,0,6664,1231519,0,38364,,1381648,1381648,1,0,0,0,10,1,0,AUTO,66762,0,0,6664,2854,185496,148745,38364,893104,False,1227345,1227345,1227345,4174,4174,0,0,,,,
run_2026-07-30T11-00-12_42,reconfig_insert_stateless_node_size10,prepare_and_commit,insert_stateless_node,10,14,1,2,committed,663419,835252,2036871,220764,11710,2583748,0,0,0,1930832,1823899,5,1,0,0,10,1,0,AUTO,0,0,0,11710,0,0,430910,0,11710,True,2162055,2162055,2037096,546652,546652,18026,106933,,,,
run_2026-07-30T11-00-12_42,reconfig_insert_stateless_node_size10,stop_rebuild_restart,insert_stateless_node,10,14,1,2,committed,164890,624087,858072,0,5221,1215075,0,54680,,1353670,1353670,1,0,0,0,0,11,10,AUTO,66134,4105,5038,183,2510,103134,130664,54680,921627,False,1155425,1155425,1155425,59650,59650,0,0,,,,
run_2026-07-30T11-00-12_42,reconfig_insert_stateless_node_size10,prepare_and_commit,insert_stateless_node,10,15,1,2,committed,442735,799702,1735821,144451,18970,2223671,0,0,0,1974622,1908243,1,0,0,0,10,1,0,AUTO,0,0,0,18970,0,0,409748,0,18970,True,1815606,1815606,1718821,504850,504850,30406,66379,,,,
run_2026-07-30T11-00-12_42,reconfig_insert_stateless_node_size10,stop_rebuild_restart,insert_stateless_node,10,15,1,2,committed,162515,579463,765792,0,6612,1144511,0,54331,,1208084,1208084,1,0,0,0,0,11,10,AUTO,20502,5014,6332,280,2686,126188,130031,54331,831123,False,1087342,1087342,1087342,57169,57169,0,0,,,,
run_2026-07-30T11-00-12_42,reconfig_insert_stateless_node_size10,pause_compile_resume,insert_stateless_node,10,15,1,2,committed,203408,501048,719455,0,6507,1186593,0,21818,,1260113,1260113,1,0,0,0,10,1,0,AUTO,13442,0,0,6507,1897,323955,111469,21818,748120,False,1183544,1183544,1183544,3049,3049,0,0,,,,
run_2026-07-30T11-00-12_42,reconfig_insert_stateless_node_size10,stop_rebuild_restart,insert_stateless_node,10,16,1,2,committed,162544,500554,684090,0,5587,1138198,0,49393,,1175636,1175636,1,0,0,0,0,11,10,AUTO,17616,3978,5450,137,2668,211515,112869,49393,742340,False,1066724,1066724,1066724,71474,71474,0,0,,,,
run_2026-07-30T11-00-12_42,reconfig_insert_stateless_node_size10,pause_compile_resume,insert_stateless_node,10,16,1,2,committed,133735,547339,693303,0,7730,1094397,0,42576,,1217478,1217478,1,0,0,0,10,1,0,AUTO,11068,0,0,7730,2601,246007,100655,42576,745049,False,1091711,1091711,1091711,2686,2686,0,0,,,,
run_2026-07-30T11-00-12_42,reconfig_insert_stateless_node_size10,prepare_and_commit,insert_stateless_node,10,16,1,2,committed,370083,737228,1550937,141310,18966,2015780,0,0,0,1962003,1893043,1,0,0,0,10,1,0,AUTO,0,0,0,18966,0,0,394178,0,18966,True,1661765,1661765,1561215,454565,454565,31590,68960,,,,
run_2026-07-30T11-00-12_42,reconfig_insert_stateless_node_size10,pause_compile_resume,insert_stateless_node,10,17,1,2,committed,145210,581044,743056,0,6967,1001108,0,21101,,1067844,1067844,1,0,0,0,10,1,0,AUTO,14981,0,0,6967,1950,111062,115591,21101,771253,False,997906,997906,997906,3202,3202,0,0,,,,
run_2026-07-30T11-00-12_42,reconfig_insert_stateless_node_size10,prepare_and_commit,insert_stateless_node,10,17,1,2,committed,435890,724224,1637264,142002,19056,2076987,0,0,0,1853586,1783869,1,0,0,0,10,1,0,AUTO,0,0,0,19056,0,0,368318,0,19056,True,1689490,1689490,1589151,487836,487836,30622,69717,,,,
run_2026-07-30T11-00-12_42,reconfig_insert_stateless_node_size10,stop_rebuild_restart,insert_stateless_node,10,17,1,2,committed,178581,657170,907360,0,8402,1311547,0,67750,,1506481,1506481,1,0,0,0,0,11,10,AUTO,68390,3312,8113,289,2915,165463,126712,67750,986520,False,1278695,1278695,1278695,32852,32852,0,0,,,,
run_2026-07-30T11-00-12_42,reconfig_insert_stateless_node_size10,prepare_and_commit,insert_stateless_node,10,18,1,2,committed,749981,1143694,2563039,505337,13159,3392328,0,0,0,816173,549783,9,4,0,0,10,1,0,AUTO,0,0,0,13159,0,0,388704,0,13159,True,2800875,2800875,2713347,678981,678981,21155,66373,,,,
run_2026-07-30T11-00-12_42,reconfig_insert_stateless_node_size10,stop_rebuild_restart,insert_stateless_node,10,18,1,2,committed,169403,635317,873394,0,6400,1271845,0,67909,,1417771,1417771,1,0,0,0,0,11,10,AUTO,65903,3157,6153,247,2998,143235,147353,67909,951087,False,1241675,1241675,1241675,30170,30170,0,0,,,,
run_2026-07-30T11-00-12_42,reconfig_insert_stateless_node_size10,pause_compile_resume,insert_stateless_node,10,18,1,2,committed,197431,549694,768715,0,22696,1157628,0,33713,,1198610,1198610,1,0,0,0,10,1,0,AUTO,18825,0,0,22696,2527,221528,106780,33713,824886,False,1153194,1153194,1153194,4434,4434,0,0,,,,
run_2026-07-30T11-00-12_42,reconfig_insert_stateless_node_size10,stop_rebuild_restart,insert_stateless_node,10,19,1,2,committed,133800,538434,685858,0,5464,985756,0,37699,,1107180,1107180,1,0,0,0,0,11,10,AUTO,11763,3494,5269,195,2522,70355,140386,37699,733176,False,943917,943917,943917,41839,41839,0,0,,,,
run_2026-07-30T11-00-12_42,reconfig_insert_stateless_node_size10,pause_compile_resume,insert_stateless_node,10,19,1,2,committed,227469,749372,1075043,0,10005,1373087,0,35750,,1455183,1455183,1,0,0,0,10,1,0,AUTO,96244,0,0,10005,2464,122601,124889,35750,1121304,False,1368794,1368794,1368794,4293,4293,0,0,,,,
run_2026-07-30T11-00-12_42,reconfig_insert_stateless_node_size10,prepare_and_commit,insert_stateless_node,10,19,1,2,committed,381837,817974,1878541,256141,10397,2308758,0,0,0,1502752,183022,7,2,0,0,10,1,0,AUTO,0,0,0,10397,0,0,272905,0,10397,True,1739254,1739254,1621209,687549,687549,14843,103202,,,,
run_2026-07-30T11-00-12_42,reconfig_insert_stateless_node_size10,pause_compile_resume,insert_stateless_node,10,20,1,2,committed,175105,459352,656088,0,6846,1001093,0,55645,,1079839,1079839,1,0,0,0,10,1,0,AUTO,19633,0,0,6846,3433,85670,191282,55645,720014,False,996966,996966,996966,4127,4127,0,0,,,,
run_2026-07-30T11-00-12_42,reconfig_insert_stateless_node_size10,prepare_and_commit,insert_stateless_node,10,20,1,2,committed,473800,778029,1787505,142032,18882,2278942,0,0,0,1930986,1862828,2,0,0,0,10,1,0,AUTO,0,0,0,18882,0,0,420242,0,18882,True,1832985,1832985,1733681,545261,545261,31146,68158,,,,
run_2026-07-30T11-00-12_42,reconfig_insert_stateless_node_size10,stop_rebuild_restart,insert_stateless_node,10,20,1,2,committed,204858,595628,814416,0,5346,1139652,0,49269,,1297197,1297197,1,0,0,0,0,11,10,AUTO,11461,4145,5163,183,2284,97915,110631,49269,872991,False,1081537,1081537,1081537,58115,58115,0,0,,,,
run_2026-07-30T11-00-12_42,reconfig_insert_stateless_node_size10,prepare_and_commit,insert_stateless_node,10,21,1,2,committed,255424,813050,1637538,619393,15276,2537915,0,0,0,773162,703550,8,2,0,0,10,1,0,AUTO,0,0,0,15276,0,0,372032,0,15276,True,2075175,2075175,1960122,577793,577793,45441,69612,,,,
run_2026-07-30T11-00-12_42,reconfig_insert_stateless_node_size10,stop_rebuild_restart,insert_stateless_node,10,21,1,2,committed,178558,585828,784298,0,6621,1162866,0,54273,,1189782,1189782,1,0,0,0,0,11,10,AUTO,16870,4877,6436,185,2664,131230,136271,54273,849691,False,1117192,1117192,1117192,45674,45674,0,0,,,,
run_2026-07-30T11-00-12_42,reconfig_insert_stateless_node_size10,pause_compile_resume,insert_stateless_node,10,21,1,2,committed,138730,551780,702948,0,6756,1010379,0,22454,,1129318,1129318,1,0,0,0,10,1,0,AUTO,11297,0,0,6756,1974,149477,125476,22454,732991,False,1007944,1007944,1007944,2435,2435,0,0,,,,
run_2026-07-30T11-00-12_42,reconfig_insert_stateless_node_size10,stop_rebuild_restart,insert_stateless_node,10,22,1,2,committed,203007,510699,735458,0,6469,1224864,0,52554,,1276129,1276129,1,0,0,0,0,11,10,AUTO,18610,3629,6295,174,3372,249460,145464,52554,798340,False,1193264,1193264,1193264,31600,31600,0,0,,,,
run_2026-07-30T11-00-12_42,reconfig_insert_stateless_node_size10,pause_compile_resume,insert_stateless_node,10,22,1,2,committed,226754,707375,954223,0,44185,1363673,0,35803,,1513647,1513647,1,0,0,0,10,1,0,AUTO,17744,0,0,44185,3101,141907,182725,35803,1034962,False,1359594,1359594,1359594,4079,4079,0,0,,,,
run_2026-07-30T11-00-12_42,reconfig_insert_stateless_node_size10,prepare_and_commit,insert_stateless_node,10,22,1,2,committed,392594,910528,2013068,244717,14854,2556115,0,0,0,1547567,308624,8,2,0,0,10,1,0,AUTO,0,0,0,14854,0,0,364099,0,14854,True,1926792,1926792,1837395,718720,718720,21242,68155,,,,
run_2026-07-30T11-00-12_42,reconfig_insert_stateless_node_size10,pause_compile_resume,insert_stateless_node,10,23,1,2,committed,133550,598394,744722,0,9861,1063596,0,30218,,1177899,1177899,1,0,0,0,10,1,0,AUTO,11646,0,0,9861,2373,142777,131904,30218,786042,False,1060723,1060723,1060723,2873,2873,0,0,,,,
run_2026-07-30T11-00-12_42,reconfig_insert_stateless_node_size10,prepare_and_commit,insert_stateless_node,10,23,1,2,committed,503697,1013182,2150793,264178,16564,2683212,0,0,0,782992,680065,8,3,0,0,10,1,0,AUTO,0,0,0,16564,0,0,368136,0,16564,True,2165757,2165757,2039766,643446,643446,23064,102927,,,,
run_2026-07-30T11-00-12_42,reconfig_insert_stateless_node_size10,stop_rebuild_restart,insert_stateless_node,10,23,1,2,committed,197605,556129,774456,0,4936,1129262,0,56325,,1214332,1214332,1,0,0,0,0,11,10,AUTO,18465,4385,4784,152,2322,100686,114906,56325,840167,False,1055759,1055759,1055759,73503,73503,0,0,,,,
run_2026-07-30T11-00-12_42,reconfig_insert_stateless_node_size10,prepare_and_commit,insert_stateless_node,10,24,1,2,committed,744141,966122,2235914,132328,17869,2711145,0,0,0,854970,785319,7,3,0,0,10,1,0,AUTO,0,0,0,17869,0,0,414068,0,17869,True,2274528,2274528,2176865,534280,534280,28012,69651,,,,
run_2026-07-30T11-00-12_42,reconfig_insert_stateless_node_size10,stop_rebuild_restart,insert_stateless_node,10,24,1,2,committed,173050,609497,852978,0,6747,1241223,0,53450,,1422287,1422287,1,0,0,0,0,11,10,AUTO,67434,5676,6534,213,2849,129641,146520,53450,918703,False,1194864,1194864,1194864,46359,46359,0,0,,,,
run_2026-07-30T11-00-12_42,reconfig_insert_stateless_node_size10,pause_compile_resume,insert_stateless_node,10,24,1,2,committed,159023,527090,707115,0,6624,1091754,0,22704,,1135815,1135815,1,0,0,0,10,1,0,AUTO,19355,0,0,6624,2520,235199,103606,22704,737316,False,1076121,1076121,1076121,15633,15633,0,0,,,,
run_2026-07-30T11-00-12_42,reconfig_insert_stateless_node_size10,stop_rebuild_restart,insert_stateless_node,10,25,1,2,committed,161837,554264,737815,0,6983,1138427,0,67450,,1186159,1186159,1,0,0,0,0,11,10,AUTO,18394,3344,6796,187,4790,182722,107608,67450,817062,False,1107392,1107392,1107392,31035,31035,0,0,,,,
run_2026-07-30T11-00-12_42,reconfig_insert_stateless_node_size10,pause_compile_resume,insert_stateless_node,10,25,1,2,committed,158471,678810,851580,0,9416,1171008,0,32377,,1350512,1350512,1,0,0,0,10,1,0,AUTO,12597,0,0,9416,6200,117042,150769,32377,897871,False,1165682,1165682,1165682,5326,5326,0,0,,,,
run_2026-07-30T11-00-12_42,reconfig_insert_stateless_node_size10,prepare_and_commit,insert_stateless_node,10,25,1,2,committed,371358,1010977,1886402,292854,9959,2500200,0,0,0,1306387,1235611,5,2,0,0,10,1,0,AUTO,0,0,0,9959,0,0,389573,0,9959,True,2074721,2074721,1988134,512066,512066,15811,70776,,,,
run_2026-07-30T11-00-12_42,reconfig_insert_stateless_node_size10,pause_compile_resume,insert_stateless_node,10,26,1,2,committed,216037,623924,861471,0,8173,1130633,0,33230,,1215010,1215010,1,0,0,0,10,1,0,AUTO,20143,0,0,8173,2010,108728,115517,33230,903517,False,1127762,1127762,1127762,2871,2871,0,0,,,,
run_2026-07-30T11-00-12_42,reconfig_insert_stateless_node_size10,prepare_and_commit,insert_stateless_node,10,26,1,2,committed,988028,907507,2447639,269578,10155,3006490,0,0,0,1998591,1929792,6,4,0,0,10,1,0,AUTO,0,0,0,10155,0,0,353920,0,10155,True,2529188,2529188,2444090,562400,562400,16299,68799,,,,
run_2026-07-30T11-00-12_42,reconfig_insert_stateless_node_size10,stop_rebuild_restart,insert_stateless_node,10,26,1,2,committed,149874,577298,744600,0,6736,1149577,0,69297,,1217525,1217525,1,0,0,0,0,11,10,AUTO,14090,9078,6465,271,2352,147426,130370,69297,828725,False,1106521,1106521,1106521,43056,43056,0,0,,,,
run_2026-07-30T11-00-12_42,reconfig_insert_stateless_node_size10,prepare_and_commit,insert_stateless_node,10,27,1,2,committed,407325,735745,1723056,136999,19732,2236466,0,0,0,1925063,1853765,3,0,0,0,10,1,0,AUTO,0,0,0,19732,0,0,450894,0,19732,True,1750695,1750695,1648574,587892,587892,30823,71298,,,,
run_2026-07-30T11-00-12_42,reconfig_insert_stateless_node_size10,stop_rebuild_restart,insert_stateless_node,10,27,1,2,committed,204175,682901,958160,0,6174,1390686,0,55056,,1546107,1546107,1,0,0,0,0,11,10,AUTO,68156,4552,6000,174,2782,182846,134471,55056,1023796,False,1341113,1341113,1341113,49573,49573,0,0,,,,
run_2026-07-30T11-00-12_42,reconfig_insert_stateless_node_size10,pause_compile_resume,insert_stateless_node,10,27,1,2,committed,133029,565886,711840,0,9184,1108563,0,35869,,1202058,1202058,1,0,0,0,10,1,0,AUTO,11448,0,0,9184,2001,226232,121589,35869,757417,False,1105238,1105238,1105238,3325,3325,0,0,,,,
run_2026-07-30T11-00-12_42,reconfig_insert_stateless_node_size10,stop_rebuild_restart,insert_stateless_node,10,28,1,2,committed,171686,647543,841594,0,5610,1137627,0,49821,,1177388,1177388,1,0,0,0,0,11,10,AUTO,19309,4470,5462,148,2074,71367,120215,49821,900513,False,1092095,1092095,1092095,45532,45532,0,0,,,,
run_2026-07-30T11-00-12_42,reconfig_insert_stateless_node_size10,pause_compile_resume,insert_stateless_node,10,28,1,2,committed,135186,598965,746519,0,6608,1007260,0,36873,,1149371,1149371,1,0,0,0,10,1,0,AUTO,11062,0,0,6608,2670,86334,126713,36873,791364,False,1004411,1004411,1004411,2849,2849,0,0,,,,
run_2026-07-30T11-00-12_42,reconfig_insert_stateless_node_size10,prepare_and_commit,insert_stateless_node,10,28,1,2,committed,398689,813134,1888878,136177,20743,2321415,0,0,0,2011399,1939052,6,0,0,0,10,1,0,AUTO,0,0,0,20743,0,0,371169,0,20743,True,1739912,1739912,1635998,685417,685417,31567,72347,,,,
run_2026-07-30T11-00-12_42,reconfig_insert_stateless_node_size10,pause_compile_resume,insert_stateless_node,10,29,1,2,committed,236730,583850,836991,0,8901,1072880,0,26099,,1151891,1151891,1,0,0,0,10,1,0,AUTO,14490,0,0,8901,2117,83492,113794,26099,872187,False,1069473,1069473,1069473,3407,3407,0,0,,,,
run_2026-07-30T11-00-12_42,reconfig_insert_stateless_node_size10,prepare_and_commit,insert_stateless_node,10,29,1,2,committed,406913,759925,1763314,161740,18413,2211546,0,0,0,1916295,1833782,2,0,0,0,10,1,0,AUTO,0,0,0,18413,0,0,372963,0,18413,True,1719954,1719954,1606743,604803,604803,30698,82513,,,,
run_2026-07-30T11-00-12_42,reconfig_insert_stateless_node_size10,stop_rebuild_restart,insert_stateless_node,10,29,1,2,committed,147590,475901,639568,0,5118,826927,0,35964,,944055,944055,1,0,0,0,0,11,10,AUTO,12939,3269,4934,184,2292,26216,87567,35964,683073,False,796856,796856,796856,30071,30071,0,0,,,,
run_2026-07-30T11-00-12_42,reconfig_insert_stateless_node_size10,prepare_and_commit,insert_stateless_node,10,30,1,2,committed,416311,734093,1700195,174007,18974,2174867,0,0,0,2042198,1977144,3,0,0,0,10,1,0,AUTO,0,0,0,18974,0,0,1587075,0,18974,True,2930460,2930460,1633831,541036,541036,1231575,65054,,,,
run_2026-07-30T11-00-12_42,reconfig_insert_stateless_node_size10,stop_rebuild_restart,insert_stateless_node,10,30,1,2,committed,183693,571524,771161,0,5411,1077005,0,56920,,1148740,1148740,1,0,0,0,0,11,10,AUTO,13415,4298,5279,132,1867,80554,114999,56920,837128,False,1032681,1032681,1032681,44324,44324,0,0,,,,
run_2026-07-30T11-00-12_42,reconfig_insert_stateless_node_size10,pause_compile_resume,insert_stateless_node,10,30,1,2,committed,151147,544270,710842,0,10084,1162992,0,33429,,1239905,1239905,1,0,0,0,10,1,0,AUTO,13970,0,0,10084,1990,264028,140887,33429,754890,False,1159805,1159805,1159805,3187,3187,0,0,,,,
run_2026-07-30T11-00-12_42,reconfig_remove_stateless_node_size10,stop_rebuild_restart,remove_stateless_node,10,1,1,2,committed,124635,500620,645175,0,4510,1037823,0,48400,,1120046,1120046,1,0,0,0,0,9,10,AUTO,14795,4133,4388,122,2607,198382,81521,48400,699700,False,979603,979603,979603,58220,58220,0,0,,,,
run_2026-07-30T11-00-12_42,reconfig_remove_stateless_node_size10,pause_compile_resume,remove_stateless_node,10,1,1,2,committed,117811,522599,653437,0,8208,1071978,0,32998,,1194360,1194360,1,0,0,0,9,0,1,AUTO,11952,0,0,8208,3874,257488,114350,32998,697442,False,1069280,1069280,1069280,2698,2698,0,0,,,,
run_2026-07-30T11-00-12_42,reconfig_remove_stateless_node_size10,prepare_and_commit,remove_stateless_node,10,1,1,2,committed,612556,922339,2023444,347332,13624,2677395,664915,199647,864562,851588,782779,8,3,0,0,9,0,1,AUTO,0,0,0,13624,0,0,374831,199647,13624,True,2470329,2470329,2180563,496832,496832,21310,268456,9732,,103349,1300936839010
run_2026-07-30T11-00-12_42,reconfig_remove_stateless_node_size10,pause_compile_resume,remove_stateless_node,10,2,1,2,committed,126150,469835,614930,0,9311,1040352,0,33235,,1098017,1098017,1,0,0,0,9,0,1,AUTO,17309,0,0,9311,2722,261575,116965,33235,658562,False,1037102,1037102,1037102,3250,3250,0,0,,,,
run_2026-07-30T11-00-12_42,reconfig_remove_stateless_node_size10,prepare_and_commit,remove_stateless_node,10,2,1,2,committed,685732,671028,1744039,285412,10987,2325852,382053,193037,575090,1701619,1624905,1,1,0,0,9,0,1,AUTO,0,0,0,10987,0,0,366816,193037,10987,True,2213012,2213012,1925772,400080,400080,17489,269751,7893,,88662,1301190284444
run_2026-07-30T11-00-12_42,reconfig_remove_stateless_node_size10,stop_rebuild_restart,remove_stateless_node,10,2,1,2,committed,122976,460123,603042,0,5283,1116599,0,34483,,1242547,1242547,1,0,0,0,0,9,10,AUTO,17355,3747,5142,141,2072,316041,125061,34483,646039,False,1087141,1087141,1087141,29458,29458,0,0,,,,
run_2026-07-30T11-00-12_42,reconfig_remove_stateless_node_size10,prepare_and_commit,remove_stateless_node,10,3,1,2,committed,354845,669664,1678350,164153,19360,2139512,596012,157170,753182,1878479,1811920,5,0,0,0,9,0,1,AUTO,0,0,0,19360,0,0,1873362,157170,19360,True,3238554,3238554,1806803,332709,332709,1208022,223729,4599,,79933,1301439917898
run_2026-07-30T11-00-12_42,reconfig_remove_stateless_node_size10,stop_rebuild_restart,remove_stateless_node,10,3,1,2,committed,164853,563454,749812,0,6259,1147486,0,66129,,1160467,1160467,1,0,0,0,0,9,10,AUTO,18102,4558,6044,215,2680,130835,120423,66129,826035,False,1077293,1077293,1077293,70193,70193,0,0,,,,
run_2026-07-30T11-00-12_42,reconfig_remove_stateless_node_size10,pause_compile_resume,remove_stateless_node,10,3,1,2,committed,128638,462231,602891,0,6932,1018810,0,58632,,1109028,1109028,1,0,0,0,9,0,1,AUTO,10750,0,0,6932,3024,242908,102888,58632,670207,False,1016003,1016003,1016003,2807,2807,0,0,,,,
run_2026-07-30T11-00-12_42,reconfig_remove_stateless_node_size10,stop_rebuild_restart,remove_stateless_node,10,4,1,2,committed,157610,545433,772723,0,4730,1017503,0,43639,,1181405,1181405,1,0,0,0,0,9,10,AUTO,66540,3922,4604,126,2353,90253,63355,43639,824227,False,977835,977835,977835,39668,39668,0,0,,,,
run_2026-07-30T11-00-12_42,reconfig_remove_stateless_node_size10,pause_compile_resume,remove_stateless_node,10,4,1,2,committed,117641,434921,564453,0,6248,985174,0,21885,,1131246,1131246,1,0,0,0,9,0,1,AUTO,10793,0,0,6248,1770,261802,127800,21885,593258,False,982860,982860,982860,2314,2314,0,0,,,,
run_2026-07-30T11-00-12_42,reconfig_remove_stateless_node_size10,prepare_and_commit,remove_stateless_node,10,4,1,2,committed,611123,649406,1700114,159636,19417,2147889,174531,123227,297758,1610749,1506248,2,1,0,0,9,0,1,AUTO,0,0,0,19417,0,0,397418,123227,19417,True,1960227,1960227,1700097,447792,447792,118386,141744,4145,,56307,1302076763011
run_2026-07-30T11-00-12_42,reconfig_remove_stateless_node_size10,pause_compile_resume,remove_stateless_node,10,5,1,2,committed,142557,484165,693863,0,7430,862029,0,24869,,1030882,1030882,1,0,0,0,9,0,1,AUTO,65426,0,0,7430,1868,44508,88144,24869,726315,False,858967,858967,858967,3062,3062,0,0,,,,
run_2026-07-30T11-00-12_42,reconfig_remove_stateless_node_size10,prepare_and_commit,remove_stateless_node,10,5,1,2,committed,426492,676953,1633495,133826,18929,2067333,369149,207246,576395,1774398,1706893,3,0,0,0,9,0,1,AUTO,0,0,0,18929,0,0,371560,207246,18929,True,1835006,1835006,1528698,538635,538635,31557,274751,4569,,90040,1302330848063
run_2026-07-30T11-00-12_42,reconfig_remove_stateless_node_size10,stop_rebuild_restart,remove_stateless_node,10,5,1,2,committed,127355,499444,647719,0,6976,1008550,0,66443,,1064132,1064132,1,0,0,0,0,9,10,AUTO,17859,4010,6763,213,4522,119375,122387,66443,726609,False,968371,968371,968371,40179,40179,0,0,,,,
run_2026-07-30T11-00-12_42,reconfig_remove_stateless_node_size10,prepare_and_commit,remove_stateless_node,10,6,1,2,committed,336943,787615,2104610,377709,9124,2727773,143028,136481,279509,1175785,393341,9,4,0,0,9,0,1,AUTO,0,0,0,9124,0,0,315938,136481,9124,True,1963810,1963810,1739554,988219,988219,99095,125161,3993,,62274,1302585916564
run_2026-07-30T11-00-12_42,reconfig_remove_stateless_node_size10,stop_rebuild_restart,remove_stateless_node,10,6,1,2,committed,129781,464635,616758,0,5084,946878,0,49660,,1001037,1001037,1,0,0,0,0,9,10,AUTO,18931,4216,4963,121,2382,98246,110740,49660,674689,False,883675,883675,883675,63203,63203,0,0,,,,
run_2026-07-30T11-00-12_42,reconfig_remove_stateless_node_size10,pause_compile_resume,remove_stateless_node,10,6,1,2,committed,145203,411176,576135,0,6400,1123900,0,52712,,1162430,1162430,1,0,0,0,9,0,1,AUTO,17877,0,0,6400,3881,393420,89885,52712,637249,False,1120554,1120554,1120554,3346,3346,0,0,,,,
run_2026-07-30T11-00-12_42,reconfig_remove_stateless_node_size10,stop_rebuild_restart,remove_stateless_node,10,7,1,2,committed,174221,520392,708314,0,5555,1057956,0,55893,,1233351,1233351,1,0,0,0,0,9,10,AUTO,11278,4680,5372,183,1872,118609,108057,55893,773891,False,1000557,1000557,1000557,57399,57399,0,0,,,,
run_2026-07-30T11-00-12_42,reconfig_remove_stateless_node_size10,pause_compile_resume,remove_stateless_node,10,7,1,2,committed,131701,481336,633142,0,9489,1143548,0,37124,,1197371,1197371,1,0,0,0,9,0,1,AUTO,18321,0,0,9489,1973,369835,90224,37124,679944,False,1140003,1140003,1140003,3545,3545,0,0,,,,
run_2026-07-30T11-00-12_42,reconfig_remove_stateless_node_size10,prepare_and_commit,remove_stateless_node,10,7,1,2,committed,459633,678255,1617114,132300,18787,2024283,158370,154005,312375,1730598,1658299,2,0,0,0,9,0,1,AUTO,0,0,0,18787,0,0,350719,154005,18787,True,1793699,1793699,1536895,487388,487388,120050,136754,3660,,76124,1303219544617
run_2026-07-30T11-00-12_42,reconfig_remove_stateless_node_size10,pause_compile_resume,remove_stateless_node,10,8,1,2,committed,217249,553980,796178,0,10752,1116224,0,41123,,1159548,1159548,1,0,0,0,9,0,1,AUTO,22343,0,0,10752,2646,128372,134974,41123,848093,False,1111439,1111439,1111439,4785,4785,0,0,,,,
run_2026-07-30T11-00-12_42,reconfig_remove_stateless_node_size10,prepare_and_commit,remove_stateless_node,10,8,1,2,committed,398806,681647,1580587,132331,18385,2024016,647378,159557,806935,1791572,1722566,1,0,0,0,9,0,1,AUTO,0,0,0,18385,0,0,380334,159557,18385,True,1771060,1771060,1512667,511349,511349,29830,228563,4170,,75236,1303480127959
run_2026-07-30T11-00-12_42,reconfig_remove_stateless_node_size10,stop_rebuild_restart,remove_stateless_node,10,8,1,2,committed,199755,503139,771910,0,5133,1066237,0,50067,,1218379,1218379,1,0,0,0,0,9,10,AUTO,66118,5008,4927,206,2181,97327,95036,50067,831401,False,1023764,1023764,1023764,42473,42473,0,0,,,,
run_2026-07-30T11-00-12_42,reconfig_remove_stateless_node_size10,prepare_and_commit,remove_stateless_node,10,9,1,2,committed,377648,642524,1462488,171062,18677,1951508,382753,194898,577651,1814512,1747748,1,0,0,0,9,0,1,AUTO,0,0,0,18677,0,0,385841,194898,18677,True,1790650,1790650,1498034,453474,453474,30954,261662,5675,,88687,1303735483621
run_2026-07-30T11-00-12_42,reconfig_remove_stateless_node_size10,stop_rebuild_restart,remove_stateless_node,10,9,1,2,committed,126305,513160,709122,0,6253,1075874,0,65182,,1220014,1220014,1,0,0,0,0,9,10,AUTO,66988,3594,6009,244,2777,144581,118919,65182,784259,False,1047759,1047759,1047759,28115,28115,0,0,,,,
run_2026-07-30T11-00-12_42,reconfig_remove_stateless_node_size10,pause_compile_resume,remove_stateless_node,10,9,1,2,committed,181330,403460,599453,0,20251,1188080,0,35548,,1275691,1275691,1,0,0,0,9,0,1,AUTO,13236,0,0,20251,6618,393391,131249,35548,660443,False,1185083,1185083,1185083,2997,2997,0,0,,,,
run_2026-07-30T11-00-12_42,reconfig_remove_stateless_node_size10,stop_rebuild_restart,remove_stateless_node,10,10,1,2,committed,144893,514518,673577,0,6981,1052236,0,55815,,1208632,1208632,1,0,0,0,0,9,10,AUTO,11811,3586,6718,263,2584,182354,100556,55815,740188,False,1023098,1023098,1023098,29138,29138,0,0,,,,
run_2026-07-30T11-00-12_42,reconfig_remove_stateless_node_size10,pause_compile_resume,remove_stateless_node,10,10,1,2,committed,119966,508382,640229,0,8526,1004096,0,33915,,1155861,1155861,1,0,0,0,9,0,1,AUTO,10637,0,0,8526,2716,225864,90951,33915,684142,False,1000957,1000957,1000957,3139,3139,0,0,,,,
run_2026-07-30T11-00-12_42,reconfig_remove_stateless_node_size10,prepare_and_commit,remove_stateless_node,10,10,1,2,committed,611542,704459,1744098,329076,24044,2407422,154842,423056,577898,1543623,1434515,2,1,0,0,9,0,1,AUTO,0,0,0,24044,0,0,438324,423056,24044,True,2530501,2530501,1967813,439609,439609,174374,388314,4648,,75407,1304355298381
run_2026-07-30T11-00-12_42,reconfig_remove_stateless_node_size10,pause_compile_resume,remove_stateless_node,10,11,1,2,committed,172211,479222,676551,0,6671,969193,0,24701,,1646252,1039565,1,0,0,0,9,0,1,AUTO,22794,0,0,6671,1831,153218,105024,24701,707430,False,965672,965672,965672,3521,3521,0,0,,,,
run_2026-07-30T11-00-12_42,reconfig_remove_stateless_node_size10,prepare_and_commit,remove_stateless_node,10,11,1,2,committed,661001,874396,1933457,406663,14261,2694132,622437,156311,778748,1054930,758935,4,3,0,0,9,0,1,AUTO,0,0,0,14261,0,0,428192,156311,14261,True,2540824,2540824,2287153,406979,406979,21848,231823,5560,,78811,1304609637877
run_2026-07-30T11-00-12_42,reconfig_remove_stateless_node_size10,stop_rebuild_restart,remove_stateless_node,10,11,1,2,committed,176592,547759,741515,0,7954,1156094,0,57236,,1235501,1235501,1,0,0,0,0,9,10,AUTO,14044,3250,7777,177,2794,178529,137893,57236,809629,False,1126051,1126051,1126051,30043,30043,0,0,,,,
run_2026-07-30T11-00-12_42,reconfig_remove_stateless_node_size10,prepare_and_commit,remove_stateless_node,10,12,1,2,committed,265122,800951,1565017,485563,17890,2347991,587237,168711,755948,797245,706749,7,2,0,0,9,0,1,AUTO,0,0,0,17890,0,0,389452,168711,17890,True,2127689,2127689,1840323,507668,507668,28159,259207,4758,,73251,1304866780083
run_2026-07-30T11-00-12_42,reconfig_remove_stateless_node_size10,stop_rebuild_restart,remove_stateless_node,10,12,1,2,committed,171992,462951,651268,0,5905,1234920,0,38642,,1313209,1313209,1,0,0,0,0,9,10,AUTO,13295,38329,5742,163,3063,322759,130466,38642,734177,False,1187402,1187402,1187402,47518,47518,0,0,,,,
run_2026-07-30T11-00-12_42,reconfig_remove_stateless_node_size10,pause_compile_resume,remove_stateless_node,10,12,1,2,committed,157898,491267,661774,0,8114,1178827,0,35796,,1321971,1321971,1,0,0,0,9,0,1,AUTO,11158,0,0,8114,1909,245703,223808,35796,706142,False,1175653,1175653,1175653,3174,3174,0,0,,,,
run_2026-07-30T11-00-12_42,reconfig_remove_stateless_node_size10,stop_rebuild_restart,remove_stateless_node,10,13,1,2,committed,192684,460933,669608,0,5456,1188682,0,35821,,1268273,1268273,1,0,0,0,0,9,10,AUTO,13363,3225,5332,124,2155,309335,127466,35821,713637,False,1150438,1150438,1150438,38244,38244,0,0,,,,
run_2026-07-30T11-00-12_42,reconfig_remove_stateless_node_size10,pause_compile_resume,remove_stateless_node,10,13,1,2,committed,141132,496748,718720,0,6631,1182352,0,24626,,1188235,1188235,1,0,0,0,9,0,1,AUTO,78796,0,0,6631,1847,304449,124707,24626,749780,False,1178936,1178936,1178936,3416,3416,0,0,,,,
run_2026-07-30T11-00-12_42,reconfig_remove_stateless_node_size10,prepare_and_commit,remove_stateless_node,10,13,1,2,committed,604932,880597,1985869,227568,15603,2564502,229367,890166,1119533,1955238,1866278,3,1,0,0,9,0,1,AUTO,0,0,0,15603,0,0,441743,890166,15603,True,3060609,3060609,2055495,509007,509007,123416,881698,735458,,69185,1305487807705
run_2026-07-30T11-00-12_42,reconfig_remove_stateless_node_size10,pause_compile_resume,remove_stateless_node,10,14,1,2,committed,159400,545380,724973,0,8865,966678,0,42267,,991742,991742,1,0,0,0,9,0,1,AUTO,18260,0,0,8865,2768,92798,93047,42267,776940,False,962785,962785,962785,3893,3893,0,0,,,,
run_2026-07-30T11-00-12_42,reconfig_remove_stateless_node_size10,prepare_and_commit,remove_stateless_node,10,14,1,2,committed,405199,653076,1537319,138758,17196,1988801,382650,184607,567257,1751525,1684586,5,0,0,0,9,0,1,AUTO,0,0,0,17196,0,0,383141,184607,17196,True,1781977,1781977,1501426,487375,487375,29005,251546,4017,,83232,1305744486035
run_2026-07-30T11-00-12_42,reconfig_remove_stateless_node_size10,stop_rebuild_restart,remove_stateless_node,10,14,1,2,committed,141895,506257,682021,0,5200,1080457,0,33836,,1131947,1131947,1,0,0,0,0,9,10,AUTO,29753,3048,5035,165,17483,232552,80300,33836,737472,False,1050324,1050324,1050324,30133,30133,0,0,,,,
run_2026-07-30T11-00-12_42,reconfig_remove_stateless_node_size10,prepare_and_commit,remove_stateless_node,10,15,1,2,committed,404852,800288,1679793,174129,18298,2207447,265219,179314,444533,1105359,968197,6,2,0,0,9,0,1,AUTO,0,0,0,18298,0,0,646374,179314,18298,True,2223255,2223255,1724391,483056,483056,243993,254871,17749,,68839,1305995091576
run_2026-07-30T11-00-12_42,reconfig_remove_stateless_node_size10,stop_rebuild_restart,remove_stateless_node,10,15,1,2,committed,164532,526934,713276,0,5213,1015802,0,35515,,1050857,1050857,1,0,0,0,0,9,10,AUTO,18003,3975,5070,143,2326,108544,114333,35515,756498,False,979375,979375,979375,36427,36427,0,0,,,,
run_2026-07-30T11-00-12_42,reconfig_remove_stateless_node_size10,pause_compile_resume,remove_stateless_node,10,15,1,2,committed,125723,478616,685049,0,7210,1171431,0,23642,,1180736,1180736,1,0,0,0,9,0,1,AUTO,79280,0,0,7210,1804,354406,97610,23642,716275,False,1168291,1168291,1168291,3140,3140,0,0,,,,
run_2026-07-30T11-00-12_42,reconfig_remove_stateless_node_size10,stop_rebuild_restart,remove_stateless_node,10,16,1,2,committed,117978,460346,591738,0,5386,1027062,0,59631,,1184247,1184247,1,0,0,0,0,9,10,AUTO,11073,4941,5118,268,2577,221522,99553,59631,661932,False,983007,983007,983007,44055,44055,0,0,,,,
run_2026-07-30T11-00-12_42,reconfig_remove_stateless_node_size10,pause_compile_resume,remove_stateless_node,10,16,1,2,committed,120424,488562,622275,0,8031,1027668,0,29122,,1166979,1166979,1,0,0,0,9,0,1,AUTO,11968,0,0,8031,1875,248735,115781,29122,659982,False,1024498,1024498,1024498,3170,3170,0,0,,,,
run_2026-07-30T11-00-12_42,reconfig_remove_stateless_node_size10,prepare_and_commit,remove_stateless_node,10,16,1,2,committed,356962,785862,1653671,613980,40432,2589784,555420,179951,735371,784607,713025,5,3,0,0,9,0,1,AUTO,0,0,0,40432,0,0,397072,179951,40432,True,2374259,2374259,2069483,520301,520301,53243,251533,4608,,86940,1306613677310
run_2026-07-30T11-00-12_42,reconfig_remove_stateless_node_size10,pause_compile_resume,remove_stateless_node,10,17,1,2,committed,129217,481928,623824,0,21311,1035432,0,35565,,1127194,1127194,1,0,0,0,9,0,1,AUTO,11488,0,0,21311,2386,234131,116422,35565,681895,False,1032448,1032448,1032448,2984,2984,0,0,,,,
run_2026-07-30T11-00-12_42,reconfig_remove_stateless_node_size10,prepare_and_commit,remove_stateless_node,10,17,1,2,committed,598786,915673,1915149,236322,14212,2465310,168089,157882,325971,874554,794693,3,3,0,0,9,0,1,AUTO,0,0,0,14212,0,0,514003,157882,14212,True,2436878,2436878,2053363,411947,411947,266053,117462,3806,,69988,1306870647198
run_2026-07-30T11-00-12_42,reconfig_remove_stateless_node_size10,stop_rebuild_restart,remove_stateless_node,10,17,1,2,committed,123159,530216,722210,0,5197,1049655,0,51271,,1231521,1231521,1,0,0,0,0,9,10,AUTO,66228,4007,4996,201,2421,109458,103770,51271,782499,False,995727,995727,995727,53928,53928,0,0,,,,
run_2026-07-30T11-00-12_42,reconfig_remove_stateless_node_size10,prepare_and_commit,remove_stateless_node,10,18,1,2,committed,422858,894735,1767996,190064,13254,2210992,142396,143052,285448,773501,690463,3,2,0,0,9,0,1,AUTO,0,0,0,13254,0,0,333319,143052,13254,True,1997282,1997282,1749642,461350,461350,107885,139755,3598,,66293,1307119592678
run_2026-07-30T11-00-12_42,reconfig_remove_stateless_node_size10,stop_rebuild_restart,remove_stateless_node,10,18,1,2,committed,160786,496972,743807,0,5944,1138367,0,53115,,1300299,1300299,1,0,0,0,0,9,10,AUTO,83107,26261,5753,191,2663,141151,138110,53115,828848,False,1108109,1108109,1108109,30258,30258,0,0,,,,
run_2026-07-30T11-00-12_42,reconfig_remove_stateless_node_size10,pause_compile_resume,remove_stateless_node,10,18,1,2,committed,121523,518999,654962,0,8248,1019949,0,28090,,1110194,1110194,1,0,0,0,9,0,1,AUTO,12872,0,0,8248,1874,232229,93111,28090,691606,False,1016946,1016946,1016946,3003,3003,0,0,,,,
run_2026-07-30T11-00-12_42,reconfig_remove_stateless_node_size10,stop_rebuild_restart,remove_stateless_node,10,19,1,2,committed,130303,467125,612715,0,5365,1098455,0,33728,,1246229,1246229,1,0,0,0,0,9,10,AUTO,12677,3260,5225,140,2159,315752,98782,33728,654617,False,1069151,1069151,1069151,29304,29304,0,0,,,,
run_2026-07-30T11-00-12_42,reconfig_remove_stateless_node_size10,pause_compile_resume,remove_stateless_node,10,19,1,2,committed,125659,469710,608568,0,6909,973829,0,41681,,1137836,1137836,1,0,0,0,9,0,1,AUTO,11979,0,0,6909,2790,225305,87067,41681,658728,False,971100,971100,971100,2729,2729,0,0,,,,
run_2026-07-30T11-00-12_42,reconfig_remove_stateless_node_size10,prepare_and_commit,remove_stateless_node,10,19,1,2,committed,485874,752402,1803745,163915,20440,2243773,155490,133737,289227,1958800,1880767,3,0,0,0,9,0,1,AUTO,0,0,0,20440,0,0,357187,133737,20440,True,1913555,1913555,1668575,575198,575198,123664,121316,3831,,58579,1307741795242
run_2026-07-30T11-00-12_42,reconfig_remove_stateless_node_size10,pause_compile_resume,remove_stateless_node,10,20,1,2,committed,118905,497292,662250,0,6710,946337,0,25223,,1030434,1030434,1,0,0,0,9,0,1,AUTO,17472,0,0,6710,2002,143164,105591,25223,667604,False,916359,916359,916359,29978,29978,0,0,,,,
run_2026-07-30T11-00-12_42,reconfig_remove_stateless_node_size10,prepare_and_commit,remove_stateless_node,10,20,1,2,committed,399853,941107,1857570,319996,13562,2480021,219167,151661,370828,897389,743163,6,2,0,0,9,0,1,AUTO,0,0,0,13562,0,0,415454,151661,13562,True,2241633,2241633,1937104,542917,542917,64331,240198,5491,,65271,1307997384161
run_2026-07-30T11-00-12_42,reconfig_remove_stateless_node_size10,stop_rebuild_restart,remove_stateless_node,10,20,1,2,committed,128248,529104,671774,0,4809,963298,0,32826,,1109366,1109366,1,0,0,0,0,9,10,AUTO,12234,3198,4683,126,2373,101853,114136,32826,712792,False,928781,928781,928781,34517,34517,0,0,,,,
run_2026-07-30T11-00-12_42,reconfig_remove_stateless_node_size10,prepare_and_commit,remove_stateless_node,10,21,1,2,committed,427742,984781,1899802,187208,13448,2792664,158308,162734,321042,1153901,1100443,9,3,0,0,9,0,1,AUTO,0,0,0,13448,0,0,758123,162734,13448,True,2534036,2534036,2296665,495999,495999,183913,53458,4026,,84811,1308250815349
run_2026-07-30T11-00-12_42,reconfig_remove_stateless_node_size10,stop_rebuild_restart,remove_stateless_node,10,21,1,2,committed,187393,481821,686061,0,7561,933630,0,52832,,1014440,1014440,1,0,0,0,0,9,10,AUTO,13691,4007,7335,226,2632,13944,97148,52832,749937,False,861029,861029,861029,72601,72601,0,0,,,,
run_2026-07-30T11-00-12_42,reconfig_remove_stateless_node_size10,pause_compile_resume,remove_stateless_node,10,21,1,2,committed,139484,392096,549267,0,6673,1180444,0,22930,,1221002,1221002,1,0,0,0,9,0,1,AUTO,16046,0,0,6673,1640,471368,127293,22930,578869,False,1177530,1177530,1177530,2914,2914,0,0,,,,
run_2026-07-30T11-00-12_42,reconfig_remove_stateless_node_size10,stop_rebuild_restart,remove_stateless_node,10,22,1,2,committed,140049,515051,724925,0,6196,1080731,0,51504,,1221831,1221831,1,0,0,0,0,9,10,AUTO,67075,5184,6008,188,2722,131633,116818,51504,787781,False,1036232,1036232,1036232,44499,44499,0,0,,,,
run_2026-07-30T11-00-12_42,reconfig_remove_stateless_node_size10,pause_compile_resume,remove_stateless_node,10,22,1,2,committed,131734,436347,589119,0,9283,1107128,0,31938,,1157604,1157604,1,0,0,0,9,0,1,AUTO,19498,0,0,9283,1919,374457,98224,31938,630719,False,1103400,1103400,1103400,3728,3728,0,0,,,,
run_2026-07-30T11-00-12_42,reconfig_remove_stateless_node_size10,prepare_and_commit,remove_stateless_node,10,22,1,2,committed,421261,883867,1821192,210703,12391,2294687,159591,146489,306080,856251,692444,5,2,0,0,9,0,1,AUTO,0,0,0,12391,0,0,374348,146489,12391,True,2049059,2049059,1770049,524638,524638,102293,176717,3687,,77632,1308888972549
run_2026-07-30T11-00-12_42,reconfig_remove_stateless_node_size10,pause_compile_resume,remove_stateless_node,10,23,1,2,committed,152720,462100,706585,0,6670,1031770,0,41886,,1196015,1196015,1,0,0,0,9,0,1,AUTO,90230,0,0,6670,2804,171913,100452,41886,756410,False,1028775,1028775,1028775,2995,2995,0,0,,,,
run_2026-07-30T11-00-12_42,reconfig_remove_stateless_node_size10,prepare_and_commit,remove_stateless_node,10,23,1,2,committed,333616,876043,1627389,187968,13760,2415480,154432,144826,299258,1147757,1005493,5,2,0,0,9,0,1,AUTO,0,0,0,13760,0,0,741412,144826,13760,True,2297625,2297625,1988585,426895,426895,166776,142264,4225,,65890,1309159564300
run_2026-07-30T11-00-12_42,reconfig_remove_stateless_node_size10,stop_rebuild_restart,remove_stateless_node,10,23,1,2,committed,127890,509658,671627,0,5088,932873,0,33078,,998854,998854,1,0,0,0,0,9,10,AUTO,31074,3569,4829,259,2224,68615,111536,33078,712581,False,892732,892732,892732,40141,40141,0,0,,,,
run_2026-07-30T11-00-12_42,reconfig_remove_stateless_node_size10,prepare_and_commit,remove_stateless_node,10,24,1,2,committed,417778,800776,1670885,159507,19995,2198849,692620,152586,845206,953895,877838,7,2,0,0,9,0,1,AUTO,0,0,0,19995,0,0,499363,152586,19995,True,2050005,2050005,1737900,460949,460949,83462,228643,4481,,76715,1309413671837
run_2026-07-30T11-00-12_42,reconfig_remove_stateless_node_size10,stop_rebuild_restart,remove_stateless_node,10,24,1,2,committed,192094,541660,814947,0,4882,1046134,0,41412,,1053642,1053642,1,0,0,0,0,9,10,AUTO,78259,4447,4759,123,1939,62528,78638,41412,864693,False,1005859,1005859,1005859,40275,40275,0,0,,,,
run_2026-07-30T11-00-12_42,reconfig_remove_stateless_node_size10,pause_compile_resume,remove_stateless_node,10,24,1,2,committed,130630,523737,674343,0,7027,1086055,0,30299,,1152167,1152167,1,0,0,0,9,0,1,AUTO,18019,0,0,7027,1860,262735,108410,30299,711572,False,1082717,1082717,1082717,3338,3338,0,0,,,,
run_2026-07-30T11-00-12_42,reconfig_remove_stateless_node_size10,stop_rebuild_restart,remove_stateless_node,10,25,1,2,committed,121332,461598,603752,0,4611,1101218,0,34270,,1219111,1219111,1,0,0,0,0,9,10,AUTO,18317,3265,4484,127,2047,322892,95535,34270,645440,False,1063867,1063867,1063867,37351,37351,0,0,,,,
run_2026-07-30T11-00-12_42,reconfig_remove_stateless_node_size10,pause_compile_resume,remove_stateless_node,10,25,1,2,committed,143976,418698,583908,0,6497,1220070,0,25960,,1262915,1262915,1,0,0,0,9,0,1,AUTO,19097,0,0,6497,1806,484046,116467,25960,616034,False,1216547,1216547,1216547,3523,3523,0,0,,,,
run_2026-07-30T11-00-12_42,reconfig_remove_stateless_node_size10,prepare_and_commit,remove_stateless_node,10,25,1,2,committed,365239,721809,1528816,121760,15894,1990156,461093,354777,815870,876346,771998,3,2,0,0,9,0,1,AUTO,0,0,0,15894,0,0,444577,354777,15894,True,2024056,2024056,1539770,450386,450386,25161,459125,5370,,76264,1310043304732
run_2026-07-30T11-00-12_42,reconfig_remove_stateless_node_size10,pause_compile_resume,remove_stateless_node,10,26,1,2,committed,134845,475728,626389,0,6517,1026297,0,45933,,1102553,1102553,1,0,0,0,9,0,1,AUTO,14366,0,0,6517,2766,256895,86046,45933,680155,False,1023096,1023096,1023096,3201,3201,0,0,,,,
run_2026-07-30T11-00-12_42,reconfig_remove_stateless_node_size10,prepare_and_commit,remove_stateless_node,10,26,1,2,committed,424609,678604,1599780,139243,19477,2032992,170637,390775,561412,1811220,1699819,3,0,0,0,9,0,1,AUTO,0,0,0,19477,0,0,409646,390775,19477,True,2062354,2062354,1528012,504980,504980,127608,406734,228898,,77429,1310300125440
run_2026-07-30T11-00-12_42,reconfig_remove_stateless_node_size10,stop_rebuild_restart,remove_stateless_node,10,26,1,2,committed,202040,474237,692323,0,4913,1190213,0,37564,,1268737,1268737,1,0,0,0,0,9,10,AUTO,13298,3452,4769,144,2209,292882,130001,37564,737713,False,1160596,1160596,1160596,29617,29617,0,0,,,,
run_2026-07-30T11-00-12_42,reconfig_remove_stateless_node_size10,prepare_and_commit,remove_stateless_node,10,27,1,2,committed,330714,646705,1793029,302600,10929,2397781,553704,158795,712499,1671977,1600273,7,2,0,0,9,0,1,AUTO,0,0,0,10929,0,0,372287,158795,10929,True,1822030,1822030,1573715,824066,824066,17816,230499,4995,,77457,1310554775153
run_2026-07-30T11-00-12_42,reconfig_remove_stateless_node_size10,stop_rebuild_restart,remove_stateless_node,10,27,1,2,committed,179066,485608,748708,0,6170,1136719,0,65453,,1146342,1146342,1,0,0,0,0,9,10,AUTO,80581,3429,5887,283,2390,141911,142705,65453,822697,False,1107313,1107313,1107313,29406,29406,0,0,,,,
run_2026-07-30T11-00-12_42,reconfig_remove_stateless_node_size10,pause_compile_resume,remove_stateless_node,10,27,1,2,committed,123099,550741,688583,0,7289,1178686,0,27005,,1258523,1258523,1,0,0,0,9,0,1,AUTO,13050,0,0,7289,1962,323723,128545,27005,723146,False,1175414,1175414,1175414,3272,3272,0,0,,,,
run_2026-07-30T11-00-12_42,reconfig_remove_stateless_node_size10,stop_rebuild_restart,remove_stateless_node,10,28,1,2,committed,150230,435389,607164,0,5582,1178498,0,47160,,1211864,1211864,1,0,0,0,0,9,10,AUTO,18347,4954,5388,194,2369,324257,116051,47160,664031,False,1104339,1104339,1104339,74159,74159,0,0,,,,
run_2026-07-30T11-00-12_42,reconfig_remove_stateless_node_size10,pause_compile_resume,remove_stateless_node,10,28,1,2,committed,116866,430718,559856,0,7328,1003539,0,24031,,1183593,1183593,1,0,0,0,9,0,1,AUTO,10778,0,0,7328,1976,278245,130768,24031,591697,False,1000710,1000710,1000710,2829,2829,0,0,,,,
run_2026-07-30T11-00-12_42,reconfig_remove_stateless_node_size10,prepare_and_commit,remove_stateless_node,10,28,1,2,committed,520847,720565,1712522,242808,23658,2349019,236066,145925,381991,2302251,2188007,2,0,0,0,9,0,1,AUTO,0,0,0,23658,0,0,724271,145925,23658,True,2378074,2378074,1868379,480640,480640,373961,135734,4769,,66634,1311181456394
run_2026-07-30T11-00-12_42,reconfig_remove_stateless_node_size10,pause_compile_resume,remove_stateless_node,10,29,1,2,committed,158075,523158,701171,0,9452,1063784,0,28883,,1091199,1091199,1,0,0,0,9,0,1,AUTO,17965,0,0,9452,2097,221034,99707,28883,739630,False,1060371,1060371,1060371,3413,3413,0,0,,,,
run_2026-07-30T11-00-12_42,reconfig_remove_stateless_node_size10,prepare_and_commit,remove_stateless_node,10,29,1,2,committed,424615,780080,1723378,344343,14437,2373828,181897,143444,325341,918835,747710,8,2,0,0,9,0,1,AUTO,0,0,0,14437,0,0,397955,143444,14437,True,2104874,2104874,1846730,527098,527098,123178,134966,4032,,61010,1311439123251
run_2026-07-30T11-00-12_42,reconfig_remove_stateless_node_size10,stop_rebuild_restart,remove_stateless_node,10,29,1,2,committed,156323,507785,677172,0,7585,1052458,0,56827,,1155502,1155502,1,0,0,0,0,9,10,AUTO,10792,3191,7315,270,3522,175285,102914,56827,746025,False,1024224,1024224,1024224,28234,28234,0,0,,,,
run_2026-07-30T11-00-12_42,reconfig_remove_stateless_node_size10,prepare_and_commit,remove_stateless_node,10,30,1,2,committed,491684,886845,1924938,570534,13793,2777971,355813,310359,666172,1098436,559519,4,2,0,0,9,0,1,AUTO,0,0,0,13793,0,0,353926,310359,13793,True,2627141,2627141,2222335,555636,555636,21946,382860,5721,,91707,1311704935696
run_2026-07-30T11-00-12_42,reconfig_remove_stateless_node_size10,stop_rebuild_restart,remove_stateless_node,10,30,1,2,committed,132732,365622,516907,0,4921,807512,0,34633,,875611,875611,1,0,0,0,0,9,10,AUTO,15428,3894,4777,144,2090,95992,123732,34633,559320,False,779044,779044,779044,28468,28468,0,0,,,,
run_2026-07-30T11-00-12_42,reconfig_remove_stateless_node_size10,pause_compile_resume,remove_stateless_node,10,30,1,2,committed,126426,500685,643438,0,8960,1018758,0,35265,,1084991,1084991,1,0,0,0,9,0,1,AUTO,14537,0,0,8960,2180,233537,93913,35265,688053,False,1015503,1015503,1015503,3255,3255,0,0,,,,
run_2026-07-30T11-00-12_42,reconfig_rewire_stateless_edge_size10,stop_rebuild_restart,rewire_stateless_edge,10,1,1,2,committed,138075,535448,691651,0,5445,1188742,0,34989,,1255259,1255259,1,0,0,0,0,10,10,AUTO,15318,3156,5320,125,2441,286074,138041,34989,734872,False,1158987,1158987,1158987,29755,29755,0,0,,,,
run_2026-07-30T11-00-12_42,reconfig_rewire_stateless_edge_size10,pause_compile_resume,rewire_stateless_edge,10,1,1,2,committed,126575,458180,597534,0,7093,1040547,0,61255,,1199084,1199084,1,0,0,0,10,0,0,AUTO,11340,0,0,7093,2575,268967,101761,61255,667018,False,1037746,1037746,1037746,2801,2801,0,0,,,,
run_2026-07-30T11-00-12_42,reconfig_rewire_stateless_edge_size10,prepare_and_commit,rewire_stateless_edge,10,1,1,2,committed,406682,760529,1638270,306812,8974,2144260,0,0,0,1505327,201689,3,2,0,0,10,0,0,AUTO,0,0,0,8974,0,0,238984,0,8974,True,1721981,1721981,1664583,479677,479677,13538,43860,,,,
run_2026-07-30T11-00-12_42,reconfig_rewire_stateless_edge_size10,pause_compile_resume,rewire_stateless_edge,10,2,1,2,committed,196419,470849,679864,0,9003,976837,0,28784,,1101718,1101718,1,0,0,0,10,0,0,AUTO,11466,0,0,9003,2287,135401,119790,28784,718808,False,973999,973999,973999,2838,2838,0,0,,,,
run_2026-07-30T11-00-12_42,reconfig_rewire_stateless_edge_size10,prepare_and_commit,rewire_stateless_edge,10,2,1,2,committed,385391,969805,1928981,188969,12315,2329720,0,0,0,675604,630456,8,3,0,0,10,0,0,AUTO,0,0,0,12315,0,0,255071,0,12315,True,1811551,1811551,1746935,582785,582785,19468,45148,,,,
run_2026-07-30T11-00-12_42,reconfig_rewire_stateless_edge_size10,stop_rebuild_restart,rewire_stateless_edge,10,2,1,2,committed,198163,571207,786779,0,6549,1128709,0,55839,,1265156,1265156,1,0,0,0,0,10,10,AUTO,13486,4424,6336,213,4522,90924,127653,55839,854190,False,1072767,1072767,1072767,55942,55942,0,0,,,,
run_2026-07-30T11-00-12_42,reconfig_rewire_stateless_edge_size10,prepare_and_commit,rewire_stateless_edge,10,3,1,2,committed,454992,741384,1748617,147792,18699,2204809,0,0,0,1835474,1752223,2,0,0,0,10,0,0,AUTO,0,0,0,18699,0,0,395174,0,18699,True,1758041,1758041,1644210,560599,560599,30580,83251,,,,
run_2026-07-30T11-00-12_42,reconfig_rewire_stateless_edge_size10,stop_rebuild_restart,rewire_stateless_edge,10,3,1,2,committed,222305,514158,756880,0,10588,1099497,0,51074,,1124204,1124204,1,0,0,0,0,10,10,AUTO,17261,5057,10430,158,1935,100175,109097,51074,822378,False,1031650,1031650,1031650,67847,67847,0,0,,,,
run_2026-07-30T11-00-12_42,reconfig_rewire_stateless_edge_size10,pause_compile_resume,rewire_stateless_edge,10,3,1,2,committed,130272,541108,683663,0,6740,1029366,0,20771,,1148553,1148553,1,0,0,0,10,0,0,AUTO,11244,0,0,6740,2062,215425,99080,20771,712197,False,1026702,1026702,1026702,2664,2664,0,0,,,,
run_2026-07-30T11-00-12_42,reconfig_rewire_stateless_edge_size10,stop_rebuild_restart,rewire_stateless_edge,10,4,1,2,committed,188272,528264,736292,0,7635,1174115,0,55124,,1267629,1267629,1,0,0,0,0,10,10,AUTO,17521,3338,7346,289,3238,198543,141335,55124,803392,False,1143270,1143270,1143270,30845,30845,0,0,,,,
run_2026-07-30T11-00-12_42,reconfig_rewire_stateless_edge_size10,pause_compile_resume,rewire_stateless_edge,10,4,1,2,committed,132095,457270,602040,0,20970,1010022,0,32411,,1183190,1183190,1,0,0,0,10,0,0,AUTO,11320,0,0,20970,7893,241137,104155,32411,661959,False,1007251,1007251,1007251,2771,2771,0,0,,,,
run_2026-07-30T11-00-12_42,reconfig_rewire_stateless_edge_size10,prepare_and_commit,rewire_stateless_edge,10,4,1,2,committed,442706,768777,1729991,133999,19234,2224155,0,0,0,1981426,1857624,2,0,0,0,10,0,0,AUTO,0,0,0,19234,0,0,486866,0,19234,True,1851582,1851582,1697453,526702,526702,30327,123802,,,,
run_2026-07-30T11-00-12_42,reconfig_rewire_stateless_edge_size10,pause_compile_resume,rewire_stateless_edge,10,5,1,2,committed,195376,485259,700663,0,6836,1173975,0,19534,,1203371,1203371,1,0,0,0,10,0,0,AUTO,18136,0,0,6836,2002,304686,138961,19534,727143,False,1170790,1170790,1170790,3185,3185,0,0,,,,
run_2026-07-30T11-00-12_42,reconfig_rewire_stateless_edge_size10,prepare_and_commit,rewire_stateless_edge,10,5,1,2,committed,356215,708409,1830532,310040,14683,2414091,0,0,0,1756511,1680937,7,1,0,0,10,0,0,AUTO,0,0,0,14683,0,0,349426,0,14683,True,1738773,1738773,1639396,774695,774695,23803,75574,,,,
run_2026-07-30T11-00-12_42,reconfig_rewire_stateless_edge_size10,stop_rebuild_restart,rewire_stateless_edge,10,5,1,2,committed,145166,594213,761644,0,7377,1129660,0,70693,,1176526,1176526,1,0,0,0,0,10,10,AUTO,18706,4414,7184,193,2627,134874,120490,70693,843196,False,1098560,1098560,1098560,31100,31100,0,0,,,,
run_2026-07-30T11-00-12_42,reconfig_rewire_stateless_edge_size10,prepare_and_commit,rewire_stateless_edge,10,6,1,2,committed,462882,1048033,2046767,409601,12877,2715999,0,0,0,806001,713613,7,3,0,0,10,0,0,AUTO,0,0,0,12877,0,0,351365,0,12877,True,2284758,2284758,2172053,543946,543946,20317,92388,,,,
run_2026-07-30T11-00-12_42,reconfig_rewire_stateless_edge_size10,stop_rebuild_restart,rewire_stateless_edge,10,6,1,2,committed,148099,425191,593756,0,7684,1316331,0,61054,,1385671,1385671,1,0,0,0,0,10,10,AUTO,17457,3143,7345,339,2774,476661,122285,61054,665402,False,1264348,1264348,1264348,51983,51983,0,0,,,,
run_2026-07-30T11-00-12_42,reconfig_rewire_stateless_edge_size10,pause_compile_resume,rewire_stateless_edge,10,6,1,2,committed,171670,460436,656273,0,6665,1149838,0,19552,,1162837,1162837,1,0,0,0,10,0,0,AUTO,22667,0,0,6665,1871,313554,150455,19552,682861,False,1146870,1146870,1146870,2968,2968,0,0,,,,
run_2026-07-30T11-00-12_42,reconfig_rewire_stateless_edge_size10,stop_rebuild_restart,rewire_stateless_edge,10,7,1,2,committed,147793,479945,649554,0,5345,1193829,0,63422,,1235862,1235862,1,0,0,0,0,10,10,AUTO,18367,3737,5193,152,2822,261687,139415,63422,721431,False,1122533,1122533,1122533,71296,71296,0,0,,,,
run_2026-07-30T11-00-12_42,reconfig_rewire_stateless_edge_size10,pause_compile_resume,rewire_stateless_edge,10,7,1,2,committed,126861,461122,608321,0,6348,1008566,0,20109,,1088746,1088746,1,0,0,0,10,0,0,AUTO,18901,0,0,6348,1955,233690,136607,20109,635296,False,1005593,1005593,1005593,2973,2973,0,0,,,,
run_2026-07-30T11-00-12_42,reconfig_rewire_stateless_edge_size10,prepare_and_commit,rewire_stateless_edge,10,7,1,2,committed,390768,687393,1568973,151015,20073,2059107,0,0,0,1855614,1786673,2,0,0,0,10,0,0,AUTO,0,0,0,20073,0,0,403350,0,20073,True,1652599,1652599,1552389,506718,506718,31269,68941,,,,
run_2026-07-30T11-00-12_42,reconfig_rewire_stateless_edge_size10,pause_compile_resume,rewire_stateless_edge,10,8,1,2,committed,242260,538950,795529,0,12198,1025707,0,21316,,1107131,1107131,1,0,0,0,10,0,0,AUTO,12954,0,0,12198,1839,95247,98175,21316,829517,False,1022939,1022939,1022939,2768,2768,0,0,,,,
run_2026-07-30T11-00-12_42,reconfig_rewire_stateless_edge_size10,prepare_and_commit,rewire_stateless_edge,10,8,1,2,committed,424136,751750,1667055,589097,10517,2507423,0,0,0,707778,641167,4,3,0,0,10,0,0,AUTO,0,0,0,10517,0,0,319772,0,10517,True,2095272,2095272,2007428,499995,499995,21233,66611,,,,
run_2026-07-30T11-00-12_42,reconfig_rewire_stateless_edge_size10,stop_rebuild_restart,rewire_stateless_edge,10,8,1,2,committed,175109,522110,780254,0,4830,1116197,0,61038,,1122545,1122545,1,0,0,0,0,10,10,AUTO,79949,4043,4708,122,2039,93788,96610,61038,849118,False,1039516,1039516,1039516,76681,76681,0,0,,,,
run_2026-07-30T11-00-12_42,reconfig_rewire_stateless_edge_size10,prepare_and_commit,rewire_stateless_edge,10,9,1,2,committed,450477,787277,1801074,149776,20920,2328418,0,0,0,2029839,1951816,1,0,0,0,10,0,0,AUTO,0,0,0,20920,0,0,452726,0,20920,True,1861176,1861176,1750923,577495,577495,32230,78023,,,,
run_2026-07-30T11-00-12_42,reconfig_rewire_stateless_edge_size10,stop_rebuild_restart,rewire_stateless_edge,10,9,1,2,committed,141365,588608,748437,0,7447,1001815,0,57184,,1092238,1092238,1,0,0,0,0,10,10,AUTO,15338,3568,7206,241,2553,21845,132148,57184,816063,False,970056,970056,970056,31759,31759,0,0,,,,
run_2026-07-30T11-00-12_42,reconfig_rewire_stateless_edge_size10,pause_compile_resume,rewire_stateless_edge,10,9,1,2,committed,128754,550295,696020,0,7668,982383,0,20699,,1060249,1060249,1,0,0,0,10,0,0,AUTO,15685,0,0,7668,1974,142383,112343,20699,725075,False,979801,979801,979801,2582,2582,0,0,,,,
run_2026-07-30T11-00-12_42,reconfig_rewire_stateless_edge_size10,stop_rebuild_restart,rewire_stateless_edge,10,10,1,2,committed,129540,561319,704329,0,4629,952630,0,36658,,1095306,1095306,1,0,0,0,0,10,10,AUTO,11567,3877,4491,138,2154,57590,115856,36658,749744,False,923190,923190,923190,29440,29440,0,0,,,,
run_2026-07-30T11-00-12_42,reconfig_rewire_stateless_edge_size10,pause_compile_resume,rewire_stateless_edge,10,10,1,2,committed,124974,707790,845268,0,7156,1209635,0,21506,,1305217,1305217,1,0,0,0,10,0,0,AUTO,11003,0,0,7156,2132,233143,99050,21506,874561,False,1206754,1206754,1206754,2881,2881,0,0,,,,
run_2026-07-30T11-00-12_42,reconfig_rewire_stateless_edge_size10,prepare_and_commit,rewire_stateless_edge,10,10,1,2,committed,651574,631827,1835338,193915,19722,2332473,0,0,0,1682131,1571534,2,1,0,0,10,0,0,AUTO,0,0,0,19722,0,0,415282,0,19722,True,1912320,1912320,1771981,560492,560492,29742,110597,,,,
run_2026-07-30T11-00-12_42,reconfig_rewire_stateless_edge_size10,pause_compile_resume,rewire_stateless_edge,10,11,1,2,committed,273265,620394,908224,0,7169,1096780,0,21474,,1241911,1241911,1,0,0,0,10,0,0,AUTO,12932,0,0,7169,1895,67129,89473,21474,937129,False,1093731,1093731,1093731,3049,3049,0,0,,,,
run_2026-07-30T11-00-12_42,reconfig_rewire_stateless_edge_size10,prepare_and_commit,rewire_stateless_edge,10,11,1,2,committed,457865,881834,1822146,193773,11939,2204223,0,0,0,929838,638962,3,2,0,0,10,0,0,AUTO,0,0,0,11939,0,0,231395,0,11939,True,1776806,1776806,1712171,492052,492052,19630,45005,,,,
run_2026-07-30T11-00-12_42,reconfig_rewire_stateless_edge_size10,stop_rebuild_restart,rewire_stateless_edge,10,11,1,2,committed,133956,491335,646912,0,4724,1136005,0,36410,,1225010,1225010,1,0,0,0,0,10,10,AUTO,19381,3302,4589,135,2533,280139,135697,36410,691641,False,1107477,1107477,1107477,28528,28528,0,0,,,,
run_2026-07-30T11-00-12_42,reconfig_rewire_stateless_edge_size10,prepare_and_commit,rewire_stateless_edge,10,12,1,2,committed,426121,723109,1477395,296053,10925,1945836,0,0,0,1848940,179213,1,1,0,0,10,0,0,AUTO,0,0,0,10925,0,0,212307,0,10925,True,1668515,1668515,1608818,337018,337018,16433,43264,,,,
run_2026-07-30T11-00-12_42,reconfig_rewire_stateless_edge_size10,stop_rebuild_restart,rewire_stateless_edge,10,12,1,2,committed,135927,543110,695171,0,4929,1044009,0,36877,,1118949,1118949,1,0,0,0,0,10,10,AUTO,13708,3367,4779,150,2423,138438,129906,36877,740341,False,1008685,1008685,1008685,35324,35324,0,0,,,,
run_2026-07-30T11-00-12_42,reconfig_rewire_stateless_edge_size10,pause_compile_resume,rewire_stateless_edge,10,12,1,2,committed,252696,695460,961487,0,8751,1280795,0,31033,,1386396,1386396,1,0,0,0,10,0,0,AUTO,11779,0,0,8751,2543,129456,145698,31033,1002262,False,1277416,1277416,1277416,3379,3379,0,0,,,,
run_2026-07-30T11-00-12_42,reconfig_rewire_stateless_edge_size10,stop_rebuild_restart,rewire_stateless_edge,10,13,1,2,committed,122799,549641,686060,0,4540,1028579,0,34058,,1180584,1180584,1,0,0,0,0,10,10,AUTO,11531,3189,4418,122,2776,138616,125932,34058,728534,False,993082,993082,993082,35497,35497,0,0,,,,
run_2026-07-30T11-00-12_42,reconfig_rewire_stateless_edge_size10,pause_compile_resume,rewire_stateless_edge,10,13,1,2,committed,213486,506776,735383,0,6171,1010794,0,20150,,1090327,1090327,1,0,0,0,10,0,0,AUTO,13481,0,0,6171,1880,130279,115653,20150,761944,False,1007876,1007876,1007876,2918,2918,0,0,,,,
run_2026-07-30T11-00-12_42,reconfig_rewire_stateless_edge_size10,prepare_and_commit,rewire_stateless_edge,10,13,1,2,committed,389734,654705,1515952,134888,14700,1961309,0,0,0,1772081,1707888,3,0,0,0,10,0,0,AUTO,0,0,0,14700,0,0,374106,0,14700,True,1568133,1568133,1477604,483705,483705,26336,64193,,,,
run_2026-07-30T11-00-12_42,reconfig_rewire_stateless_edge_size10,pause_compile_resume,rewire_stateless_edge,10,14,1,2,committed,138742,481997,636720,0,6482,1106246,0,21299,,1211985,1211985,1,0,0,0,10,0,0,AUTO,14458,0,0,6482,1866,308311,129869,21299,664844,False,1103024,1103024,1103024,3222,3222,0,0,,,,
run_2026-07-30T11-00-12_42,reconfig_rewire_stateless_edge_size10,prepare_and_commit,rewire_stateless_edge,10,14,1,2,committed,372785,776832,1671087,171915,17629,2177175,0,0,0,1061860,955871,6,2,0,0,10,0,0,AUTO,0,0,0,17629,0,0,584014,0,17629,True,1923175,1923175,1646479,530696,530696,170707,105989,,,,
run_2026-07-30T11-00-12_42,reconfig_rewire_stateless_edge_size10,stop_rebuild_restart,rewire_stateless_edge,10,14,1,2,committed,197929,529304,740760,0,5439,1039779,0,48989,,1196413,1196413,1,0,0,0,0,10,10,AUTO,11254,4420,5216,223,2035,94574,102255,48989,799370,False,996199,996199,996199,43580,43580,0,0,,,,
run_2026-07-30T11-00-12_42,reconfig_rewire_stateless_edge_size10,prepare_and_commit,rewire_stateless_edge,10,15,1,2,committed,269843,689883,1434064,155679,21312,1933680,0,0,0,1739676,1639093,5,0,0,0,10,0,0,AUTO,0,0,0,21312,0,0,449754,0,21312,True,1586471,1586471,1450787,482893,482893,35101,100583,,,,
run_2026-07-30T11-00-12_42,reconfig_rewire_stateless_edge_size10,stop_rebuild_restart,rewire_stateless_edge,10,15,1,2,committed,249456,535181,802618,0,5878,1024927,0,36224,,1103344,1103344,1,0,0,0,0,10,10,AUTO,15437,3581,5697,181,16703,27777,92557,36224,862460,False,982794,982794,982794,42133,42133,0,0,,,,
run_2026-07-30T11-00-12_42,reconfig_rewire_stateless_edge_size10,pause_compile_resume,rewire_stateless_edge,10,15,1,2,committed,139127,440464,599722,0,9371,1131208,0,59252,,1184714,1184714,1,0,0,0,10,0,0,AUTO,18160,0,0,9371,2637,360658,97596,59252,669011,False,1127265,1127265,1127265,3943,3943,0,0,,,,
run_2026-07-30T11-00-12_42,reconfig_rewire_stateless_edge_size10,stop_rebuild_restart,rewire_stateless_edge,10,16,1,2,committed,293086,603368,909924,0,6721,1304585,0,67747,,1461189,1461189,1,0,0,0,0,10,10,AUTO,11202,4008,6518,203,2597,145861,139185,67747,988729,False,1273775,1273775,1273775,30810,30810,0,0,,,,
run_2026-07-30T11-00-12_42,reconfig_rewire_stateless_edge_size10,pause_compile_resume,rewire_stateless_edge,10,16,1,2,committed,245223,626061,891506,0,8906,1216239,0,30180,,1283112,1283112,1,0,0,0,10,0,0,AUTO,18264,0,0,8906,2450,144090,136799,30180,931084,False,1211973,1211973,1211973,4266,4266,0,0,,,,
run_2026-07-30T11-00-12_42,reconfig_rewire_stateless_edge_size10,prepare_and_commit,rewire_stateless_edge,10,16,1,2,committed,386177,709547,1602371,373344,12300,2286747,0,0,0,2153741,2073895,3,0,0,0,10,0,0,AUTO,0,0,0,12300,0,0,618737,0,12300,True,2100105,2100105,1770141,516606,516606,250118,79846,,,,
run_2026-07-30T11-00-12_42,reconfig_rewire_stateless_edge_size10,pause_compile_resume,rewire_stateless_edge,10,17,1,2,committed,250104,486497,756152,0,6022,911316,0,34528,,1023566,1023566,1,0,0,0,10,0,0,AUTO,16871,0,0,6022,2577,8450,102142,34528,796599,False,907191,907191,907191,4125,4125,0,0,,,,
run_2026-07-30T11-00-12_42,reconfig_rewire_stateless_edge_size10,prepare_and_commit,rewire_stateless_edge,10,17,1,2,committed,447855,887380,1857192,221344,18259,2435940,0,0,0,1123881,898597,5,2,0,0,10,0,0,AUTO,0,0,0,18259,0,0,562933,0,18259,True,2137771,2137771,1904608,531332,531332,132874,100289,,,,
run_2026-07-30T11-00-12_42,reconfig_rewire_stateless_edge_size10,stop_rebuild_restart,rewire_stateless_edge,10,17,1,2,committed,158804,622596,799656,0,5368,1128690,0,60979,,1211082,1211082,1,0,0,0,0,10,10,AUTO,15835,4644,5219,149,2120,92605,117353,60979,870346,False,1080304,1080304,1080304,48386,48386,0,0,,,,
run_2026-07-30T11-00-12_42,reconfig_rewire_stateless_edge_size10,prepare_and_commit,rewire_stateless_edge,10,18,1,2,committed,398922,756315,1665553,253825,19637,2231496,0,0,0,1192441,1125454,8,3,0,0,10,0,0,AUTO,0,0,0,19637,0,0,382912,0,19637,True,1811611,1811611,1712373,519123,519123,32251,66987,,,,
run_2026-07-30T11-00-12_42,reconfig_rewire_stateless_edge_size10,stop_rebuild_restart,rewire_stateless_edge,10,18,1,2,committed,153592,421429,600782,0,7212,874526,0,85918,,947516,947516,1,0,0,0,0,10,10,AUTO,21329,4247,7043,169,10057,30727,106046,85918,703784,False,840557,840557,840557,33969,33969,0,0,,,,
run_2026-07-30T11-00-12_42,reconfig_rewire_stateless_edge_size10,pause_compile_resume,rewire_stateless_edge,10,18,1,2,committed,215825,569921,808238,0,7748,1049639,0,34392,,1109462,1109462,1,0,0,0,10,0,0,AUTO,20238,0,0,7748,1838,96039,99956,34392,849962,False,1045957,1045957,1045957,3682,3682,0,0,,,,
run_2026-07-30T11-00-12_42,reconfig_rewire_stateless_edge_size10,stop_rebuild_restart,rewire_stateless_edge,10,19,1,2,committed,162006,553242,799170,0,4921,1075239,0,33465,,1223409,1223409,1,0,0,0,0,10,10,AUTO,66786,3691,4797,124,2192,75705,115204,33465,826303,False,1017212,1017212,1017212,58027,58027,0,0,,,,
run_2026-07-30T11-00-12_42,reconfig_rewire_stateless_edge_size10,pause_compile_resume,rewire_stateless_edge,10,19,1,2,committed,205945,710948,931768,0,15781,1185626,0,53438,,1079522,1079522,2,0,0,0,10,0,0,AUTO,13541,0,0,15781,2951,23329,156103,53438,1002604,False,1182036,1182036,1182036,3590,3590,0,0,,,,
run_2026-07-30T11-00-12_42,reconfig_rewire_stateless_edge_size10,prepare_and_commit,rewire_stateless_edge,10,19,1,2,committed,389790,776696,1757523,152300,20349,2257044,0,0,0,1897558,1820286,6,0,0,0,10,0,0,AUTO,0,0,0,20349,0,0,428872,0,20349,True,1768007,1768007,1657812,599232,599232,32923,77272,,,,
run_2026-07-30T11-00-12_42,reconfig_rewire_stateless_edge_size10,pause_compile_resume,rewire_stateless_edge,10,20,1,2,committed,137170,526350,679368,0,6674,1253239,0,22595,,1333715,1333715,1,0,0,0,10,0,0,AUTO,14475,0,0,6674,1869,343779,197476,22595,709133,False,1250388,1250388,1250388,2851,2851,0,0,,,,
run_2026-07-30T11-00-12_42,reconfig_rewire_stateless_edge_size10,prepare_and_commit,rewire_stateless_edge,10,20,1,2,committed,874042,964004,2355313,249236,10465,2787362,0,0,0,2096205,1994243,2,1,0,0,10,0,0,AUTO,0,0,0,10465,0,0,282646,0,10465,True,2380393,2380393,2261610,525752,525752,16821,101962,,,,
run_2026-07-30T11-00-12_42,reconfig_rewire_stateless_edge_size10,stop_rebuild_restart,rewire_stateless_edge,10,20,1,2,committed,153800,659981,829890,0,7644,1276042,0,90870,,1269990,1269990,2,0,0,0,0,10,10,AUTO,13146,3584,7392,252,3738,210398,98509,90870,932763,False,1241670,1241670,1241670,34372,34372,0,0,,,,
run_2026-07-30T11-00-12_42,reconfig_rewire_stateless_edge_size10,prepare_and_commit,rewire_stateless_edge,10,21,1,2,committed,401493,1025944,1893030,557129,14647,2822940,0,0,0,1087895,666041,4,3,0,0,10,0,0,AUTO,0,0,0,14647,0,0,443181,0,14647,True,2442394,2442394,2344935,478005,478005,24065,73394,,,,
run_2026-07-30T11-00-12_42,reconfig_rewire_stateless_edge_size10,stop_rebuild_restart,rewire_stateless_edge,10,21,1,2,committed,152114,595341,862888,0,8282,1285278,0,77714,,1296529,1296529,1,0,0,0,0,10,10,AUTO,112617,4267,8009,273,2312,187883,98730,77714,952647,False,1239260,1239260,1239260,46018,46018,0,0,,,,
run_2026-07-30T11-00-12_42,reconfig_rewire_stateless_edge_size10,pause_compile_resume,rewire_stateless_edge,10,21,1,2,committed,258419,482464,763887,0,7019,1011153,0,36587,,1078968,1078968,1,0,0,0,10,0,0,AUTO,20210,0,0,7019,3026,81450,117756,36587,807725,False,1006931,1006931,1006931,4222,4222,0,0,,,,
run_2026-07-30T11-00-12_42,reconfig_rewire_stateless_edge_size10,stop_rebuild_restart,rewire_stateless_edge,10,22,1,2,committed,233990,627038,876265,0,6745,1344760,0,101678,,1507131,1507131,1,0,0,0,0,10,10,AUTO,12645,4492,6518,227,24827,138521,141086,101678,1011415,False,1291022,1291022,1291022,53738,53738,0,0,,,,
run_2026-07-30T11-00-12_42,reconfig_rewire_stateless_edge_size10,pause_compile_resume,rewire_stateless_edge,10,22,1,2,committed,232143,534583,780761,0,8970,1087223,0,29676,,1017278,1017278,2,1,0,0,10,0,0,AUTO,12542,0,0,8970,2262,141100,122598,29676,820176,False,1083874,1083874,1083874,3349,3349,0,0,,,,
run_2026-07-30T11-00-12_42,reconfig_rewire_stateless_edge_size10,prepare_and_commit,rewire_stateless_edge,10,22,1,2,committed,446128,785516,1639738,166805,16942,2120023,0,0,0,2111330,2039322,1,0,0,0,10,0,0,AUTO,0,0,0,16942,0,0,386864,0,16942,True,1802255,1802255,1703474,416549,416549,26773,72008,,,,
run_2026-07-30T11-00-12_42,reconfig_rewire_stateless_edge_size10,pause_compile_resume,rewire_stateless_edge,10,23,1,2,committed,139908,468334,623976,0,11960,1134697,0,21674,,1242334,1242334,1,0,0,0,10,0,0,AUTO,14061,0,0,11960,2009,373179,100076,21674,657946,False,1131201,1131201,1131201,3496,3496,0,0,,,,
run_2026-07-30T11-00-12_42,reconfig_rewire_stateless_edge_size10,prepare_and_commit,rewire_stateless_edge,10,23,1,2,committed,500779,1060725,2066425,220712,17913,2555201,0,0,0,807117,679800,6,3,0,0,10,0,0,AUTO,0,0,0,17913,0,0,390075,0,17913,True,2190204,2190204,2040688,514513,514513,25045,124471,,,,
run_2026-07-30T11-00-12_42,reconfig_rewire_stateless_edge_size10,stop_rebuild_restart,rewire_stateless_edge,10,23,1,2,committed,165534,632077,814359,0,5137,1085574,0,42583,,1030116,1030116,2,0,0,0,0,10,10,AUTO,14183,3767,5007,130,2138,88547,92190,42583,865419,False,1046156,1046156,1046156,39418,39418,0,0,,,,
run_2026-07-30T11-00-12_42,reconfig_rewire_stateless_edge_size10,prepare_and_commit,rewire_stateless_edge,10,24,1,2,committed,416897,769437,1730802,606932,15173,2639951,0,0,0,805485,723800,8,3,0,0,10,0,0,AUTO,0,0,0,15173,0,0,383066,0,15173,True,2191505,2191505,2086077,553874,553874,23743,81685,,,,
run_2026-07-30T11-00-12_42,reconfig_rewire_stateless_edge_size10,stop_rebuild_restart,rewire_stateless_edge,10,24,1,2,committed,205403,539553,767744,0,5058,1008257,0,35397,,1106855,1106855,1,0,0,0,0,10,10,AUTO,19685,3365,4913,145,2166,71301,83377,35397,810627,False,965305,965305,965305,42952,42952,0,0,,,,
run_2026-07-30T11-00-12_42,reconfig_rewire_stateless_edge_size10,pause_compile_resume,rewire_stateless_edge,10,24,1,2,committed,217683,554606,839102,0,13929,1094163,0,22863,,1219050,1219050,1,0,0,0,10,0,0,AUTO,64694,0,0,13929,2132,91920,122407,22863,875907,False,1090234,1090234,1090234,3929,3929,0,0,,,,
run_2026-07-30T11-00-12_42,reconfig_rewire_stateless_edge_size10,stop_rebuild_restart,rewire_stateless_edge,10,25,1,2,committed,125602,489328,635055,0,5241,988537,0,47610,,1090488,1090488,1,0,0,0,0,10,10,AUTO,17942,4153,5097,144,2177,111044,124497,47610,692053,False,927594,927594,927594,60943,60943,0,0,,,,
run_2026-07-30T11-00-12_42,reconfig_rewire_stateless_edge_size10,pause_compile_resume,rewire_stateless_edge,10,25,1,2,committed,161390,507740,688180,0,7992,1115720,0,33952,,1157227,1157227,1,0,0,0,10,0,0,AUTO,17463,0,0,7992,2243,256005,125954,33952,730780,False,1112739,1112739,1112739,2981,2981,0,0,,,,
run_2026-07-30T11-00-12_42,reconfig_rewire_stateless_edge_size10,prepare_and_commit,rewire_stateless_edge,10,25,1,2,committed,457549,1085653,2130449,226047,12478,2630683,0,0,0,737033,659346,9,3,0,0,10,0,0,AUTO,0,0,0,12478,0,0,351057,0,12478,True,2132784,2132784,2035770,594913,594913,19327,77687,,,,
run_2026-07-30T11-00-12_42,reconfig_rewire_stateless_edge_size10,pause_compile_resume,rewire_stateless_edge,10,26,1,2,committed,195793,706009,983194,0,8048,1200365,0,29036,,1304742,1304742,1,0,0,0,10,0,0,AUTO,79693,0,0,8048,2057,55303,121239,29036,1020636,False,1197178,1197178,1197178,3187,3187,0,0,,,,
run_2026-07-30T11-00-12_42,reconfig_rewire_stateless_edge_size10,prepare_and_commit,rewire_stateless_edge,10,26,1,2,committed,794671,1050383,2404304,487396,12300,3157455,0,0,0,846400,662306,10,4,0,0,10,0,0,AUTO,0,0,0,12300,0,0,338700,0,12300,True,2683450,2683450,2589928,567527,567527,21070,72452,,,,
run_2026-07-30T11-00-12_42,reconfig_rewire_stateless_edge_size10,stop_rebuild_restart,rewire_stateless_edge,10,26,1,2,committed,210463,544361,775060,0,5308,1204692,0,61356,,1284954,1284954,1,0,0,0,0,10,10,AUTO,17324,4063,5076,232,2496,188014,106277,61356,845371,False,1139662,1139662,1139662,65030,65030,0,0,,,,
run_2026-07-30T11-00-12_42,reconfig_rewire_stateless_edge_size10,prepare_and_commit,rewire_stateless_edge,10,27,1,2,committed,444563,852841,1906717,544910,14068,2733277,0,0,0,727039,611836,8,3,0,0,10,0,0,AUTO,0,0,0,14068,0,0,348598,0,14068,True,2204980,2204980,2115293,617984,617984,22247,67440,,,,
run_2026-07-30T11-00-12_42,reconfig_rewire_stateless_edge_size10,stop_rebuild_restart,rewire_stateless_edge,10,27,1,2,committed,193860,539585,754375,0,6925,1159958,0,62325,,1216447,1216447,1,0,0,0,0,10,10,AUTO,17947,3600,6645,280,2633,173649,128256,62325,826875,False,1128780,1128780,1128780,31178,31178,0,0,,,,
run_2026-07-30T11-00-12_42,reconfig_rewire_stateless_edge_size10,pause_compile_resume,rewire_stateless_edge,10,27,1,2,committed,217290,566857,800420,0,8537,1104351,0,28597,,1192347,1192347,1,0,0,0,10,0,0,AUTO,14443,0,0,8537,2656,132589,129690,28597,838380,False,1100659,1100659,1100659,3692,3692,0,0,,,,
run_2026-07-30T11-00-12_42,reconfig_rewire_stateless_edge_size10,stop_rebuild_restart,rewire_stateless_edge,10,28,1,2,committed,166230,590436,826750,0,17380,1253460,0,60694,,1422555,1422555,1,0,0,0,0,10,10,AUTO,67329,5181,17186,194,3040,116480,149643,60694,910290,False,1176413,1176413,1176413,77047,77047,0,0,,,,
run_2026-07-30T11-00-12_42,reconfig_rewire_stateless_edge_size10,pause_compile_resume,rewire_stateless_edge,10,28,1,2,committed,144297,576481,738181,0,7119,1025921,0,20712,,1110147,1110147,1,0,0,0,10,0,0,AUTO,15446,0,0,7119,1810,142480,114170,20712,765865,False,1022515,1022515,1022515,3406,3406,0,0,,,,
run_2026-07-30T11-00-12_42,reconfig_rewire_stateless_edge_size10,prepare_and_commit,rewire_stateless_edge,10,28,1,2,committed,743555,1028594,2354760,294706,12230,2933147,0,0,0,771798,679150,9,3,0,0,10,0,0,AUTO,0,0,0,12230,0,0,343134,0,12230,True,2422219,2422219,2325506,607641,607641,19332,77381,,,,
run_2026-07-30T11-00-12_42,reconfig_rewire_stateless_edge_size10,pause_compile_resume,rewire_stateless_edge,10,29,1,2,committed,218453,569939,807899,0,6368,1148295,0,45994,,1168245,1168245,1,0,0,0,10,0,0,AUTO,18182,0,0,6368,2165,158740,125441,45994,861101,False,1145282,1145282,1145282,3013,3013,0,0,,,,
run_2026-07-30T11-00-12_42,reconfig_rewire_stateless_edge_size10,prepare_and_commit,rewire_stateless_edge,10,29,1,2,committed,691840,845748,2100170,164109,13673,2457519,0,0,0,865681,633624,9,3,0,0,10,0,0,AUTO,0,0,0,13673,0,0,236403,0,13673,True,1951773,1951773,1886738,570781,570781,23453,41582,,,,
run_2026-07-30T11-00-12_42,reconfig_rewire_stateless_edge_size10,stop_rebuild_restart,rewire_stateless_edge,10,29,1,2,committed,166595,510234,696978,0,8217,1062801,0,65738,,1128546,1128546,1,0,0,0,0,10,10,AUTO,17076,3785,7953,264,2947,140901,118118,65738,774592,False,1033611,1033611,1033611,29190,29190,0,0,,,,
run_2026-07-30T11-00-12_42,reconfig_rewire_stateless_edge_size10,prepare_and_commit,rewire_stateless_edge,10,30,1,2,committed,439185,891387,1778455,209257,18922,2285408,0,0,0,1041125,952591,5,2,0,0,10,0,0,AUTO,0,0,0,18922,0,0,575355,0,18922,True,2134106,2134106,1829485,455923,455923,216087,88534,,,,
run_2026-07-30T11-00-12_42,reconfig_rewire_stateless_edge_size10,stop_rebuild_restart,rewire_stateless_edge,10,30,1,2,committed,153911,590622,767332,0,5996,1110970,0,55317,,1146092,1146092,1,0,0,0,0,10,10,AUTO,19317,4416,5819,177,2472,121227,111196,55317,832051,False,1064474,1064474,1064474,46496,46496,0,0,,,,
run_2026-07-30T11-00-12_42,reconfig_rewire_stateless_edge_size10,pause_compile_resume,rewire_stateless_edge,10,30,1,2,committed,250055,503144,775818,0,6986,1143674,0,44335,,1196136,1196136,1,0,0,0,10,0,0,AUTO,20645,0,0,6986,2407,175417,137303,44335,827572,False,1140292,1140292,1140292,3382,3382,0,0,,,,
run_2026-07-30T11-00-12_42,reconfig_compatible_edit_preserving_tracker_size10,stop_rebuild_restart,compatible_edit_preserving_tracker,10,1,1,2,committed,221645,711502,952085,0,22686,1292141,0,59170,,1319610,1319610,1,0,0,0,0,11,10,PRESERVE,15293,4095,22547,139,1977,101277,91385,59170,1036368,False,1229030,1229030,1229030,63111,63111,0,0,,,,
run_2026-07-30T11-00-12_42,reconfig_compatible_edit_preserving_tracker_size10,pause_compile_resume,compatible_edit_preserving_tracker,10,1,1,2,committed,142877,677542,832662,0,10418,1125401,0,31209,,1273832,1273832,1,0,0,0,10,1,0,PRESERVE,10959,0,0,10418,2359,135965,111096,31209,875364,False,1122425,1122425,1122425,2976,2976,0,0,,,,
run_2026-07-30T11-00-12_42,reconfig_compatible_edit_preserving_tracker_size10,prepare_and_commit,compatible_edit_preserving_tracker,10,1,1,2,committed,662629,975942,2152370,273444,21873,2693831,0,0,0,2040285,1971442,6,1,0,0,10,1,0,PRESERVE,0,0,0,21873,0,0,339018,0,21873,True,2272906,2272906,2171324,522507,522507,32739,68843,,9804,,
run_2026-07-30T11-00-12_42,reconfig_compatible_edit_preserving_tracker_size10,pause_compile_resume,compatible_edit_preserving_tracker,10,2,1,2,committed,141367,577658,731040,0,6758,968577,0,20825,,1090731,1090731,1,0,0,0,10,1,0,PRESERVE,10780,0,0,6758,2125,111206,95261,20825,759513,False,965980,965980,965980,2597,2597,0,0,,,,
run_2026-07-30T11-00-12_42,reconfig_compatible_edit_preserving_tracker_size10,prepare_and_commit,compatible_edit_preserving_tracker,10,2,1,2,committed,729093,1078649,2295276,577409,27786,3142228,0,0,0,867267,585450,6,4,0,0,10,1,0,PRESERVE,0,0,0,27786,0,0,349368,0,27786,True,2762305,2762305,2646400,495828,495828,35183,80722,,9059,,
run_2026-07-30T11-00-12_42,reconfig_compatible_edit_preserving_tracker_size10,stop_rebuild_restart,compatible_edit_preserving_tracker,10,2,1,2,committed,154619,652762,827922,0,5253,1179234,0,61849,,1220083,1220083,1,0,0,0,0,11,10,PRESERVE,17381,4050,5108,145,1749,118946,112673,61849,897663,False,1129282,1129282,1129282,49952,49952,0,0,,,,
run_2026-07-30T11-00-12_42,reconfig_compatible_edit_preserving_tracker_size10,prepare_and_commit,compatible_edit_preserving_tracker,10,3,1,2,committed,410728,963890,1856071,405451,19238,2522045,0,0,0,1309555,707539,3,3,0,0,10,1,0,PRESERVE,0,0,0,19238,0,0,342732,0,19238,True,2142039,2142039,2029757,492288,492288,26550,85732,,6109,,
run_2026-07-30T11-00-12_42,reconfig_compatible_edit_preserving_tracker_size10,stop_rebuild_restart,compatible_edit_preserving_tracker,10,3,1,2,committed,241052,648915,910768,0,4955,1201834,0,54179,,1232395,1232395,1,0,0,0,0,11,10,PRESERVE,17699,4211,4762,193,1937,95205,89167,54179,972948,False,1157320,1157320,1157320,44514,44514,0,0,,,,
run_2026-07-30T11-00-12_42,reconfig_compatible_edit_preserving_tracker_size10,pause_compile_resume,compatible_edit_preserving_tracker,10,3,1,2,committed,210201,663257,888148,0,7104,1047515,0,20810,,1138090,1138090,1,0,0,0,10,1,0,PRESERVE,13333,0,0,7104,2045,62797,65262,20810,916750,False,1044809,1044809,1044809,2706,2706,0,0,,,,
run_2026-07-30T11-00-12_42,reconfig_compatible_edit_preserving_tracker_size10,stop_rebuild_restart,compatible_edit_preserving_tracker,10,4,1,2,committed,212832,664526,896776,0,6934,1183483,0,76765,,1213133,1213133,1,0,0,0,0,11,10,PRESERVE,16669,3442,6741,193,2506,88940,70793,76765,983674,False,1143407,1143407,1143407,40076,40076,0,0,,,,
run_2026-07-30T11-00-12_42,reconfig_compatible_edit_preserving_tracker_size10,pause_compile_resume,compatible_edit_preserving_tracker,10,4,1,2,committed,150617,587645,759028,0,7043,1164657,0,57122,,1221532,1221532,1,0,0,0,10,1,0,PRESERVE,19153,0,0,7043,3129,250455,86247,57122,824709,False,1161411,1161411,1161411,3246,3246,0,0,,,,
run_2026-07-30T11-00-12_42,reconfig_compatible_edit_preserving_tracker_size10,prepare_and_commit,compatible_edit_preserving_tracker,10,4,1,2,committed,437798,733930,1620432,173143,23899,2061382,0,0,0,1984680,1879994,1,0,0,0,10,1,0,PRESERVE,0,0,0,23899,0,0,376770,0,23899,True,1745540,1745540,1604853,456529,456529,36001,104686,,8161,,
run_2026-07-30T11-00-12_42,reconfig_compatible_edit_preserving_tracker_size10,pause_compile_resume,compatible_edit_preserving_tracker,10,5,1,2,committed,137352,700811,850023,0,7825,1100194,0,29147,,1242895,1242895,1,0,0,0,10,1,0,PRESERVE,10858,0,0,7825,2187,113202,96324,29147,888180,False,1097706,1097706,1097706,2488,2488,0,0,,,,
run_2026-07-30T11-00-12_42,reconfig_compatible_edit_preserving_tracker_size10,prepare_and_commit,compatible_edit_preserving_tracker,10,5,1,2,committed,443098,776362,1688009,156493,28855,2129552,0,0,0,2006721,1939565,5,0,0,0,10,1,0,PRESERVE,0,0,0,28855,0,0,1615282,0,28855,True,3020090,3020090,1656272,473280,473280,1296662,67156,,9444,,
run_2026-07-30T11-00-12_42,reconfig_compatible_edit_preserving_tracker_size10,stop_rebuild_restart,compatible_edit_preserving_tracker,10,5,1,2,committed,225839,547392,792465,0,5365,1206594,0,59164,,1218787,1218787,1,0,0,0,0,11,10,PRESERVE,15716,4544,5239,126,1919,174390,115962,59164,859939,False,1150291,1150291,1150291,56303,56303,0,0,,,,
run_2026-07-30T11-00-12_42,reconfig_compatible_edit_preserving_tracker_size10,prepare_and_commit,compatible_edit_preserving_tracker,10,6,1,2,committed,444547,812255,1784923,331087,24145,2429005,0,0,0,2148733,2076130,1,0,0,0,10,1,0,PRESERVE,0,0,0,24145,0,0,564224,0,24145,True,2176258,2176258,1891249,537756,537756,212406,72603,,5042,,
run_2026-07-30T11-00-12_42,reconfig_compatible_edit_preserving_tracker_size10,stop_rebuild_restart,compatible_edit_preserving_tracker,10,6,1,2,committed,186905,692995,954044,0,4549,1347942,0,61170,,1527228,1527228,1,0,0,0,0,11,10,PRESERVE,70992,4475,4410,139,2120,184173,83652,61170,1023206,False,1291031,1291031,1291031,56911,56911,0,0,,,,
run_2026-07-30T11-00-12_42,reconfig_compatible_edit_preserving_tracker_size10,pause_compile_resume,compatible_edit_preserving_tracker,10,6,1,2,committed,170002,555863,744580,0,7241,1187913,0,21887,,1219828,1219828,1,0,0,0,10,1,0,PRESERVE,16670,0,0,7241,2263,299520,111070,21887,773926,False,1184516,1184516,1184516,3397,3397,0,0,,,,
run_2026-07-30T11-00-12_42,reconfig_compatible_edit_preserving_tracker_size10,stop_rebuild_restart,compatible_edit_preserving_tracker,10,7,1,2,committed,147344,536505,703229,0,4781,1229853,0,40126,,1273242,1273242,1,0,0,0,0,11,10,PRESERVE,16387,3419,4657,124,1911,329866,103090,40126,750473,False,1183429,1183429,1183429,46424,46424,0,0,,,,
run_2026-07-30T11-00-12_42,reconfig_compatible_edit_preserving_tracker_size10,pause_compile_resume,compatible_edit_preserving_tracker,10,7,1,2,committed,160397,533178,712451,0,6623,1102772,0,63064,,1153764,1153764,1,0,0,0,10,1,0,PRESERVE,17109,0,0,6623,2773,222901,93460,63064,783144,False,1099505,1099505,1099505,3267,3267,0,0,,,,
run_2026-07-30T11-00-12_42,reconfig_compatible_edit_preserving_tracker_size10,prepare_and_commit,compatible_edit_preserving_tracker,10,7,1,2,committed,477810,1161492,2235491,440782,16994,2972404,0,0,0,893471,737883,8,3,0,0,10,1,0,PRESERVE,0,0,0,16994,0,0,389316,0,16994,True,2486394,2486394,2362328,610076,610076,24426,99640,,5082,,
run_2026-07-30T11-00-12_42,reconfig_compatible_edit_preserving_tracker_size10,pause_compile_resume,compatible_edit_preserving_tracker,10,8,1,2,committed,190952,647627,851362,0,6702,1015857,0,20772,,1140904,1140904,1,0,0,0,10,1,0,PRESERVE,11014,0,0,6702,2065,49146,84566,20772,879132,False,1012844,1012844,1012844,3013,3013,0,0,,,,
run_2026-07-30T11-00-12_42,reconfig_compatible_edit_preserving_tracker_size10,prepare_and_commit,compatible_edit_preserving_tracker,10,8,1,2,committed,398882,780742,1739789,164176,26509,2228110,0,0,0,1987621,1867957,3,0,0,0,10,1,0,PRESERVE,0,0,0,26509,0,0,447899,0,26509,True,1818208,1818208,1659612,568498,568498,38932,119664,,8486,,
run_2026-07-30T11-00-12_42,reconfig_compatible_edit_preserving_tracker_size10,stop_rebuild_restart,compatible_edit_preserving_tracker,10,8,1,2,committed,133545,611235,756637,0,6228,1123285,0,67109,,1238012,1238012,1,0,0,0,0,11,10,PRESERVE,10065,15049,6033,195,2107,134219,99224,67109,845338,False,1078781,1078781,1078781,44504,44504,0,0,,,,
run_2026-07-30T11-00-12_42,reconfig_compatible_edit_preserving_tracker_size10,prepare_and_commit,compatible_edit_preserving_tracker,10,9,1,2,committed,651429,1043844,2317609,124822,22336,2777452,0,0,0,871334,768938,8,3,0,0,10,1,0,PRESERVE,0,0,0,22336,0,0,437001,0,22336,True,2279432,2279432,2146075,631377,631377,30961,102396,,6769,,
run_2026-07-30T11-00-12_42,reconfig_compatible_edit_preserving_tracker_size10,stop_rebuild_restart,compatible_edit_preserving_tracker,10,9,1,2,committed,168262,645396,826230,0,4613,1107254,0,56479,,1196686,1196686,1,0,0,0,0,11,10,PRESERVE,10660,3974,4477,136,1629,86298,85944,56479,891013,False,1063255,1063255,1063255,43999,43999,0,0,,,,
run_2026-07-30T11-00-12_42,reconfig_compatible_edit_preserving_tracker_size10,pause_compile_resume,compatible_edit_preserving_tracker,10,9,1,2,committed,162401,569807,751120,0,6627,1156401,0,38842,,1194920,1194920,1,0,0,0,10,1,0,PRESERVE,17001,0,0,6627,2554,268350,87105,38842,797232,False,1152687,1152687,1152687,3714,3714,0,0,,,,
run_2026-07-30T11-00-12_42,reconfig_compatible_edit_preserving_tracker_size10,stop_rebuild_restart,compatible_edit_preserving_tracker,10,10,1,2,committed,199493,558060,778101,0,4955,1188550,0,50827,,1240251,1240251,1,0,0,0,0,11,10,PRESERVE,17551,4219,4754,201,1958,198696,93282,50827,837063,False,1129041,1129041,1129041,59509,59509,0,0,,,,
run_2026-07-30T11-00-12_42,reconfig_compatible_edit_preserving_tracker_size10,pause_compile_resume,compatible_edit_preserving_tracker,10,10,1,2,committed,142231,498163,656612,0,25186,1156908,0,28698,,1222600,1222600,1,0,0,0,10,1,0,PRESERVE,14681,0,0,25186,2080,355615,86719,28698,711039,False,1153373,1153373,1153373,3535,3535,0,0,,,,
run_2026-07-30T11-00-12_42,reconfig_compatible_edit_preserving_tracker_size10,prepare_and_commit,compatible_edit_preserving_tracker,10,10,1,2,committed,646662,756392,1929650,205995,23812,2416284,0,0,0,1769267,1698586,3,1,0,0,10,1,0,PRESERVE,0,0,0,23812,0,0,356259,0,23812,True,1989120,1989120,1880388,535896,535896,38051,70681,,10791,,
run_2026-07-30T11-00-12_42,reconfig_compatible_edit_preserving_tracker_size10,pause_compile_resume,compatible_edit_preserving_tracker,10,11,1,2,committed,156251,562651,733856,0,7134,1006582,0,21431,,1132118,1132118,1,0,0,0,10,1,0,PRESERVE,13566,0,0,7134,2046,129866,110890,21431,763079,False,1003835,1003835,1003835,2747,2747,0,0,,,,
run_2026-07-30T11-00-12_42,reconfig_compatible_edit_preserving_tracker_size10,prepare_and_commit,compatible_edit_preserving_tracker,10,11,1,2,committed,500361,1088526,2028550,226061,27393,2560419,0,0,0,1074795,929574,3,2,0,0,10,1,0,PRESERVE,0,0,0,27393,0,0,594739,0,27393,True,2437080,2437080,2112610,447809,447809,232153,92317,,8099,,
run_2026-07-30T11-00-12_42,reconfig_compatible_edit_preserving_tracker_size10,stop_rebuild_restart,compatible_edit_preserving_tracker,10,11,1,2,committed,235226,724127,975115,0,7351,1324283,0,80699,,1398283,1398283,1,0,0,0,0,11,10,PRESERVE,12728,4085,7172,179,2308,108663,86430,80699,1066524,False,1261617,1261617,1261617,62666,62666,0,0,,,,
run_2026-07-30T11-00-12_42,reconfig_compatible_edit_preserving_tracker_size10,prepare_and_commit,compatible_edit_preserving_tracker,10,12,1,2,committed,633242,835099,2086300,238292,15161,2630189,0,0,0,1890861,1818868,5,1,0,0,10,1,0,PRESERVE,0,0,0,15161,0,0,375868,0,15161,True,2097662,2097662,2004038,626151,626151,21631,71993,,5571,,
run_2026-07-30T11-00-12_42,reconfig_compatible_edit_preserving_tracker_size10,stop_rebuild_restart,compatible_edit_preserving_tracker,10,12,1,2,committed,260191,615709,912159,0,6204,1280773,0,70493,,1311639,1311639,1,0,0,0,0,11,10,PRESERVE,32336,2959,6016,188,2250,169814,90620,70493,990142,False,1250576,1250576,1250576,30197,30197,0,0,,,,
run_2026-07-30T11-00-12_42,reconfig_compatible_edit_preserving_tracker_size10,pause_compile_resume,compatible_edit_preserving_tracker,10,12,1,2,committed,163976,565224,744866,0,7327,1116302,0,36189,,1217840,1217840,1,0,0,0,10,1,0,PRESERVE,14008,0,0,7327,2741,242542,81108,36189,789465,False,1113115,1113115,1113115,3187,3187,0,0,,,,
run_2026-07-30T11-00-12_42,reconfig_compatible_edit_preserving_tracker_size10,stop_rebuild_restart,compatible_edit_preserving_tracker,10,13,1,2,committed,174826,619165,815078,0,5223,1179106,0,50288,,1240089,1240089,1,0,0,0,0,11,10,PRESERVE,17316,4455,5099,124,1892,173425,86855,50288,873165,False,1133445,1133445,1133445,45661,45661,0,0,,,,
run_2026-07-30T11-00-12_42,reconfig_compatible_edit_preserving_tracker_size10,pause_compile_resume,compatible_edit_preserving_tracker,10,13,1,2,committed,132258,560934,705098,0,6545,1100928,0,47377,,1263133,1263133,1,0,0,0,10,1,0,PRESERVE,10851,0,0,6545,2670,255011,82627,47377,760635,False,1098273,1098273,1098273,2655,2655,0,0,,,,
run_2026-07-30T11-00-12_42,reconfig_compatible_edit_preserving_tracker_size10,prepare_and_commit,compatible_edit_preserving_tracker,10,13,1,2,committed,499983,1041870,2288771,214613,28515,2749902,0,0,0,1577409,532605,7,2,0,0,10,1,0,PRESERVE,0,0,0,28515,0,0,527154,0,28515,True,2312135,2312135,1993271,756631,756631,220984,97880,,8596,,
run_2026-07-30T11-00-12_42,reconfig_compatible_edit_preserving_tracker_size10,pause_compile_resume,compatible_edit_preserving_tracker,10,14,1,2,committed,180132,604567,800125,0,31708,1153148,0,38236,,1224853,1224853,1,0,0,0,10,1,0,PRESERVE,13465,0,0,31708,2574,146663,132088,38236,870682,False,1149433,1149433,1149433,3715,3715,0,0,,,,
run_2026-07-30T11-00-12_42,reconfig_compatible_edit_preserving_tracker_size10,prepare_and_commit,compatible_edit_preserving_tracker,10,14,1,2,committed,643396,1127675,2243166,385893,18949,2957790,0,0,0,871879,788506,4,3,0,0,10,1,0,PRESERVE,0,0,0,18949,0,0,407863,0,18949,True,2583776,2583776,2473466,484324,484324,26937,83373,,5521,,
run_2026-07-30T11-00-12_42,reconfig_compatible_edit_preserving_tracker_size10,stop_rebuild_restart,compatible_edit_preserving_tracker,10,14,1,2,committed,280501,830215,1139167,0,8901,1563653,0,90849,,1862134,1862134,1,0,0,0,0,11,10,PRESERVE,23868,3716,8684,217,6706,172096,108548,90849,1244756,False,1525400,1525400,1525400,38253,38253,0,0,,,,
run_2026-07-30T11-00-12_42,reconfig_compatible_edit_preserving_tracker_size10,prepare_and_commit,compatible_edit_preserving_tracker,10,15,1,2,committed,687646,789964,1944400,358175,20835,2601419,0,0,0,2059492,1937028,1,1,0,0,10,1,0,PRESERVE,0,0,0,20835,0,0,622842,0,20835,True,2479462,2479462,2122367,479052,479052,234631,122464,,6917,,
run_2026-07-30T11-00-12_42,reconfig_compatible_edit_preserving_tracker_size10,stop_rebuild_restart,compatible_edit_preserving_tracker,10,15,1,2,committed,236900,672798,924711,0,6329,1254213,0,62771,,1302702,1302702,1,0,0,0,0,11,10,PRESERVE,11884,17993,6129,200,2263,117351,94393,62771,1010938,False,1222682,1222682,1222682,31531,31531,0,0,,,,
run_2026-07-30T11-00-12_42,reconfig_compatible_edit_preserving_tracker_size10,pause_compile_resume,compatible_edit_preserving_tracker,10,15,1,2,committed,186535,530782,729105,0,6777,1157880,0,20317,,1254830,1254830,1,0,0,0,10,1,0,PRESERVE,10713,0,0,6777,2008,308280,90018,20317,757132,False,1155430,1155430,1155430,2450,2450,0,0,,,,
run_2026-07-30T11-00-12_42,reconfig_compatible_edit_preserving_tracker_size10,stop_rebuild_restart,compatible_edit_preserving_tracker,10,16,1,2,committed,138305,583368,741168,0,7257,1124592,0,91900,,1229907,1229907,1,0,0,0,0,11,10,PRESERVE,17469,3411,7053,204,2241,143558,106084,91900,843951,False,1093593,1093593,1093593,30999,30999,0,0,,,,
run_2026-07-30T11-00-12_42,reconfig_compatible_edit_preserving_tracker_size10,pause_compile_resume,compatible_edit_preserving_tracker,10,16,1,2,committed,199688,531483,747059,0,8645,1155885,0,31547,,1227759,1227759,1,0,0,0,10,1,0,PRESERVE,14314,0,0,8645,2067,258230,106340,31547,787744,False,1152314,1152314,1152314,3571,3571,0,0,,,,
run_2026-07-30T11-00-12_42,reconfig_compatible_edit_preserving_tracker_size10,prepare_and_commit,compatible_edit_preserving_tracker,10,16,1,2,committed,394989,897458,1772164,149099,28515,2206558,0,0,0,2088888,2009598,5,0,0,0,10,1,0,PRESERVE,0,0,0,28515,0,0,367050,0,28515,True,1837111,1837111,1717831,488727,488727,39990,79290,,8302,,
run_2026-07-30T11-00-12_42,reconfig_compatible_edit_preserving_tracker_size10,pause_compile_resume,compatible_edit_preserving_tracker,10,17,1,2,committed,191194,646501,857483,0,7834,1094624,0,33576,,1138155,1138155,1,0,0,0,10,1,0,PRESERVE,17690,0,0,7834,2161,97621,94518,33576,898956,False,1091095,1091095,1091095,3529,3529,0,0,,,,
run_2026-07-30T11-00-12_42,reconfig_compatible_edit_preserving_tracker_size10,prepare_and_commit,compatible_edit_preserving_tracker,10,17,1,2,committed,639151,785945,2093684,378535,27093,2761501,0,0,0,1971137,1898206,4,1,0,0,10,1,0,PRESERVE,0,0,0,27093,0,0,560725,0,27093,True,2391449,2391449,2084478,677023,677023,234040,72931,,6513,,
run_2026-07-30T11-00-12_42,reconfig_compatible_edit_preserving_tracker_size10,stop_rebuild_restart,compatible_edit_preserving_tracker,10,17,1,2,committed,237047,761276,1012570,0,5552,1381116,0,73153,,1572406,1572406,1,0,0,0,0,11,10,PRESERVE,11943,4622,5408,144,2016,126563,109736,73153,1095609,False,1331908,1331908,1331908,49208,49208,0,0,,,,
run_2026-07-30T11-00-12_42,reconfig_compatible_edit_preserving_tracker_size10,prepare_and_commit,compatible_edit_preserving_tracker,10,18,1,2,committed,447826,1081700,2008444,329037,21978,2611512,0,0,0,739310,663380,9,3,0,0,10,1,0,PRESERVE,0,0,0,21978,0,0,349063,0,21978,True,2229604,2229604,2123574,487938,487938,30100,75930,,5329,,
run_2026-07-30T11-00-12_42,reconfig_compatible_edit_preserving_tracker_size10,stop_rebuild_restart,compatible_edit_preserving_tracker,10,18,1,2,committed,144539,602382,762700,0,6048,1085723,0,62000,,1176782,1176782,1,0,0,0,0,11,10,PRESERVE,13031,4965,5862,186,2122,108413,90552,62000,835087,False,1034052,1034052,1034052,51671,51671,0,0,,,,
run_2026-07-30T11-00-12_42,reconfig_compatible_edit_preserving_tracker_size10,pause_compile_resume,compatible_edit_preserving_tracker,10,18,1,2,committed,165137,641820,827625,0,6510,1091575,0,20041,,1136164,1136164,1,0,0,0,10,1,0,PRESERVE,18783,0,0,6510,2078,125336,108678,20041,854369,False,1088383,1088383,1088383,3192,3192,0,0,,,,
run_2026-07-30T11-00-12_42,reconfig_compatible_edit_preserving_tracker_size10,stop_rebuild_restart,compatible_edit_preserving_tracker,10,19,1,2,committed,162857,618456,803791,0,6569,1221432,0,93264,,1250440,1250440,1,0,0,0,0,11,10,PRESERVE,19459,3845,6388,181,2717,172097,96795,93264,907167,False,1176059,1176059,1176059,45373,45373,0,0,,,,
run_2026-07-30T11-00-12_42,reconfig_compatible_edit_preserving_tracker_size10,pause_compile_resume,compatible_edit_preserving_tracker,10,19,1,2,committed,154825,564768,738633,0,6512,1176330,0,20615,,1240182,1240182,1,0,0,0,10,1,0,PRESERVE,17199,0,0,6512,1855,285296,121959,20615,765774,False,1173029,1173029,1173029,3301,3301,0,0,,,,
run_2026-07-30T11-00-12_42,reconfig_compatible_edit_preserving_tracker_size10,prepare_and_commit,compatible_edit_preserving_tracker,10,19,1,2,committed,404119,895768,1896384,426764,23489,2617245,0,0,0,1557055,806243,6,1,0,0,10,1,0,PRESERVE,0,0,0,23489,0,0,412186,0,23489,True,2162326,2162326,2012917,604328,604328,31937,117472,,12219,,
run_2026-07-30T11-00-12_42,reconfig_compatible_edit_preserving_tracker_size10,pause_compile_resume,compatible_edit_preserving_tracker,10,20,1,2,committed,214285,654535,881107,0,13309,1109309,0,21532,,1267460,1267460,1,0,0,0,10,1,0,PRESERVE,11119,0,0,13309,2078,96226,93668,21532,916858,False,1106752,1106752,1106752,2557,2557,0,0,,,,
run_2026-07-30T11-00-12_42,reconfig_compatible_edit_preserving_tracker_size10,prepare_and_commit,compatible_edit_preserving_tracker,10,20,1,2,committed,385451,960829,2113230,313907,14681,2702020,0,0,0,1080134,729589,8,3,0,0,10,1,0,PRESERVE,0,0,0,14681,0,0,333179,0,14681,True,2008047,2008047,1911386,790634,790634,28071,68590,,4358,,
run_2026-07-30T11-00-12_42,reconfig_compatible_edit_preserving_tracker_size10,stop_rebuild_restart,compatible_edit_preserving_tracker,10,20,1,2,committed,177969,655378,917801,0,6196,1307044,0,62819,,1426544,1426544,1,0,0,0,0,11,10,PRESERVE,81614,3920,6009,187,2298,164340,121251,62819,990194,False,1275785,1275785,1275785,31259,31259,0,0,,,,
run_2026-07-30T11-00-12_42,reconfig_compatible_edit_preserving_tracker_size10,prepare_and_commit,compatible_edit_preserving_tracker,10,21,1,2,committed,617218,775672,1946829,153934,27023,2326117,0,0,0,1629904,1584523,4,1,0,0,10,1,0,PRESERVE,0,0,0,27023,0,0,274491,0,27023,True,1848338,1848338,1763959,562158,562158,38998,45381,,8662,,
run_2026-07-30T11-00-12_42,reconfig_compatible_edit_preserving_tracker_size10,stop_rebuild_restart,compatible_edit_preserving_tracker,10,21,1,2,committed,196572,607246,826499,0,5481,1305968,0,93589,,1317510,1317510,1,0,0,0,0,11,10,PRESERVE,19368,3692,5311,170,2113,244889,81796,93589,928061,False,1254746,1254746,1254746,51222,51222,0,0,,,,
run_2026-07-30T11-00-12_42,reconfig_compatible_edit_preserving_tracker_size10,pause_compile_resume,compatible_edit_preserving_tracker,10,21,1,2,committed,183929,680331,882269,0,11632,1192444,0,21337,,1220167,1220167,1,0,0,0,10,1,0,PRESERVE,16401,0,0,11632,2081,170605,102925,21337,915711,False,1189241,1189241,1189241,3203,3203,0,0,,,,
run_2026-07-30T11-00-12_42,reconfig_compatible_edit_preserving_tracker_size10,stop_rebuild_restart,compatible_edit_preserving_tracker,10,22,1,2,committed,164885,647631,833565,0,5040,1132675,0,48016,,1196162,1196162,1,0,0,0,0,11,10,PRESERVE,18303,4474,4915,125,1759,88254,113135,48016,890108,False,1091497,1091497,1091497,41178,41178,0,0,,,,
run_2026-07-30T11-00-12_42,reconfig_compatible_edit_preserving_tracker_size10,pause_compile_resume,compatible_edit_preserving_tracker,10,22,1,2,committed,159241,584254,763639,0,6533,1132955,0,34318,,1177006,1177006,1,0,0,0,10,1,0,PRESERVE,18147,0,0,6533,2703,237256,87051,34318,805196,False,1129503,1129503,1129503,3452,3452,0,0,,,,
run_2026-07-30T11-00-12_42,reconfig_compatible_edit_preserving_tracker_size10,prepare_and_commit,compatible_edit_preserving_tracker,10,22,1,2,committed,655105,741494,1752023,257156,14900,2300219,0,0,0,1823542,1752865,1,1,0,0,10,1,0,PRESERVE,0,0,0,14900,0,0,359168,0,14900,True,2027823,2027823,1935982,364237,364237,21164,70677,,4947,,
run_2026-07-30T11-00-12_42,reconfig_compatible_edit_preserving_tracker_size10,pause_compile_resume,compatible_edit_preserving_tracker,10,23,1,2,committed,140284,560174,780681,0,11258,1152603,0,28530,,1159620,1159620,1,0,0,0,10,1,0,PRESERVE,78787,0,0,11258,2057,240209,88286,28530,821090,False,1149585,1149585,1149585,3018,3018,0,0,,,,
run_2026-07-30T11-00-12_42,reconfig_compatible_edit_preserving_tracker_size10,prepare_and_commit,compatible_edit_preserving_tracker,10,23,1,2,committed,666946,760358,1986000,222410,22890,2472564,0,0,0,1821169,1743935,7,1,0,0,10,1,0,PRESERVE,0,0,0,22890,0,0,342284,0,22890,True,2014888,2014888,1905290,567274,567274,32364,77234,,6006,,
run_2026-07-30T11-00-12_42,reconfig_compatible_edit_preserving_tracker_size10,stop_rebuild_restart,compatible_edit_preserving_tracker,10,23,1,2,committed,149824,457558,624166,0,5443,785758,0,36002,,930385,930385,1,0,0,0,0,11,10,PRESERVE,13369,3206,5308,135,1775,26573,60613,36002,667177,False,754363,754363,754363,31395,31395,0,0,,,,
run_2026-07-30T11-00-12_42,reconfig_compatible_edit_preserving_tracker_size10,prepare_and_commit,compatible_edit_preserving_tracker,10,24,1,2,committed,692768,749181,1963771,195825,21481,2422522,0,0,0,1792740,1723627,6,1,0,0,10,1,0,PRESERVE,0,0,0,21481,0,0,332840,0,21481,True,1992095,1992095,1892569,529953,529953,30413,69113,,10968,,
run_2026-07-30T11-00-12_42,reconfig_compatible_edit_preserving_tracker_size10,stop_rebuild_restart,compatible_edit_preserving_tracker,10,24,1,2,committed,203020,566417,795392,0,4471,1307609,0,44952,,1372302,1372302,1,0,0,0,0,11,10,PRESERVE,22612,4666,4338,133,1785,314136,100893,44952,847923,False,1262952,1262952,1262952,44657,44657,0,0,,,,
run_2026-07-30T11-00-12_42,reconfig_compatible_edit_preserving_tracker_size10,pause_compile_resume,compatible_edit_preserving_tracker,10,24,1,2,committed,190820,494545,699328,0,6868,1144338,0,19107,,1252762,1252762,1,0,0,0,10,1,0,PRESERVE,12493,0,0,6868,2021,295182,120448,19107,725854,False,1141484,1141484,1141484,2854,2854,0,0,,,,
run_2026-07-30T11-00-12_42,reconfig_compatible_edit_preserving_tracker_size10,stop_rebuild_restart,compatible_edit_preserving_tracker,10,25,1,2,committed,170066,745101,939288,0,7269,1334811,0,71575,,1398900,1398900,1,0,0,0,0,11,10,PRESERVE,19854,5575,6964,305,2430,141356,111177,71575,1021870,False,1274403,1274403,1274403,60408,60408,0,0,,,,
run_2026-07-30T11-00-12_42,reconfig_compatible_edit_preserving_tracker_size10,pause_compile_resume,compatible_edit_preserving_tracker,10,25,1,2,committed,193659,539274,747199,0,6337,1162637,0,20737,,1240294,1240294,1,0,0,0,10,1,0,PRESERVE,12871,0,0,6337,1853,243597,141449,20737,774731,False,1159777,1159777,1159777,2860,2860,0,0,,,,
run_2026-07-30T11-00-12_42,reconfig_compatible_edit_preserving_tracker_size10,prepare_and_commit,compatible_edit_preserving_tracker,10,25,1,2,committed,461802,813818,1710774,294860,14018,2234473,0,0,0,2204533,2147510,2,0,0,0,10,1,0,PRESERVE,0,0,0,14018,0,0,1867408,0,14018,True,3451906,3451906,1810385,424088,424088,1584498,57023,,5026,,
run_2026-07-30T11-00-12_42,reconfig_compatible_edit_preserving_tracker_size10,pause_compile_resume,compatible_edit_preserving_tracker,10,26,1,2,committed,152243,555154,726570,0,6814,1092107,0,35373,,1144515,1144515,1,0,0,0,10,1,0,PRESERVE,17407,0,0,6814,2931,231740,87123,35373,769922,False,1088785,1088785,1088785,3322,3322,0,0,,,,
run_2026-07-30T11-00-12_42,reconfig_compatible_edit_preserving_tracker_size10,prepare_and_commit,compatible_edit_preserving_tracker,10,26,1,2,committed,421467,724448,1594125,193309,27971,2079654,0,0,0,2000616,1932754,4,0,0,0,10,1,0,PRESERVE,0,0,0,27971,0,0,363092,0,27971,True,1730287,1730287,1623174,456480,456480,39251,67862,,8988,,
run_2026-07-30T11-00-12_42,reconfig_compatible_edit_preserving_tracker_size10,stop_rebuild_restart,compatible_edit_preserving_tracker,10,26,1,2,committed,146854,621452,851152,0,6180,1135015,0,74209,,1177332,1177332,1,0,0,0,0,11,10,PRESERVE,79710,22408,5986,194,19821,35946,80978,74209,970634,False,1087558,1087558,1087558,47457,47457,0,0,,,,
run_2026-07-30T11-00-12_42,reconfig_compatible_edit_preserving_tracker_size10,prepare_and_commit,compatible_edit_preserving_tracker,10,27,1,2,committed,401862,1191829,2145284,219759,22585,2640216,0,0,0,1065260,688350,8,3,0,0,10,1,0,PRESERVE,0,0,0,22585,0,0,346599,0,22585,True,2182634,2182634,2079642,560574,560574,34190,68802,,7934,,
run_2026-07-30T11-00-12_42,reconfig_compatible_edit_preserving_tracker_size10,stop_rebuild_restart,compatible_edit_preserving_tracker,10,27,1,2,committed,150624,560575,727165,0,6855,1087503,0,74598,,1241502,1241502,1,0,0,0,0,11,10,PRESERVE,13008,5588,6590,265,2341,148689,87502,74598,813589,False,1049780,1049780,1049780,37723,37723,0,0,,,,
run_2026-07-30T11-00-12_42,reconfig_compatible_edit_preserving_tracker_size10,pause_compile_resume,compatible_edit_preserving_tracker,10,27,1,2,committed,152913,571686,744145,0,6662,1163358,0,19425,,1219427,1219427,1,0,0,0,10,1,0,PRESERVE,17830,0,0,6662,1798,275272,114681,19425,770314,False,1160267,1160267,1160267,3091,3091,0,0,,,,
run_2026-07-30T11-00-12_42,reconfig_compatible_edit_preserving_tracker_size10,stop_rebuild_restart,compatible_edit_preserving_tracker,10,28,1,2,committed,142209,561219,715855,0,5081,1117354,0,49857,,1213827,1213827,1,0,0,0,0,11,10,PRESERVE,10452,4786,4921,160,1914,186805,86175,49857,775518,False,1048498,1048498,1048498,68856,68856,0,0,,,,
run_2026-07-30T11-00-12_42,reconfig_compatible_edit_preserving_tracker_size10,pause_compile_resume,compatible_edit_preserving_tracker,10,28,1,2,committed,203817,521626,739774,0,6841,1195991,0,20475,,1274481,1274481,1,0,0,0,10,1,0,PRESERVE,12979,0,0,6841,1844,286207,139560,20475,767582,False,1193349,1193349,1193349,2642,2642,0,0,,,,
run_2026-07-30T11-00-12_42,reconfig_compatible_edit_preserving_tracker_size10,prepare_and_commit,compatible_edit_preserving_tracker,10,28,1,2,committed,386637,763886,1741506,172880,25187,2195429,0,0,0,1898005,1829510,4,0,0,0,10,1,0,PRESERVE,0,0,0,25187,0,0,352700,0,25187,True,1701290,1701290,1594473,600956,600956,38322,68495,,9699,,
run_2026-07-30T11-00-12_42,reconfig_compatible_edit_preserving_tracker_size10,pause_compile_resume,compatible_edit_preserving_tracker,10,29,1,2,committed,206095,608074,830420,0,8160,1106588,0,26720,,1119803,1119803,1,0,0,0,10,1,0,PRESERVE,14740,0,0,8160,2026,129197,108540,26720,865815,False,1103552,1103552,1103552,3036,3036,0,0,,,,
run_2026-07-30T11-00-12_42,reconfig_compatible_edit_preserving_tracker_size10,prepare_and_commit,compatible_edit_preserving_tracker,10,29,1,2,committed,391942,739335,1660440,193492,28857,2144143,0,0,0,1994687,1926327,5,0,0,0,10,1,0,PRESERVE,0,0,0,28857,0,0,361871,0,28857,True,1715497,1715497,1606592,537551,537551,40545,68360,,9282,,
run_2026-07-30T11-00-12_42,reconfig_compatible_edit_preserving_tracker_size10,stop_rebuild_restart,compatible_edit_preserving_tracker,10,29,1,2,committed,140659,635539,789963,0,8827,1105313,0,56035,,1200446,1200446,1,0,0,0,0,11,10,PRESERVE,11393,4797,8693,134,1838,98415,87540,56035,859088,False,1045043,1045043,1045043,60270,60270,0,0,,,,
run_2026-07-30T11-00-12_42,reconfig_compatible_edit_preserving_tracker_size10,prepare_and_commit,compatible_edit_preserving_tracker,10,30,1,2,committed,703494,771595,1862508,239692,14144,2389596,0,0,0,1865338,1797131,2,1,0,0,10,1,0,PRESERVE,0,0,0,14144,0,0,352944,0,14144,True,2081869,2081869,1993797,395799,395799,19865,68207,,4760,,
run_2026-07-30T11-00-12_42,reconfig_compatible_edit_preserving_tracker_size10,stop_rebuild_restart,compatible_edit_preserving_tracker,10,30,1,2,committed,143337,627857,784107,0,4908,1112685,0,59880,,1222814,1222814,1,0,0,0,0,11,10,PRESERVE,10879,4670,4761,147,1711,103181,86235,59880,853242,False,1042658,1042658,1042658,70027,70027,0,0,,,,
run_2026-07-30T11-00-12_42,reconfig_compatible_edit_preserving_tracker_size10,pause_compile_resume,compatible_edit_preserving_tracker,10,30,1,2,committed,147607,540883,706004,0,7799,1157915,0,21104,,1222891,1222891,1,0,0,0,10,1,0,PRESERVE,15371,0,0,7799,2257,298702,120650,21104,735021,False,1154373,1154373,1154373,3542,3542,0,0,,,,
run_2026-07-30T11-00-12_42,graph_size_sensitivity_5,stop_rebuild_restart,insert_stateless_node,5,1,1,2,committed,100062,390461,503258,0,4615,1160885,0,25812,,1263787,1263787,1,0,0,0,0,6,5,AUTO,10615,3836,4481,134,1857,486838,109704,25812,537258,False,1133800,1133800,1133800,27085,27085,0,0,,,,
run_2026-07-30T11-00-12_42,graph_size_sensitivity_5,pause_compile_resume,insert_stateless_node,5,1,1,2,committed,136529,406590,555537,0,6963,1033092,0,17091,,1181825,1181825,1,0,0,0,5,1,0,AUTO,10749,0,0,6963,1833,358057,91965,17091,579755,False,1029777,1029777,1029777,3315,3315,0,0,,,,
run_2026-07-30T11-00-12_42,graph_size_sensitivity_5,prepare_and_commit,insert_stateless_node,5,1,1,2,committed,411677,582035,1396559,185919,20671,1852928,0,0,0,1756711,1662995,2,0,0,0,5,1,0,AUTO,0,0,0,20671,0,0,368346,0,20671,True,1568648,1568648,1441544,411384,411384,33388,93716,,,,
run_2026-07-30T11-00-12_42,graph_size_sensitivity_5,pause_compile_resume,insert_stateless_node,5,2,1,2,committed,107531,434733,554282,0,9443,1003446,0,24838,,1095279,1095279,1,0,0,0,5,1,0,AUTO,10561,0,0,9443,5472,279500,126545,24838,592578,False,998623,998623,998623,4823,4823,0,0,,,,
run_2026-07-30T11-00-12_42,graph_size_sensitivity_5,prepare_and_commit,insert_stateless_node,5,2,1,2,committed,489442,694122,1586478,137685,19458,1996490,0,0,0,1777637,1686214,5,0,0,0,5,1,0,AUTO,0,0,0,19458,0,0,368138,0,19458,True,1708845,1708845,1584936,411554,411554,32486,91423,,,,
run_2026-07-30T11-00-12_42,graph_size_sensitivity_5,stop_rebuild_restart,insert_stateless_node,5,2,1,2,committed,109453,418875,540871,0,5327,1021700,0,25636,,1119106,1119106,1,0,0,0,0,6,5,AUTO,10616,3537,5198,129,2247,293717,124666,25636,575691,False,994074,994074,994074,27626,27626,0,0,,,,
run_2026-07-30T11-00-12_42,graph_size_sensitivity_5,prepare_and_commit,insert_stateless_node,5,3,1,2,committed,411114,549654,1298037,166408,17319,1760832,0,0,0,1763817,1691742,1,0,0,0,5,1,0,AUTO,0,0,0,17319,0,0,368610,0,17319,True,1513105,1513105,1411751,349081,349081,29279,72075,,,,
run_2026-07-30T11-00-12_42,graph_size_sensitivity_5,stop_rebuild_restart,insert_stateless_node,5,3,1,2,committed,112911,454622,589009,0,5892,947163,0,40554,,1029164,1029164,1,0,0,0,0,6,5,AUTO,18975,4190,5750,142,2230,183683,83964,40554,639374,False,907021,907021,907021,40142,40142,0,0,,,,
run_2026-07-30T11-00-12_42,graph_size_sensitivity_5,pause_compile_resume,insert_stateless_node,5,3,1,2,committed,120295,381386,517359,0,6579,1153827,0,16923,,1230732,1230732,1,0,0,0,5,1,0,AUTO,14115,0,0,6579,2112,491205,118348,16923,541410,False,1150963,1150963,1150963,2864,2864,0,0,,,,
run_2026-07-30T11-00-12_42,graph_size_sensitivity_5,stop_rebuild_restart,insert_stateless_node,5,4,1,2,committed,115327,393445,523114,0,5253,677413,0,25602,,788517,788517,1,0,0,0,0,6,5,AUTO,11727,3420,5073,180,2367,25785,65760,25602,557141,False,648686,648686,648686,28727,28727,0,0,,,,
run_2026-07-30T11-00-12_42,graph_size_sensitivity_5,pause_compile_resume,insert_stateless_node,5,4,1,2,committed,160147,351157,523279,0,7488,631903,0,17111,,706260,706260,1,0,0,0,5,1,0,AUTO,10858,0,0,7488,1813,21792,58988,17111,548574,False,629354,629354,629354,2549,2549,0,0,,,,
run_2026-07-30T11-00-12_42,graph_size_sensitivity_5,prepare_and_commit,insert_stateless_node,5,4,1,2,committed,414225,578943,1323680,148720,18624,1813010,0,0,0,1824078,1756899,2,0,0,0,5,1,0,AUTO,0,0,0,18624,0,0,412848,0,18624,True,1573360,1573360,1473707,339303,339303,32474,67179,,,,
run_2026-07-30T11-00-12_42,graph_size_sensitivity_5,pause_compile_resume,insert_stateless_node,5,5,1,2,committed,117640,361522,521150,0,6541,627822,0,17222,,703778,703778,1,0,0,0,5,1,0,AUTO,40806,0,0,6541,1977,20083,59552,17222,545708,False,625343,625343,625343,2479,2479,0,0,,,,
run_2026-07-30T11-00-12_42,graph_size_sensitivity_5,prepare_and_commit,insert_stateless_node,5,5,1,2,committed,467435,710409,1624662,155798,20107,2081381,0,0,0,1878040,1766869,3,0,0,0,5,1,0,AUTO,0,0,0,20107,0,0,416292,0,20107,True,1770041,1770041,1626035,455346,455346,32835,111171,,,,
run_2026-07-30T11-00-12_42,graph_size_sensitivity_5,stop_rebuild_restart,insert_stateless_node,5,5,1,2,committed,120087,406074,609043,0,6767,964116,0,37671,,973014,973014,1,0,0,0,0,6,5,AUTO,80112,5190,6575,192,2772,154284,99482,37671,658673,False,912439,912439,912439,51677,51677,0,0,,,,
run_2026-07-30T11-00-12_42,graph_size_sensitivity_5,prepare_and_commit,insert_stateless_node,5,6,1,2,committed,431026,649307,1495750,128145,20146,1953614,0,0,0,1826235,1742033,4,0,0,0,5,1,0,AUTO,0,0,0,20146,0,0,414416,0,20146,True,1643040,1643040,1529655,423959,423959,29183,84202,,,,
run_2026-07-30T11-00-12_42,graph_size_sensitivity_5,stop_rebuild_restart,insert_stateless_node,5,6,1,2,committed,128153,428038,578048,0,4391,1077892,0,26988,,1145890,1145890,1,0,0,0,0,6,5,AUTO,18962,3388,4258,133,2070,322130,103719,26988,611990,False,1037839,1037839,1037839,40053,40053,0,0,,,,
run_2026-07-30T11-00-12_42,graph_size_sensitivity_5,pause_compile_resume,insert_stateless_node,5,6,1,2,committed,111751,435228,559162,0,6874,1070581,0,15786,,1178254,1178254,1,0,0,0,5,1,0,AUTO,10978,0,0,6874,1894,401794,83769,15786,582511,False,1068074,1068074,1068074,2507,2507,0,0,,,,
run_2026-07-30T11-00-12_42,graph_size_sensitivity_5,stop_rebuild_restart,insert_stateless_node,5,7,1,2,committed,134302,349274,506081,0,5092,1150042,0,25567,,1198988,1198988,1,0,0,0,0,6,5,AUTO,19722,3208,4883,209,1889,479823,103192,25567,539054,False,1122069,1122069,1122069,27973,27973,0,0,,,,
run_2026-07-30T11-00-12_42,graph_size_sensitivity_5,pause_compile_resume,insert_stateless_node,5,7,1,2,committed,129714,341288,486409,0,6589,1127452,0,16110,,1210780,1210780,1,0,0,0,5,1,0,AUTO,13852,0,0,6589,1707,517235,98138,16110,509260,False,1124633,1124633,1124633,2819,2819,0,0,,,,
run_2026-07-30T11-00-12_42,graph_size_sensitivity_5,prepare_and_commit,insert_stateless_node,5,7,1,2,committed,594816,585926,1570278,292684,10471,2100736,0,0,0,1217066,1144884,3,1,0,0,5,1,0,AUTO,0,0,0,10471,0,0,306905,0,10471,True,1790802,1790802,1702564,398172,398172,16056,72182,,,,
run_2026-07-30T11-00-12_42,graph_size_sensitivity_5,pause_compile_resume,insert_stateless_node,5,8,1,2,committed,117631,434600,565038,0,7174,989882,0,16981,,1122332,1122332,1,0,0,0,5,1,0,AUTO,11684,0,0,7174,2210,273931,123053,16981,590280,False,987264,987264,987264,2618,2618,0,0,,,,
run_2026-07-30T11-00-12_42,graph_size_sensitivity_5,prepare_and_commit,insert_stateless_node,5,8,1,2,committed,506068,682114,1659455,199913,18642,2132413,0,0,0,1355644,467878,3,1,0,0,5,1,0,AUTO,0,0,0,18642,0,0,504985,0,18642,True,1911722,1911722,1652934,479479,479479,210715,48073,,,,
run_2026-07-30T11-00-12_42,graph_size_sensitivity_5,stop_rebuild_restart,insert_stateless_node,5,8,1,2,committed,123172,398111,545817,0,7733,1127388,0,29516,,1228943,1228943,1,0,0,0,0,6,5,AUTO,21641,3586,7508,225,3317,399169,91201,29516,587076,False,1077446,1077446,1077446,49942,49942,0,0,,,,
run_2026-07-30T11-00-12_42,graph_size_sensitivity_5,prepare_and_commit,insert_stateless_node,5,9,1,2,committed,393207,654349,1411038,208911,19879,1900886,0,0,0,1063543,766020,2,1,0,0,5,1,0,AUTO,0,0,0,19879,0,0,369900,0,19879,True,1646246,1646246,1528340,372546,372546,31131,86775,,,,
run_2026-07-30T11-00-12_42,graph_size_sensitivity_5,stop_rebuild_restart,insert_stateless_node,5,9,1,2,committed,130292,447126,599262,0,6574,994844,0,53254,,1038587,1038587,1,0,0,0,0,6,5,AUTO,18333,3417,6321,253,3001,223132,79830,53254,661997,False,964959,964959,964959,29885,29885,0,0,,,,
run_2026-07-30T11-00-12_42,graph_size_sensitivity_5,pause_compile_resume,insert_stateless_node,5,9,1,2,committed,130836,378022,521287,0,9645,1051985,0,27348,,1195738,1195738,1,0,0,0,5,1,0,AUTO,11290,0,0,9645,1880,392620,97543,27348,559021,False,1049184,1049184,1049184,2801,2801,0,0,,,,
run_2026-07-30T11-00-12_42,graph_size_sensitivity_5,stop_rebuild_restart,insert_stateless_node,5,10,1,2,committed,159767,399621,572233,0,5073,890476,0,30772,,1034533,1034533,1,0,0,0,0,6,5,AUTO,10561,4048,4940,133,2536,127097,110414,30772,612378,False,849889,849889,849889,40587,40587,0,0,,,,
run_2026-07-30T11-00-12_42,graph_size_sensitivity_5,pause_compile_resume,insert_stateless_node,5,10,1,2,committed,124472,347737,491613,0,6419,1128925,0,16522,,1213673,1213673,1,0,0,0,5,1,0,AUTO,17719,0,0,6419,1876,528731,82458,16522,514745,False,1125934,1125934,1125934,2991,2991,0,0,,,,
run_2026-07-30T11-00-12_42,graph_size_sensitivity_5,prepare_and_commit,insert_stateless_node,5,10,1,2,committed,555495,737090,1635099,588960,11199,2532939,0,0,0,769300,662170,5,3,0,0,5,1,0,AUTO,0,0,0,11199,0,0,419681,0,11199,True,2312425,2312425,2181045,351894,351894,24250,107130,,,,
run_2026-07-30T11-00-12_42,graph_size_sensitivity_5,pause_compile_resume,insert_stateless_node,5,11,1,2,committed,132558,508661,658190,0,9867,1086720,0,23515,,1162232,1162232,1,0,0,0,5,1,0,AUTO,15396,0,0,9867,2626,247422,143492,23515,692623,False,1083537,1083537,1083537,3183,3183,0,0,,,,
run_2026-07-30T11-00-12_42,graph_size_sensitivity_5,prepare_and_commit,insert_stateless_node,5,11,1,2,committed,384008,636228,1551210,138381,18223,1958645,0,0,0,1656381,1574248,2,0,0,0,5,1,0,AUTO,0,0,0,18223,0,0,354463,0,18223,True,1531303,1531303,1419136,539509,539509,30034,82133,,,,
run_2026-07-30T11-00-12_42,graph_size_sensitivity_5,stop_rebuild_restart,insert_stateless_node,5,11,1,2,committed,122870,463607,657247,0,8071,972193,0,40723,,1090606,1090606,1,0,0,0,0,6,5,AUTO,67827,5493,7788,283,3252,110344,108877,40723,711843,False,931064,931064,931064,41129,41129,0,0,,,,
run_2026-07-30T11-00-12_42,graph_size_sensitivity_5,prepare_and_commit,insert_stateless_node,5,12,1,2,committed,448445,870840,1783716,213871,15780,2256904,0,0,0,837849,693123,6,2,0,0,5,1,0,AUTO,0,0,0,15780,0,0,406913,0,15780,True,1955849,1955849,1784194,472710,472710,26929,144726,,,,
run_2026-07-30T11-00-12_42,graph_size_sensitivity_5,stop_rebuild_restart,insert_stateless_node,5,12,1,2,committed,164092,494882,673768,0,5922,905774,0,38024,,990291,990291,1,0,0,0,0,6,5,AUTO,12286,4287,5712,210,2539,67293,75911,38024,722032,False,865236,865236,865236,40538,40538,0,0,,,,
run_2026-07-30T11-00-12_42,graph_size_sensitivity_5,pause_compile_resume,insert_stateless_node,5,12,1,2,committed,111331,413536,537353,0,6118,1150378,0,16750,,1247440,1247440,1,0,0,0,5,1,0,AUTO,10980,0,0,6118,1920,468279,118612,16750,560635,False,1147526,1147526,1147526,2852,2852,0,0,,,,
run_2026-07-30T11-00-12_42,graph_size_sensitivity_5,stop_rebuild_restart,insert_stateless_node,5,13,1,2,committed,112647,445595,577618,0,5013,1154461,0,26672,,1244101,1244101,1,0,0,0,0,6,5,AUTO,17308,3244,4888,125,2050,421142,93522,26672,612529,False,1127193,1127193,1127193,27268,27268,0,0,,,,
run_2026-07-30T11-00-12_42,graph_size_sensitivity_5,pause_compile_resume,insert_stateless_node,5,13,1,2,committed,116388,444396,577694,0,6586,968008,0,17024,,1048070,1048070,1,0,0,0,5,1,0,AUTO,15043,0,0,6586,2106,252028,111173,17024,601543,False,964744,964744,964744,3264,3264,0,0,,,,
run_2026-07-30T11-00-12_42,graph_size_sensitivity_5,prepare_and_commit,insert_stateless_node,5,13,1,2,committed,545532,818961,1756245,257467,14819,2281115,0,0,0,793183,712917,4,3,0,0,5,1,0,AUTO,0,0,0,14819,0,0,350757,0,14819,True,1987536,1987536,1881302,399813,399813,25968,80266,,,,
run_2026-07-30T11-00-12_42,graph_size_sensitivity_5,pause_compile_resume,insert_stateless_node,5,14,1,2,committed,126089,388029,534669,0,6410,1051352,0,16660,,1126970,1126970,1,0,0,0,5,1,0,AUTO,19034,0,0,6410,1793,370314,120167,16660,558015,False,1048496,1048496,1048496,2856,2856,0,0,,,,
run_2026-07-30T11-00-12_42,graph_size_sensitivity_5,prepare_and_commit,insert_stateless_node,5,14,1,2,committed,370959,526951,1261124,205016,19556,1743449,0,0,0,1720257,1656574,1,0,0,0,5,1,0,AUTO,0,0,0,19556,0,0,341831,0,19556,True,1464313,1464313,1368008,375441,375441,32622,63683,,,,
run_2026-07-30T11-00-12_42,graph_size_sensitivity_5,stop_rebuild_restart,insert_stateless_node,5,14,1,2,committed,140863,412832,572973,0,7351,1139142,0,49734,,1165623,1165623,1,0,0,0,0,6,5,AUTO,16248,3026,7097,254,3028,385154,85142,49734,633082,False,1103378,1103378,1103378,35764,35764,0,0,,,,
run_2026-07-30T11-00-12_42,graph_size_sensitivity_5,prepare_and_commit,insert_stateless_node,5,15,1,2,committed,439370,710179,1534327,441955,13631,2238176,0,0,0,811235,726941,6,2,0,0,5,1,0,AUTO,0,0,0,13631,0,0,346515,0,13631,True,1951650,1951650,1845476,392700,392700,21880,84294,,,,
run_2026-07-30T11-00-12_42,graph_size_sensitivity_5,stop_rebuild_restart,insert_stateless_node,5,15,1,2,committed,165043,357957,540746,0,5022,1111033,0,34901,,1187863,1187863,1,0,0,0,0,6,5,AUTO,15085,4380,4893,129,2072,344843,124771,34901,584460,False,1054074,1054074,1054074,56959,56959,0,0,,,,
run_2026-07-30T11-00-12_42,graph_size_sensitivity_5,pause_compile_resume,insert_stateless_node,5,15,1,2,committed,109306,370768,491731,0,6675,1144638,0,18492,,1246675,1246675,1,0,0,0,5,1,0,AUTO,10609,0,0,6675,1780,536445,88239,18492,517630,False,1142314,1142314,1142314,2324,2324,0,0,,,,
run_2026-07-30T11-00-12_42,graph_size_sensitivity_5,stop_rebuild_restart,insert_stateless_node,5,16,1,2,committed,166128,490846,671783,0,7079,1057267,0,38315,,1219927,1219927,1,0,0,0,0,6,5,AUTO,11786,30523,6878,201,2337,154333,108658,38315,747014,False,1010005,1010005,1010005,47262,47262,0,0,,,,
run_2026-07-30T11-00-12_42,graph_size_sensitivity_5,pause_compile_resume,insert_stateless_node,5,16,1,2,committed,183720,412454,612685,0,8710,1125870,0,24182,,1208092,1208092,1,0,0,0,5,1,0,AUTO,14837,0,0,8710,2276,381042,95075,24182,646179,False,1122296,1122296,1122296,3574,3574,0,0,,,,
run_2026-07-30T11-00-12_42,graph_size_sensitivity_5,prepare_and_commit,insert_stateless_node,5,16,1,2,committed,398033,737603,1570231,413035,31656,2293338,0,0,0,822518,723962,4,2,0,0,5,1,0,AUTO,0,0,0,31656,0,0,407145,0,31656,True,1987472,1987472,1849247,444091,444091,39669,98556,,,,
run_2026-07-30T11-00-12_42,graph_size_sensitivity_5,pause_compile_resume,insert_stateless_node,5,17,1,2,committed,136119,462540,617115,0,8279,951843,0,22495,,1016972,1016972,1,0,0,0,5,1,0,AUTO,17001,0,0,8279,2268,221339,78839,22495,648702,False,948880,948880,948880,2963,2963,0,0,,,,
run_2026-07-30T11-00-12_42,graph_size_sensitivity_5,prepare_and_commit,insert_stateless_node,5,17,1,2,committed,569758,785747,1803442,432833,13063,2513618,0,0,0,825525,739308,7,3,0,0,5,1,0,AUTO,0,0,0,13063,0,0,362497,0,13063,True,2163898,2163898,2057386,456232,456232,20295,86217,,,,
run_2026-07-30T11-00-12_42,graph_size_sensitivity_5,stop_rebuild_restart,insert_stateless_node,5,17,1,2,committed,124648,447287,586066,0,5894,969755,0,24796,,1091422,1091422,1,0,0,0,0,6,5,AUTO,11929,3191,5686,208,18081,222259,82743,24796,635826,False,940828,940828,940828,28927,28927,0,0,,,,
run_2026-07-30T11-00-12_42,graph_size_sensitivity_5,prepare_and_commit,insert_stateless_node,5,18,1,2,committed,407516,566853,1380957,372017,11000,2019756,0,0,0,2047523,1981234,1,0,0,0,5,1,0,AUTO,0,0,0,11000,0,0,1602567,0,11000,True,2959953,2959953,1607639,412117,412117,1286025,66289,,,,
run_2026-07-30T11-00-12_42,graph_size_sensitivity_5,stop_rebuild_restart,insert_stateless_node,5,18,1,2,committed,170599,423186,615974,0,7564,1055334,0,70363,,1087557,1087557,1,0,0,0,0,6,5,AUTO,18651,3284,7316,248,3181,231764,84967,70363,696828,False,1013559,1013559,1013559,41775,41775,0,0,,,,
run_2026-07-30T11-00-12_42,graph_size_sensitivity_5,pause_compile_resume,insert_stateless_node,5,18,1,2,committed,142583,404724,569919,0,7160,1156521,0,18552,,1236793,1236793,1,0,0,0,5,1,0,AUTO,20532,0,0,7160,1943,435781,121811,18552,595494,False,1153086,1153086,1153086,3435,3435,0,0,,,,
run_2026-07-30T11-00-12_42,graph_size_sensitivity_5,stop_rebuild_restart,insert_stateless_node,5,19,1,2,committed,122803,394017,534367,0,5691,1179805,0,27524,,1258542,1258542,1,0,0,0,0,6,5,AUTO,15111,3899,5558,133,2024,458382,120918,27524,571069,False,1150369,1150369,1150369,29436,29436,0,0,,,,
run_2026-07-30T11-00-12_42,graph_size_sensitivity_5,pause_compile_resume,insert_stateless_node,5,19,1,2,committed,143634,467078,631877,0,7122,1077875,0,16877,,1166590,1166590,1,0,0,0,5,1,0,AUTO,19350,0,0,7122,1986,337025,81276,16877,656047,False,1074348,1074348,1074348,3527,3527,0,0,,,,
run_2026-07-30T11-00-12_42,graph_size_sensitivity_5,prepare_and_commit,insert_stateless_node,5,19,1,2,committed,628660,711088,1712537,188324,23148,2292729,0,0,0,1817096,1719230,1,1,0,0,5,1,0,AUTO,0,0,0,23148,0,0,497730,0,23148,True,2048950,2048950,1912715,380014,380014,38369,97866,,,,
run_2026-07-30T11-00-12_42,graph_size_sensitivity_5,pause_compile_resume,insert_stateless_node,5,20,1,2,committed,129890,395801,546345,0,8794,1056624,0,28047,,1099081,1099081,1,0,0,0,5,1,0,AUTO,18829,0,0,8794,1858,384623,85165,28047,583219,False,1053007,1053007,1053007,3617,3617,0,0,,,,
run_2026-07-30T11-00-12_42,graph_size_sensitivity_5,prepare_and_commit,insert_stateless_node,5,20,1,2,committed,430144,754790,1555822,225970,14758,2043678,0,0,0,1136086,658527,3,2,0,0,5,1,0,AUTO,0,0,0,14758,0,0,352411,0,14758,True,1778073,1778073,1664927,378751,378751,27057,86089,,,,
run_2026-07-30T11-00-12_42,graph_size_sensitivity_5,stop_rebuild_restart,insert_stateless_node,5,20,1,2,committed,110453,544888,667999,0,8025,1092979,0,59157,,1201889,1201889,1,0,0,0,0,6,5,AUTO,10767,3931,7839,186,2924,243690,80750,59157,740145,False,1064585,1064585,1064585,28394,28394,0,0,,,,
run_2026-07-30T11-00-12_42,graph_size_sensitivity_5,prepare_and_commit,insert_stateless_node,5,21,1,2,committed,431036,780538,1511434,221588,18929,2053315,0,0,0,992982,921016,2,2,0,0,5,1,0,AUTO,0,0,0,18929,0,0,507097,0,18929,True,1959188,1959188,1742929,310386,310386,144293,71966,,,,
run_2026-07-30T11-00-12_42,graph_size_sensitivity_5,stop_rebuild_restart,insert_stateless_node,5,21,1,2,committed,126668,449184,593420,0,5232,971573,0,27542,,1044535,1044535,1,0,0,0,0,6,5,AUTO,14807,3642,5095,137,2339,226031,86785,27542,629414,False,942230,942230,942230,29343,29343,0,0,,,,
run_2026-07-30T11-00-12_42,graph_size_sensitivity_5,pause_compile_resume,insert_stateless_node,5,21,1,2,committed,111340,346348,473448,0,6438,990838,0,16591,,1083961,1083961,1,0,0,0,5,1,0,AUTO,14005,0,0,6438,1820,410521,80743,16591,496542,False,987806,987806,987806,3032,3032,0,0,,,,
run_2026-07-30T11-00-12_42,graph_size_sensitivity_5,stop_rebuild_restart,insert_stateless_node,5,22,1,2,committed,106143,347461,466052,0,4629,1129426,0,25501,,1260195,1260195,1,0,0,0,0,6,5,AUTO,10528,2936,4496,133,2057,497095,105388,25501,499255,False,1101738,1101738,1101738,27688,27688,0,0,,,,
run_2026-07-30T11-00-12_42,graph_size_sensitivity_5,pause_compile_resume,insert_stateless_node,5,22,1,2,committed,114024,378499,507597,0,7327,1055036,0,17213,,1127466,1127466,1,0,0,0,5,1,0,AUTO,13467,0,0,7327,16379,419579,85381,17213,546909,False,1051869,1051869,1051869,3167,3167,0,0,,,,
run_2026-07-30T11-00-12_42,graph_size_sensitivity_5,prepare_and_commit,insert_stateless_node,5,22,1,2,committed,567249,788551,1704708,361749,12726,2319792,0,0,0,791058,709334,4,3,0,0,5,1,0,AUTO,0,0,0,12726,0,0,335095,0,12726,True,2065370,2065370,1963190,356602,356602,20456,81724,,,,
run_2026-07-30T11-00-12_42,graph_size_sensitivity_5,pause_compile_resume,insert_stateless_node,5,23,1,2,committed,155647,356436,529645,0,6988,1180244,0,16957,,1264354,1264354,1,0,0,0,5,1,0,AUTO,16139,0,0,6988,1872,516572,106817,16957,554039,False,1177428,1177428,1177428,2816,2816,0,0,,,,
run_2026-07-30T11-00-12_42,graph_size_sensitivity_5,prepare_and_commit,insert_stateless_node,5,23,1,2,committed,381932,594583,1320808,151162,20197,1762166,0,0,0,1830050,1762420,0,0,0,0,5,1,0,AUTO,0,0,0,20197,0,0,361505,0,20197,True,1509379,1509379,1409648,352518,352518,32101,67630,,,,
run_2026-07-30T11-00-12_42,graph_size_sensitivity_5,stop_rebuild_restart,insert_stateless_node,5,23,1,2,committed,109473,494986,617753,0,5089,937255,0,26472,,1056113,1056113,1,0,0,0,0,6,5,AUTO,11113,3280,4947,142,2230,122755,114740,26472,652643,False,890138,890138,890138,47117,47117,0,0,,,,
run_2026-07-30T11-00-12_42,graph_size_sensitivity_5,prepare_and_commit,insert_stateless_node,5,24,1,2,committed,437287,863910,1651860,148457,17594,2126266,0,0,0,889232,798847,4,2,0,0,5,1,0,AUTO,0,0,0,17594,0,0,417871,0,17594,True,1885119,1885119,1766432,359834,359834,28302,90385,,,,
run_2026-07-30T11-00-12_42,graph_size_sensitivity_5,stop_rebuild_restart,insert_stateless_node,5,24,1,2,committed,159780,424396,597095,0,6719,1085441,0,39134,,1201319,1201319,1,0,0,0,0,6,5,AUTO,10995,4962,6525,194,2538,272092,121177,39134,648524,False,1041793,1041793,1041793,43648,43648,0,0,,,,
run_2026-07-30T11-00-12_42,graph_size_sensitivity_5,pause_compile_resume,insert_stateless_node,5,24,1,2,committed,106399,489716,608046,0,6870,1086001,0,16507,,1215900,1215900,1,0,0,0,5,1,0,AUTO,10740,0,0,6870,1871,325633,125465,16507,632103,False,1083201,1083201,1083201,2800,2800,0,0,,,,
run_2026-07-30T11-00-12_42,graph_size_sensitivity_5,stop_rebuild_restart,insert_stateless_node,5,25,1,2,committed,115378,401210,533108,0,9386,1184968,0,26687,,1258983,1258983,1,0,0,0,0,6,5,AUTO,14244,3378,9254,132,1958,457554,120459,26687,572241,False,1150254,1150254,1150254,34714,34714,0,0,,,,
run_2026-07-30T11-00-12_42,graph_size_sensitivity_5,pause_compile_resume,insert_stateless_node,5,25,1,2,committed,150035,349963,512023,0,6490,1190314,0,54937,,1296958,1296958,1,0,0,0,5,1,0,AUTO,10896,0,0,6490,2784,473897,138565,54937,575105,False,1187567,1187567,1187567,2747,2747,0,0,,,,
run_2026-07-30T11-00-12_42,graph_size_sensitivity_5,prepare_and_commit,insert_stateless_node,5,25,1,2,committed,411955,689532,1494407,140010,18881,1974765,0,0,0,1949154,1861287,3,0,0,0,5,1,0,AUTO,0,0,0,18881,0,0,432400,0,18881,True,1692778,1692778,1573813,400952,400952,31098,87867,,,,
run_2026-07-30T11-00-12_42,graph_size_sensitivity_5,pause_compile_resume,insert_stateless_node,5,26,1,2,committed,156253,400540,640335,0,8501,978938,0,21895,,1000934,1000934,1,0,0,0,5,1,0,AUTO,81309,0,0,8501,2337,222890,81169,21895,670835,False,974894,974894,974894,4044,4044,0,0,,,,
run_2026-07-30T11-00-12_42,graph_size_sensitivity_5,prepare_and_commit,insert_stateless_node,5,26,1,2,committed,374556,699477,1426122,197952,30940,1961041,0,0,0,925666,833647,5,2,0,0,5,1,0,AUTO,0,0,0,30940,0,0,432720,0,30940,True,1735645,1735645,1599594,361447,361447,44032,92019,,,,
run_2026-07-30T11-00-12_42,graph_size_sensitivity_5,stop_rebuild_restart,insert_stateless_node,5,26,1,2,committed,116896,413302,546143,0,5528,1036396,0,26355,,1117869,1117869,1,0,0,0,0,6,5,AUTO,13572,3319,5350,178,2135,320736,105588,26355,581107,False,1007431,1007431,1007431,28965,28965,0,0,,,,
run_2026-07-30T11-00-12_42,graph_size_sensitivity_5,prepare_and_commit,insert_stateless_node,5,27,1,2,committed,379588,651986,1315546,138655,19940,1754300,0,0,0,1894798,1818089,0,0,0,0,5,1,0,AUTO,0,0,0,19940,0,0,377887,0,19940,True,1568056,1568056,1458973,295327,295327,32374,76709,,,,
run_2026-07-30T11-00-12_42,graph_size_sensitivity_5,stop_rebuild_restart,insert_stateless_node,5,27,1,2,committed,135127,364643,518972,0,4885,1063290,0,31967,,1124157,1124157,1,0,0,0,0,6,5,AUTO,16477,4312,4743,142,2197,340830,104384,31967,559608,False,1004822,1004822,1004822,58468,58468,0,0,,,,
run_2026-07-30T11-00-12_42,graph_size_sensitivity_5,pause_compile_resume,insert_stateless_node,5,27,1,2,committed,171312,474936,737818,0,7669,1019146,0,17642,,1029098,1029098,1,0,0,0,5,1,0,AUTO,89928,0,0,7669,2081,136998,115406,17642,763568,False,1015972,1015972,1015972,3174,3174,0,0,,,,
run_2026-07-30T11-00-12_42,graph_size_sensitivity_5,stop_rebuild_restart,insert_stateless_node,5,28,1,2,committed,107874,312732,432878,0,4861,604157,0,30855,,696134,691325,1,0,0,0,0,6,5,AUTO,9944,5672,4734,127,1906,20316,59317,30855,473844,False,553477,553477,553477,50680,50680,0,0,,,,
run_2026-07-30T11-00-12_42,graph_size_sensitivity_5,pause_compile_resume,insert_stateless_node,5,28,1,2,committed,119698,354810,492202,0,6283,1156510,0,16619,,1218819,1218819,1,0,0,0,5,1,0,AUTO,15571,0,0,6283,1708,561677,76373,16619,514689,False,1152739,1152739,1152739,3771,3771,0,0,,,,
run_2026-07-30T11-00-12_42,graph_size_sensitivity_5,prepare_and_commit,insert_stateless_node,5,28,1,2,committed,444172,569215,1368502,138075,19395,1826368,0,0,0,1682267,1614378,1,0,0,0,5,1,0,AUTO,0,0,0,19395,0,0,391170,0,19395,True,1562027,1562027,1462823,363545,363545,31315,67889,,,,
run_2026-07-30T11-00-12_42,graph_size_sensitivity_5,pause_compile_resume,insert_stateless_node,5,29,1,2,committed,104426,380325,496898,0,6310,960348,0,16766,,1100314,1100314,1,0,0,0,5,1,0,AUTO,10819,0,0,6310,1758,331265,105972,16766,520404,False,957641,957641,957641,2707,2707,0,0,,,,
run_2026-07-30T11-00-12_42,graph_size_sensitivity_5,prepare_and_commit,insert_stateless_node,5,29,1,2,committed,400952,559227,1298669,155874,19352,1773532,0,0,0,1807733,1741909,1,0,0,0,5,1,0,AUTO,0,0,0,19352,0,0,1386916,0,19352,True,2522321,2522321,1429751,343781,343781,1026746,65824,,,,
run_2026-07-30T11-00-12_42,graph_size_sensitivity_5,stop_rebuild_restart,insert_stateless_node,5,29,1,2,committed,148909,372297,535453,0,5643,869951,0,33814,,1026676,1026676,1,0,0,0,0,6,5,AUTO,11727,4367,5503,140,2481,128522,99749,33814,579238,False,807509,807509,807509,62442,62442,0,0,,,,
run_2026-07-30T11-00-12_42,graph_size_sensitivity_5,prepare_and_commit,insert_stateless_node,5,30,1,2,committed,628543,566133,1578164,164976,18843,2034177,0,0,0,1546306,1469184,2,1,0,0,5,1,0,AUTO,0,0,0,18843,0,0,371007,0,18843,True,1749502,1749502,1642444,391733,391733,29936,77122,,,,
run_2026-07-30T11-00-12_42,graph_size_sensitivity_5,stop_rebuild_restart,insert_stateless_node,5,30,1,2,committed,142481,447876,611671,0,7471,1002109,0,74865,,1021720,1021720,1,0,0,0,0,6,5,AUTO,18166,3819,7261,210,2955,184005,91126,74865,697633,False,972764,972764,972764,29345,29345,0,0,,,,
run_2026-07-30T11-00-12_42,graph_size_sensitivity_5,pause_compile_resume,insert_stateless_node,5,30,1,2,committed,125066,471314,612692,0,7040,1086888,0,19755,,1166528,1166528,1,0,0,0,5,1,0,AUTO,14744,0,0,7040,2416,326800,116661,19755,640335,False,1083796,1083796,1083796,3092,3092,0,0,,,,
run_2026-07-30T11-00-12_42,graph_size_sensitivity_10,stop_rebuild_restart,insert_stateless_node,10,1,1,2,committed,198408,670691,889682,0,5496,1285808,0,34783,,1312609,1312609,1,0,0,0,0,11,10,AUTO,16686,3213,5372,124,2686,144305,167505,34783,931963,False,1243773,1243773,1243773,42035,42035,0,0,,,,
run_2026-07-30T11-00-12_42,graph_size_sensitivity_10,pause_compile_resume,insert_stateless_node,10,1,1,2,committed,290748,763261,1069913,0,8934,1334628,0,61549,,1255610,1255610,2,0,0,0,10,1,0,AUTO,14363,0,0,8934,3352,47820,141100,61549,1142207,False,1331127,1331127,1331127,3501,3501,0,0,,,,
run_2026-07-30T11-00-12_42,graph_size_sensitivity_10,prepare_and_commit,insert_stateless_node,10,1,1,2,committed,467147,821197,1754072,324827,11757,2381329,0,0,0,2017700,1934073,1,0,0,0,10,1,0,AUTO,0,0,0,11757,0,0,381232,0,11757,True,2006160,2006160,1904034,477295,477295,18499,83627,,,,
run_2026-07-30T11-00-12_42,graph_size_sensitivity_10,pause_compile_resume,insert_stateless_node,10,2,1,2,committed,208049,573552,801361,0,22807,1133542,0,30033,,1214875,1214875,1,0,0,0,10,1,0,AUTO,18510,0,0,22807,2282,142042,133260,30033,855233,False,1130535,1130535,1130535,3007,3007,0,0,,,,
run_2026-07-30T11-00-12_42,graph_size_sensitivity_10,prepare_and_commit,insert_stateless_node,10,2,1,2,committed,499605,1064191,2030693,185330,12333,2414053,0,0,0,701117,644798,5,3,0,0,10,1,0,AUTO,0,0,0,12333,0,0,237420,0,12333,True,1998879,1998879,1938023,476030,476030,19747,41109,,,,
run_2026-07-30T11-00-12_42,graph_size_sensitivity_10,stop_rebuild_restart,insert_stateless_node,10,2,1,2,committed,263660,609849,891813,0,6443,1316930,0,57249,,1312195,1312195,2,0,0,0,0,11,10,AUTO,15600,4266,6220,223,2546,145671,137354,57249,959613,False,1242638,1242638,1242638,74292,74292,0,0,,,,
run_2026-07-30T11-00-12_42,graph_size_sensitivity_10,prepare_and_commit,insert_stateless_node,10,3,1,2,committed,622979,969313,2113074,226686,15542,2672424,0,0,0,1023613,949301,4,3,0,0,10,1,0,AUTO,0,0,0,15542,0,0,544278,0,15542,True,2378798,2378798,2142881,529543,529543,161605,74312,,,,
run_2026-07-30T11-00-12_42,graph_size_sensitivity_10,stop_rebuild_restart,insert_stateless_node,10,3,1,2,committed,182119,586503,857979,0,5122,1142249,0,35989,,1281940,1281940,1,0,0,0,0,11,10,AUTO,86577,3485,4975,147,2268,72122,128427,35989,902063,False,1102612,1102612,1102612,39637,39637,0,0,,,,
run_2026-07-30T11-00-12_42,graph_size_sensitivity_10,pause_compile_resume,insert_stateless_node,10,3,1,2,committed,208037,606939,830561,0,6397,1201708,0,43037,,1271788,1271788,1,0,0,0,10,1,0,AUTO,13929,0,0,6397,3131,180829,136205,43037,881470,False,1198504,1198504,1198504,3204,3204,0,0,,,,
run_2026-07-30T11-00-12_42,graph_size_sensitivity_10,stop_rebuild_restart,insert_stateless_node,10,4,1,2,committed,276804,630068,929678,0,7535,1446543,0,61945,,1517139,1517139,1,0,0,0,0,11,10,AUTO,19554,3338,7237,298,2748,208464,203390,61945,1001992,False,1413846,1413846,1413846,32697,32697,0,0,,,,
run_2026-07-30T11-00-12_42,graph_size_sensitivity_10,pause_compile_resume,insert_stateless_node,10,4,1,2,committed,180088,657008,874175,0,8242,1279962,0,21362,,1317359,1317359,1,0,0,0,10,1,0,AUTO,35324,0,0,8242,2291,241677,130761,21362,904315,False,1276753,1276753,1276753,3209,3209,0,0,,,,
run_2026-07-30T11-00-12_42,graph_size_sensitivity_10,prepare_and_commit,insert_stateless_node,10,4,1,2,committed,431765,977494,2043735,324668,17544,2712977,0,0,0,1279311,674035,9,3,0,0,10,1,0,AUTO,0,0,0,17544,0,0,423619,0,17544,True,2175090,2175090,2070114,642863,642863,25655,79321,,,,
run_2026-07-30T11-00-12_42,graph_size_sensitivity_10,pause_compile_resume,insert_stateless_node,10,5,1,2,committed,168095,567618,755309,0,20991,1162288,0,30762,,1258791,1258791,1,0,0,0,10,1,0,AUTO,18191,0,0,20991,2465,246186,105002,30762,808122,False,1159310,1159310,1159310,2978,2978,0,0,,,,
run_2026-07-30T11-00-12_42,graph_size_sensitivity_10,prepare_and_commit,insert_stateless_node,10,5,1,2,committed,430823,1072357,2119461,250835,21557,2634361,0,0,0,1247179,757520,5,2,0,0,10,1,0,AUTO,0,0,0,21557,0,0,604464,0,21557,True,2380036,2380036,2009280,625081,625081,272194,98562,,,,
run_2026-07-30T11-00-12_42,graph_size_sensitivity_10,stop_rebuild_restart,insert_stateless_node,10,5,1,2,committed,293627,571837,884753,0,6377,1321406,0,58067,,1333713,1333713,1,0,0,0,0,11,10,AUTO,15907,3408,6203,174,2801,194071,117154,58067,952024,False,1263249,1263249,1263249,58157,58157,0,0,,,,
run_2026-07-30T11-00-12_42,graph_size_sensitivity_10,prepare_and_commit,insert_stateless_node,10,6,1,2,committed,469649,788528,1807418,132582,19458,2236939,0,0,0,1845621,1800159,2,0,0,0,10,1,0,AUTO,0,0,0,19458,0,0,342524,0,19458,True,1752741,1752741,1678127,558812,558812,29152,45462,,,,
run_2026-07-30T11-00-12_42,graph_size_sensitivity_10,stop_rebuild_restart,insert_stateless_node,10,6,1,2,committed,158759,579272,756720,0,5435,1159155,0,62131,,1222839,1222839,1,0,0,0,0,11,10,AUTO,15859,3451,5272,163,2367,187277,114047,62131,827274,False,1128598,1128598,1128598,30557,30557,0,0,,,,
run_2026-07-30T11-00-12_42,graph_size_sensitivity_10,pause_compile_resume,insert_stateless_node,10,6,1,2,committed,151198,588492,751564,0,7188,1095037,0,22327,,1250839,1250839,1,0,0,0,10,1,0,AUTO,10864,0,0,7188,2099,209997,100457,22327,782168,False,1092622,1092622,1092622,2415,2415,0,0,,,,
run_2026-07-30T11-00-12_42,graph_size_sensitivity_10,stop_rebuild_restart,insert_stateless_node,10,7,1,2,committed,178470,560537,759049,0,4885,1173063,0,54618,,1201079,1201079,1,0,0,0,0,11,10,AUTO,16648,4817,4751,134,2682,183232,105421,54618,822657,False,1111310,1111310,1111310,61753,61753,0,0,,,,
run_2026-07-30T11-00-12_42,graph_size_sensitivity_10,pause_compile_resume,insert_stateless_node,10,7,1,2,committed,198385,692181,905851,0,6622,1089886,0,35098,,1015895,1015895,2,0,0,0,10,1,0,AUTO,13997,0,0,6622,2734,16008,121938,35098,949017,False,1086963,1086963,1086963,2923,2923,0,0,,,,
run_2026-07-30T11-00-12_42,graph_size_sensitivity_10,prepare_and_commit,insert_stateless_node,10,7,1,2,committed,476373,751195,1664818,264134,22459,2300207,0,0,0,2279999,2193582,2,0,0,0,10,1,0,AUTO,0,0,0,22459,0,0,461247,0,22459,True,1975408,1975408,1854640,445567,445567,34351,86417,,,,
run_2026-07-30T11-00-12_42,graph_size_sensitivity_10,pause_compile_resume,insert_stateless_node,10,8,1,2,committed,227895,715736,960019,0,10467,1298249,0,34544,,1257043,1257043,2,0,0,0,10,1,0,AUTO,14831,0,0,10467,2396,139169,149848,34544,1005869,False,1294886,1294886,1294886,3363,3363,0,0,,,,
run_2026-07-30T11-00-12_42,graph_size_sensitivity_10,prepare_and_commit,insert_stateless_node,10,8,1,2,committed,576440,1089539,2157459,214711,21847,2582848,0,0,0,947996,663554,3,3,0,0,10,1,0,AUTO,0,0,0,21847,0,0,254824,0,21847,True,2157361,2157361,2082332,500516,500516,31226,43803,,,,
run_2026-07-30T11-00-12_42,graph_size_sensitivity_10,stop_rebuild_restart,insert_stateless_node,10,8,1,2,committed,157687,568047,744297,0,7770,1045733,0,55989,,1107755,1107755,1,0,0,0,0,11,10,AUTO,15760,3231,7513,257,3064,93003,110063,55989,811548,False,1014614,1014614,1014614,31119,31119,0,0,,,,
run_2026-07-30T11-00-12_42,graph_size_sensitivity_10,prepare_and_commit,insert_stateless_node,10,9,1,2,committed,449948,1086424,2033097,206967,17790,2561506,0,0,0,791225,702656,4,3,0,0,10,1,0,AUTO,0,0,0,17790,0,0,412278,0,17790,True,2173407,2173407,2055857,505649,505649,28981,88569,,,,
run_2026-07-30T11-00-12_42,graph_size_sensitivity_10,stop_rebuild_restart,insert_stateless_node,10,9,1,2,committed,148449,514550,676217,0,4785,1181928,0,36746,,1276280,1276280,1,0,0,0,0,11,10,AUTO,10926,3293,4643,142,2358,283974,145408,36746,721107,False,1150489,1150489,1150489,31439,31439,0,0,,,,
run_2026-07-30T11-00-12_42,graph_size_sensitivity_10,pause_compile_resume,insert_stateless_node,10,9,1,2,committed,155525,584436,752416,0,6718,1029916,0,19102,,1151065,1151065,1,0,0,0,10,1,0,AUTO,11408,0,0,6718,1982,117080,131222,19102,779171,False,1027473,1027473,1027473,2443,2443,0,0,,,,
run_2026-07-30T11-00-12_42,graph_size_sensitivity_10,stop_rebuild_restart,insert_stateless_node,10,10,1,2,committed,146015,600256,759159,0,6411,1161200,0,64028,,1269847,1269847,1,0,0,0,0,11,10,AUTO,10852,3138,6080,331,2854,180518,117538,64028,833554,False,1131610,1131610,1131610,29590,29590,0,0,,,,
run_2026-07-30T11-00-12_42,graph_size_sensitivity_10,pause_compile_resume,insert_stateless_node,10,10,1,2,committed,158830,566746,742276,0,7040,1134844,0,20116,,1203021,1203021,1,0,0,0,10,1,0,AUTO,15272,0,0,7040,2128,229458,132129,20116,770132,False,1131719,1131719,1131719,3125,3125,0,0,,,,
run_2026-07-30T11-00-12_42,graph_size_sensitivity_10,prepare_and_commit,insert_stateless_node,10,10,1,2,committed,479004,1022291,1999332,380464,13541,2672251,0,0,0,983196,725215,9,3,0,0,10,1,0,AUTO,0,0,0,13541,0,0,376158,0,13541,True,2271458,2271458,2165664,506587,506587,21762,84032,,,,
run_2026-07-30T11-00-12_42,graph_size_sensitivity_10,pause_compile_resume,insert_stateless_node,10,11,1,2,committed,156502,442136,619092,0,6453,888279,0,20266,,971528,971528,1,0,0,0,10,1,0,AUTO,19062,0,0,6453,2037,87842,151362,20266,646456,False,885660,885660,885660,2619,2619,0,0,,,,
run_2026-07-30T11-00-12_42,graph_size_sensitivity_10,prepare_and_commit,insert_stateless_node,10,11,1,2,committed,504576,795853,1827512,138414,17948,2311117,0,0,0,1954803,1883746,3,0,0,0,10,1,0,AUTO,0,0,0,17948,0,0,419130,0,17948,True,1875921,1875921,1774903,536214,536214,29961,71057,,,,
run_2026-07-30T11-00-12_42,graph_size_sensitivity_10,stop_rebuild_restart,insert_stateless_node,10,11,1,2,committed,160365,656008,833772,0,4770,1121942,0,49125,,1191265,1191265,1,0,0,0,0,11,10,AUTO,14636,3987,4644,126,2048,82012,105615,49125,890939,False,1078566,1078566,1078566,43376,43376,0,0,,,,
run_2026-07-30T11-00-12_42,graph_size_sensitivity_10,prepare_and_commit,insert_stateless_node,10,12,1,2,committed,421190,758793,1693682,179407,16480,2203462,0,0,0,2017463,1950008,2,0,0,0,10,1,0,AUTO,0,0,0,16480,0,0,401494,0,16480,True,1777364,1777364,1681485,521977,521977,28424,67455,,,,
run_2026-07-30T11-00-12_42,graph_size_sensitivity_10,stop_rebuild_restart,insert_stateless_node,10,12,1,2,committed,267440,710828,1059843,0,7464,1498444,0,56811,,1503649,1503649,1,0,0,0,0,11,10,AUTO,79207,3553,7197,267,3077,187215,151508,56811,1128380,False,1467103,1467103,1467103,31341,31341,0,0,,,,
run_2026-07-30T11-00-12_42,graph_size_sensitivity_10,pause_compile_resume,insert_stateless_node,10,12,1,2,committed,140478,575268,727449,0,7033,1061745,0,46429,,1192822,1192822,1,0,0,0,10,1,0,AUTO,10640,0,0,7033,2445,144330,132549,46429,782293,False,1059172,1059172,1059172,2573,2573,0,0,,,,
run_2026-07-30T11-00-12_42,graph_size_sensitivity_10,stop_rebuild_restart,insert_stateless_node,10,13,1,2,committed,158112,571356,747738,0,5339,1183751,0,55659,,1264036,1264036,1,0,0,0,0,11,10,AUTO,14165,4547,5200,139,2346,191045,126650,55659,811524,False,1129219,1129219,1129219,54532,54532,0,0,,,,
run_2026-07-30T11-00-12_42,graph_size_sensitivity_10,pause_compile_resume,insert_stateless_node,10,13,1,2,committed,229713,746942,995419,0,9021,1300200,0,39721,,1381372,1381372,1,0,0,0,10,1,0,AUTO,16283,0,0,9021,2350,122867,129087,39721,1044030,False,1295984,1295984,1295984,4216,4216,0,0,,,,
run_2026-07-30T11-00-12_42,graph_size_sensitivity_10,prepare_and_commit,insert_stateless_node,10,13,1,2,committed,405994,887468,1650571,295200,10851,2231707,0,0,0,1988300,297266,1,1,0,0,10,1,0,AUTO,0,0,0,10851,0,0,361472,0,10851,True,1960985,1960985,1863002,368705,368705,23031,74952,,,,
run_2026-07-30T11-00-12_42,graph_size_sensitivity_10,pause_compile_resume,insert_stateless_node,10,14,1,2,committed,185284,616538,869561,0,6249,1056156,0,28926,,1148336,1148336,1,0,0,0,10,1,0,AUTO,65490,0,0,6249,1850,47182,101163,28926,904337,False,1052682,1052682,1052682,3474,3474,0,0,,,,
run_2026-07-30T11-00-12_42,graph_size_sensitivity_10,prepare_and_commit,insert_stateless_node,10,14,1,2,committed,487612,790426,1813091,229214,17462,2307577,0,0,0,1654936,279283,4,1,0,0,10,1,0,AUTO,0,0,0,17462,0,0,339348,0,17462,True,1864062,1864062,1764373,543204,543204,27754,71935,,,,
run_2026-07-30T11-00-12_42,graph_size_sensitivity_10,stop_rebuild_restart,insert_stateless_node,10,14,1,2,committed,215709,611898,841500,0,5430,1131880,0,42978,,1250687,1250687,1,0,0,0,0,11,10,AUTO,11627,4037,5292,138,2417,85466,111145,42978,894096,False,1090707,1090707,1090707,41173,41173,0,0,,,,
run_2026-07-30T11-00-12_42,graph_size_sensitivity_10,prepare_and_commit,insert_stateless_node,10,15,1,2,committed,446653,930840,1918493,611724,13540,2810888,0,0,0,1141263,687705,5,2,0,0,10,1,0,AUTO,0,0,0,13540,0,0,350357,0,13540,True,2353114,2353114,2261196,549692,549692,22181,69737,,,,
run_2026-07-30T11-00-12_42,graph_size_sensitivity_10,stop_rebuild_restart,insert_stateless_node,10,15,1,2,committed,144328,564616,721303,0,6846,1128502,0,63462,,1255039,1255039,1,0,0,0,0,11,10,AUTO,10468,3624,6651,195,3183,191374,111459,63462,796527,False,1099360,1099360,1099360,29142,29142,0,0,,,,
run_2026-07-30T11-00-12_42,graph_size_sensitivity_10,pause_compile_resume,insert_stateless_node,10,15,1,2,committed,189787,579257,782473,0,6146,1134082,0,41876,,1256447,1256447,1,0,0,0,10,1,0,AUTO,12026,0,0,6146,2970,193497,105347,41876,832062,False,1130906,1130906,1130906,3176,3176,0,0,,,,
run_2026-07-30T11-00-12_42,graph_size_sensitivity_10,stop_rebuild_restart,insert_stateless_node,10,16,1,2,committed,250574,592207,860699,0,4942,1168352,0,44186,,1235889,1235889,1,0,0,0,0,11,10,AUTO,15047,4070,4813,129,1961,90010,123814,44186,912987,False,1126811,1126811,1126811,41541,41541,0,0,,,,
run_2026-07-30T11-00-12_42,graph_size_sensitivity_10,pause_compile_resume,insert_stateless_node,10,16,1,2,committed,149023,592277,753777,0,6409,1058319,0,20402,,2203346,1159017,1,0,0,0,10,1,0,AUTO,11191,0,0,6409,1951,154717,119714,20402,781253,False,1055684,1055684,1055684,2635,2635,0,0,,,,
run_2026-07-30T11-00-12_42,graph_size_sensitivity_10,prepare_and_commit,insert_stateless_node,10,16,1,2,committed,456771,886268,1951057,296196,17737,2541302,0,0,0,841799,756728,3,3,0,0,10,1,0,AUTO,0,0,0,17737,0,0,368914,0,17737,True,2025886,2025886,1925238,616064,616064,27787,72861,,,,
run_2026-07-30T11-00-12_42,graph_size_sensitivity_10,pause_compile_resume,insert_stateless_node,10,17,1,2,committed,148847,622158,784298,0,7490,1144954,0,43874,,1251647,1251647,1,0,0,0,10,1,0,AUTO,12044,0,0,7490,2585,188382,116944,43874,836998,False,1142324,1142324,1142324,2630,2630,0,0,,,,
run_2026-07-30T11-00-12_42,graph_size_sensitivity_10,prepare_and_commit,insert_stateless_node,10,17,1,2,committed,671398,994598,2166801,196642,14488,2566356,0,0,0,826463,659476,6,3,0,0,10,1,0,AUTO,0,0,0,14488,0,0,243955,0,14488,True,2121081,2121081,2057626,508730,508730,21878,41577,,,,
run_2026-07-30T11-00-12_42,graph_size_sensitivity_10,stop_rebuild_restart,insert_stateless_node,10,17,1,2,committed,181762,612205,863554,0,6159,1262352,0,66283,,1420199,1420199,1,0,0,0,0,11,10,AUTO,66868,3723,5918,241,2813,173457,118222,66283,939813,False,1231492,1231492,1231492,30860,30860,0,0,,,,
run_2026-07-30T11-00-12_42,graph_size_sensitivity_10,prepare_and_commit,insert_stateless_node,10,18,1,2,committed,490038,738766,1644627,278143,15073,2195729,0,0,0,2192699,2125634,1,0,0,0,10,1,0,AUTO,0,0,0,15073,0,0,464542,0,15073,True,1986562,1986562,1771832,423897,423897,147665,67065,,,,
run_2026-07-30T11-00-12_42,graph_size_sensitivity_10,stop_rebuild_restart,insert_stateless_node,10,18,1,2,committed,150390,616152,783239,0,6010,1129533,0,53460,,1204852,1204852,1,0,0,0,0,11,10,AUTO,14122,4297,5741,269,5760,101805,117794,53460,850191,False,1069790,1069790,1069790,59743,59743,0,0,,,,
run_2026-07-30T11-00-12_42,graph_size_sensitivity_10,pause_compile_resume,insert_stateless_node,10,18,1,2,committed,220454,590706,823853,0,9340,1135073,0,28759,,1233175,1233175,1,0,0,0,10,1,0,AUTO,10981,0,0,9340,2257,124606,144616,28759,862497,False,1131719,1131719,1131719,3354,3354,0,0,,,,
run_2026-07-30T11-00-12_42,graph_size_sensitivity_10,stop_rebuild_restart,insert_stateless_node,10,19,1,2,committed,176490,559269,757355,0,5496,1173813,0,58117,,1219478,1219478,1,0,0,0,0,11,10,AUTO,18722,4947,5335,161,2352,192937,103794,58117,825393,False,1122124,1122124,1122124,51689,51689,0,0,,,,
run_2026-07-30T11-00-12_42,graph_size_sensitivity_10,pause_compile_resume,insert_stateless_node,10,19,1,2,committed,259275,670949,952521,0,6493,1154631,0,60552,,1260288,1260288,1,0,0,0,10,1,0,AUTO,20476,0,0,6493,2404,30702,100490,60552,1020149,False,1151341,1151341,1151341,3290,3290,0,0,,,,
run_2026-07-30T11-00-12_42,graph_size_sensitivity_10,prepare_and_commit,insert_stateless_node,10,19,1,2,committed,644718,1051560,2097585,205865,17808,2695387,0,0,0,953007,844945,3,3,0,0,10,1,0,AUTO,0,0,0,17808,0,0,458176,0,17808,True,2378127,2378127,2282007,413380,413380,26981,69139,,,,
run_2026-07-30T11-00-12_42,graph_size_sensitivity_10,pause_compile_resume,insert_stateless_node,10,20,1,2,committed,225312,633490,879225,0,7961,1139402,0,34519,,1194271,1194271,1,0,0,0,10,1,0,AUTO,18544,0,0,7961,1969,98433,115841,34519,921795,False,1136069,1136069,1136069,3333,3333,0,0,,,,
run_2026-07-30T11-00-12_42,graph_size_sensitivity_10,prepare_and_commit,insert_stateless_node,10,20,1,2,committed,437834,761533,1758459,152809,20877,2240507,0,0,0,1969237,1898035,3,0,0,0,10,1,0,AUTO,0,0,0,20877,0,0,403607,0,20877,True,1776660,1776660,1673064,567443,567443,32394,71202,,,,
run_2026-07-30T11-00-12_42,graph_size_sensitivity_10,stop_rebuild_restart,insert_stateless_node,10,20,1,2,committed,151574,603399,769185,0,7218,1165656,0,71878,,1319417,1319417,1,0,0,0,0,11,10,AUTO,12062,3554,6950,268,18374,128721,138704,71878,868059,False,1135484,1135484,1135484,30172,30172,0,0,,,,
run_2026-07-30T11-00-12_42,graph_size_sensitivity_10,prepare_and_commit,insert_stateless_node,10,21,1,2,committed,683369,730218,1898342,192405,18189,2399370,0,0,0,1783495,1702372,3,1,0,0,10,1,0,AUTO,0,0,0,18189,0,0,391694,0,18189,True,2015875,2015875,1905485,493885,493885,29267,81123,,,,
run_2026-07-30T11-00-12_42,graph_size_sensitivity_10,stop_rebuild_restart,insert_stateless_node,10,21,1,2,committed,208902,595228,827387,0,4961,1115618,0,48903,,1154520,1154520,1,0,0,0,0,11,10,AUTO,19653,4439,4819,142,1963,80432,107093,48903,884049,False,1071574,1071574,1071574,44044,44044,0,0,,,,
run_2026-07-30T11-00-12_42,graph_size_sensitivity_10,pause_compile_resume,insert_stateless_node,10,21,1,2,committed,226452,560625,804901,0,9676,1128290,0,31295,,1200932,1200932,1,0,0,0,10,1,0,AUTO,16270,0,0,9676,2150,141398,137162,31295,846468,False,1125028,1125028,1125028,3262,3262,0,0,,,,
run_2026-07-30T11-00-12_42,graph_size_sensitivity_10,stop_rebuild_restart,insert_stateless_node,10,22,1,2,committed,163266,570244,748764,0,7024,1138221,0,66069,,1216676,1216676,1,0,0,0,0,11,10,AUTO,12859,3542,6770,254,2563,151497,131328,66069,825567,False,1108392,1108392,1108392,29829,29829,0,0,,,,
run_2026-07-30T11-00-12_42,graph_size_sensitivity_10,pause_compile_resume,insert_stateless_node,10,22,1,2,committed,179806,550470,748762,0,6183,1148059,0,41740,,1174985,1174985,1,0,0,0,10,1,0,AUTO,16483,0,0,6183,2512,247077,99854,41740,797194,False,1144125,1144125,1144125,3934,3934,0,0,,,,
run_2026-07-30T11-00-12_42,graph_size_sensitivity_10,prepare_and_commit,insert_stateless_node,10,22,1,2,committed,495593,761067,1773225,222593,19379,2310411,0,0,0,1960444,1894827,3,0,0,0,10,1,0,AUTO,0,0,0,19379,0,0,534823,0,19379,True,2033455,2033455,1785642,524769,524769,182196,65617,,,,
run_2026-07-30T11-00-12_42,graph_size_sensitivity_10,pause_compile_resume,insert_stateless_node,10,23,1,2,committed,192241,518326,722934,0,22228,1035726,0,30841,,1210103,1210103,1,0,0,0,10,1,0,AUTO,10923,0,0,22228,2550,121556,133965,30841,777109,False,1032630,1032630,1032630,3096,3096,0,0,,,,
run_2026-07-30T11-00-12_42,graph_size_sensitivity_10,prepare_and_commit,insert_stateless_node,10,23,1,2,committed,516488,773921,1763114,154944,19734,2239862,0,0,0,2103405,2038064,3,0,0,0,10,1,0,AUTO,0,0,0,19734,0,0,390938,0,19734,True,1856025,1856025,1758679,481183,481183,32005,65341,,,,
run_2026-07-30T11-00-12_42,graph_size_sensitivity_10,stop_rebuild_restart,insert_stateless_node,10,23,1,2,committed,240528,569272,832205,0,13501,1147574,0,48310,,1200235,1200235,1,0,0,0,0,11,10,AUTO,19381,4582,13338,163,2151,83834,121900,48310,897725,False,1103459,1103459,1103459,44115,44115,0,0,,,,
run_2026-07-30T11-00-12_42,graph_size_sensitivity_10,prepare_and_commit,insert_stateless_node,10,24,1,2,committed,366005,1099908,1999067,163752,17519,2383497,0,0,0,848781,702704,5,2,0,0,10,1,0,AUTO,0,0,0,17519,0,0,267898,0,17519,True,1915082,1915082,1841620,541877,541877,28799,44663,,,,
run_2026-07-30T11-00-12_42,graph_size_sensitivity_10,stop_rebuild_restart,insert_stateless_node,10,24,1,2,committed,209998,650665,934472,0,5561,1389514,0,54008,,1523290,1523290,1,0,0,0,0,11,10,AUTO,70512,4762,5349,212,2499,189049,141452,54008,998005,False,1328506,1328506,1328506,61008,61008,0,0,,,,
run_2026-07-30T11-00-12_42,graph_size_sensitivity_10,pause_compile_resume,insert_stateless_node,10,24,1,2,committed,189739,662563,867786,0,9403,1205191,0,30392,,1278358,1278358,1,0,0,0,10,1,0,AUTO,13818,0,0,9403,2184,155198,138494,30392,908099,False,1201791,1201791,1201791,3400,3400,0,0,,,,
run_2026-07-30T11-00-12_42,graph_size_sensitivity_10,stop_rebuild_restart,insert_stateless_node,10,25,1,2,committed,203201,652369,868860,0,5738,1235097,0,51212,,1337626,1337626,1,0,0,0,0,11,10,AUTO,10854,3760,5585,153,2590,69460,191686,51212,929724,False,1190870,1190870,1190870,44227,44227,0,0,,,,
run_2026-07-30T11-00-12_42,graph_size_sensitivity_10,pause_compile_resume,insert_stateless_node,10,25,1,2,committed,157084,536760,713732,0,6974,1169370,0,18863,,1267660,1267660,1,0,0,0,10,1,0,AUTO,18645,0,0,6974,1914,272730,153754,18863,740240,False,1166724,1166724,1166724,2646,2646,0,0,,,,
run_2026-07-30T11-00-12_42,graph_size_sensitivity_10,prepare_and_commit,insert_stateless_node,10,25,1,2,committed,476498,787163,1812492,242298,15882,2372549,0,0,0,2067018,1997915,2,0,0,0,10,1,0,AUTO,0,0,0,15882,0,0,542905,0,15882,True,2064746,2064746,1814399,558150,558150,181244,69103,,,,
run_2026-07-30T11-00-12_42,graph_size_sensitivity_10,pause_compile_resume,insert_stateless_node,10,26,1,2,committed,209658,641808,865387,0,7509,1116262,0,32621,,1266594,1266594,1,0,0,0,10,1,0,AUTO,12123,0,0,7509,1905,95722,111533,32621,905624,False,1112879,1112879,1112879,3383,3383,0,0,,,,
run_2026-07-30T11-00-12_42,graph_size_sensitivity_10,prepare_and_commit,insert_stateless_node,10,26,1,2,committed,461082,808518,1806071,159189,18578,2279448,0,0,0,2012597,1947609,4,0,0,0,10,1,0,AUTO,0,0,0,18578,0,0,384403,0,18578,True,1831770,1831770,1735146,544302,544302,31636,64988,,,,
run_2026-07-30T11-00-12_42,graph_size_sensitivity_10,stop_rebuild_restart,insert_stateless_node,10,26,1,2,committed,154666,518085,689871,0,6237,1169284,0,53874,,1260878,1260878,1,0,0,0,0,11,10,AUTO,14766,3262,5937,300,3230,263830,120948,53874,754120,False,1138898,1138898,1138898,30386,30386,0,0,,,,
run_2026-07-30T11-00-12_42,graph_size_sensitivity_10,prepare_and_commit,insert_stateless_node,10,27,1,2,committed,466280,772171,1853816,139584,19039,2326228,0,0,0,1922907,1855988,4,0,0,0,10,1,0,AUTO,0,0,0,19039,0,0,402915,0,19039,True,1799989,1799989,1702348,623880,623880,30722,66919,,,,
run_2026-07-30T11-00-12_42,graph_size_sensitivity_10,stop_rebuild_restart,insert_stateless_node,10,27,1,2,committed,197517,663152,878544,0,18496,1104050,0,35658,,1178287,1178287,1,0,0,0,0,11,10,AUTO,14990,3486,5450,13046,2716,24628,105391,35658,936015,False,1066034,1066034,1066034,38016,38016,0,0,,,,
run_2026-07-30T11-00-12_42,graph_size_sensitivity_10,pause_compile_resume,insert_stateless_node,10,27,1,2,committed,143218,600241,756960,0,6653,1056754,0,19907,,1220346,1220346,1,0,0,0,10,1,0,AUTO,12206,0,0,6653,2163,132219,137452,19907,784388,False,1054059,1054059,1054059,2695,2695,0,0,,,,
run_2026-07-30T11-00-12_42,graph_size_sensitivity_10,stop_rebuild_restart,insert_stateless_node,10,28,1,2,committed,150738,572406,735956,0,6507,1206978,0,74590,,1305025,1305025,1,0,0,0,0,11,10,AUTO,10719,3467,6330,177,2695,224633,131169,74590,821122,False,1176924,1176924,1176924,30054,30054,0,0,,,,
run_2026-07-30T11-00-12_42,graph_size_sensitivity_10,pause_compile_resume,insert_stateless_node,10,28,1,2,committed,205830,512893,738209,0,7161,1191674,0,18925,,1240053,1240053,1,0,0,0,10,1,0,AUTO,18114,0,0,7161,2250,248653,175230,18925,765173,False,1189056,1189056,1189056,2618,2618,0,0,,,,
run_2026-07-30T11-00-12_42,graph_size_sensitivity_10,prepare_and_commit,insert_stateless_node,10,28,1,2,committed,452601,828873,1809453,177173,19794,2297501,0,0,0,1575165,503097,5,1,0,0,10,1,0,AUTO,0,0,0,19794,0,0,561245,0,19794,True,2039686,2039686,1768091,529410,529410,196967,74628,,,,
run_2026-07-30T11-00-12_42,graph_size_sensitivity_10,pause_compile_resume,insert_stateless_node,10,29,1,2,committed,234598,588001,889635,0,7018,1265592,0,39919,,1375584,1375584,1,0,0,0,10,1,0,AUTO,65492,0,0,7018,2516,182383,142028,39919,937544,False,1261955,1261955,1261955,3637,3637,0,0,,,,
run_2026-07-30T11-00-12_42,graph_size_sensitivity_10,prepare_and_commit,insert_stateless_node,10,29,1,2,committed,671840,793903,1955487,212538,11313,2433762,0,0,0,1851974,1728926,5,1,0,0,10,1,0,AUTO,0,0,0,11313,0,0,386232,0,11313,True,2075826,2075826,1935508,498254,498254,17270,123048,,,,
run_2026-07-30T11-00-12_42,graph_size_sensitivity_10,stop_rebuild_restart,insert_stateless_node,10,29,1,2,committed,211829,635949,861479,0,5738,1100550,0,37300,,1193392,1193392,1,0,0,0,0,11,10,AUTO,11438,3377,5615,123,2141,56951,95899,37300,907772,False,1060622,1060622,1060622,39928,39928,0,0,,,,
run_2026-07-30T11-00-12_42,graph_size_sensitivity_10,prepare_and_commit,insert_stateless_node,10,30,1,2,committed,448818,753862,1758768,148672,17074,2283036,0,0,0,1986039,1914464,2,0,0,0,10,1,0,AUTO,0,0,0,17074,0,0,450371,0,17074,True,1818797,1818797,1718601,564435,564435,28621,71575,,,,
run_2026-07-30T11-00-12_42,graph_size_sensitivity_10,stop_rebuild_restart,insert_stateless_node,10,30,1,2,committed,279745,593917,896913,0,7919,1378148,0,85653,,1430733,1430733,1,0,0,0,0,11,10,AUTO,19686,3749,7704,215,3324,181656,159260,85653,993993,False,1334909,1334909,1334909,43239,43239,0,0,,,,
run_2026-07-30T11-00-12_42,graph_size_sensitivity_10,pause_compile_resume,insert_stateless_node,10,30,1,2,committed,237183,561462,811382,0,8613,1135896,0,27604,,1254666,1254666,1,0,0,0,10,1,0,AUTO,11219,0,0,8613,2088,129257,155257,27604,848169,False,1132683,1132683,1132683,3213,3213,0,0,,,,
run_2026-07-30T11-00-12_42,graph_size_sensitivity_25,stop_rebuild_restart,insert_stateless_node,25,1,1,2,committed,354111,1174915,1550857,0,4681,1902794,0,75652,,1955052,1955052,1,0,0,0,0,26,25,AUTO,18945,3835,4472,209,1971,59608,150516,75652,1634110,False,1844234,1844234,1844234,58560,58560,0,0,,,,
run_2026-07-30T11-00-12_42,graph_size_sensitivity_25,pause_compile_resume,insert_stateless_node,25,1,1,2,committed,425003,1312697,1758898,0,13298,2025968,0,30295,,2062853,2062853,1,0,0,0,25,1,0,AUTO,19111,0,0,13298,1944,67935,152226,30295,1802348,False,2022509,2022509,2022509,3459,3459,0,0,,,,
run_2026-07-30T11-00-12_42,graph_size_sensitivity_25,prepare_and_commit,insert_stateless_node,25,1,1,2,committed,555992,1386464,2794054,143074,18997,3314745,0,0,0,2798264,2709948,3,0,0,0,25,1,0,AUTO,0,0,0,18997,0,0,468332,0,18997,True,2572859,2572859,2453844,860901,860901,30699,88316,,,,
run_2026-07-30T11-00-12_42,graph_size_sensitivity_25,pause_compile_resume,insert_stateless_node,25,2,1,2,committed,283152,1279711,1582735,0,8650,1853372,0,45463,,1893250,1893250,1,0,0,0,25,1,0,AUTO,18157,0,0,8650,2118,58344,154410,45463,1637251,False,1850005,1850005,1850005,3367,3367,0,0,,,,
run_2026-07-30T11-00-12_42,graph_size_sensitivity_25,prepare_and_commit,insert_stateless_node,25,2,1,2,committed,668703,2013681,3578417,183699,19564,4147581,0,0,0,932183,741602,7,4,0,0,25,1,0,AUTO,0,0,0,19564,0,0,461151,0,19564,True,3346798,3346798,3243201,904380,904380,29870,73727,,,,
run_2026-07-30T11-00-12_42,graph_size_sensitivity_25,stop_rebuild_restart,insert_stateless_node,25,2,1,2,committed,340651,1248055,1606261,0,5939,2074286,0,85223,,2001222,2001222,2,0,0,0,0,26,25,AUTO,14976,3743,5754,185,2850,171944,149364,85223,1701437,False,2022745,2022745,2022745,51541,51541,0,0,,,,
run_2026-07-30T11-00-12_42,graph_size_sensitivity_25,prepare_and_commit,insert_stateless_node,25,3,1,2,committed,587801,1971060,3485680,203467,32318,4197459,0,0,0,1443733,978669,7,3,0,0,25,1,0,AUTO,0,0,0,32318,0,0,715551,0,32318,True,3510197,3510197,3261556,935903,935903,146798,101843,,,,
run_2026-07-30T11-00-12_42,graph_size_sensitivity_25,stop_rebuild_restart,insert_stateless_node,25,3,1,2,committed,452354,1269749,1739420,0,5457,2208851,0,86867,,2203825,2203825,2,0,0,0,0,26,25,AUTO,14807,4576,5329,128,2558,87135,216564,86867,1836368,False,2140067,2140067,2140067,68784,68784,0,0,,,,
run_2026-07-30T11-00-12_42,graph_size_sensitivity_25,pause_compile_resume,insert_stateless_node,25,3,1,2,committed,279335,1184309,1484970,0,6840,1696524,0,50395,,1742867,1742867,1,0,0,0,25,1,0,AUTO,19394,0,0,6840,2542,20876,129452,50395,1542815,False,1693143,1693143,1693143,3381,3381,0,0,,,,
run_2026-07-30T11-00-12_42,graph_size_sensitivity_25,stop_rebuild_restart,insert_stateless_node,25,4,1,2,committed,370941,1165720,1564674,0,6839,2051639,0,113187,,2145541,2145541,1,0,0,0,0,26,25,AUTO,24585,3596,6633,206,2494,140068,177260,113187,1687362,False,2004690,2004690,2004690,46949,46949,0,0,,,,
run_2026-07-30T11-00-12_42,graph_size_sensitivity_25,pause_compile_resume,insert_stateless_node,25,4,1,2,committed,371022,1277752,1665045,0,8013,1942675,0,37903,,1923605,1923605,2,0,0,0,25,1,0,AUTO,14053,0,0,8013,1912,78217,149811,37903,1710655,False,1938683,1938683,1938683,3992,3992,0,0,,,,
run_2026-07-30T11-00-12_42,graph_size_sensitivity_25,prepare_and_commit,insert_stateless_node,25,4,1,2,committed,703506,1528479,3133111,196797,14030,3732644,0,0,0,2623614,413107,6,1,0,0,25,1,0,AUTO,0,0,0,14030,0,0,469408,0,14030,True,2912220,2912220,2823129,909515,909515,20018,69073,,,,
run_2026-07-30T11-00-12_42,graph_size_sensitivity_25,pause_compile_resume,insert_stateless_node,25,5,1,2,committed,316761,1343170,1675500,0,13088,1997360,0,35538,,1976128,1976128,2,0,0,0,25,1,0,AUTO,14159,0,0,13088,1967,78906,190916,35538,1724683,False,1994505,1994505,1994505,2855,2855,0,0,,,,
run_2026-07-30T11-00-12_42,graph_size_sensitivity_25,prepare_and_commit,insert_stateless_node,25,5,1,2,committed,773971,1923032,3461898,256424,15523,4097977,0,0,0,950011,748904,8,5,0,0,25,1,0,AUTO,0,0,0,15523,0,0,470320,0,15523,True,3439270,3439270,3323514,774463,774463,23263,92493,,,,
run_2026-07-30T11-00-12_42,graph_size_sensitivity_25,stop_rebuild_restart,insert_stateless_node,25,5,1,2,committed,291253,1122391,1434828,0,4853,1886755,0,107832,,1937771,1937771,1,0,0,0,0,26,25,AUTO,18448,4802,4719,134,2170,91718,183823,107832,1551749,False,1827290,1827290,1827290,59465,59465,0,0,,,,
run_2026-07-30T11-00-12_42,graph_size_sensitivity_25,prepare_and_commit,insert_stateless_node,25,6,1,2,committed,648992,1822278,3157289,252750,16615,3851329,0,0,0,1500086,942473,6,4,0,0,25,1,0,AUTO,0,0,0,16615,0,0,679434,0,16615,True,3420069,3420069,3156783,694546,694546,192471,70815,,,,
run_2026-07-30T11-00-12_42,graph_size_sensitivity_25,stop_rebuild_restart,insert_stateless_node,25,6,1,2,committed,395546,1188415,1602903,0,7441,2089063,0,98373,,2156171,2156171,1,0,0,0,0,26,25,AUTO,15604,3546,7111,330,2961,179345,146752,98373,1711886,False,2037983,2037983,2037983,51080,51080,0,0,,,,
run_2026-07-30T11-00-12_42,graph_size_sensitivity_25,pause_compile_resume,insert_stateless_node,25,6,1,2,committed,401698,1189569,1611250,0,9470,2040495,0,45673,,2094231,2094231,1,0,0,0,25,1,0,AUTO,18475,0,0,9470,4288,141994,226098,45673,1669173,False,2037265,2037265,2037265,3230,3230,0,0,,,,
run_2026-07-30T11-00-12_42,graph_size_sensitivity_25,stop_rebuild_restart,insert_stateless_node,25,7,1,2,committed,348767,1227606,1596220,0,6829,2061048,0,102197,,2120283,2120283,1,0,0,0,0,26,25,AUTO,17026,3251,6632,197,2986,168269,145369,102197,1708662,False,2022300,2022300,2022300,38748,38748,0,0,,,,
run_2026-07-30T11-00-12_42,graph_size_sensitivity_25,pause_compile_resume,insert_stateless_node,25,7,1,2,committed,348074,1234867,1670678,0,6568,1924649,0,30731,,2072041,2072041,1,0,0,0,25,1,0,AUTO,86055,0,0,6568,2012,55227,158110,30731,1708307,False,1921644,1921644,1921644,3005,3005,0,0,,,,
run_2026-07-30T11-00-12_42,graph_size_sensitivity_25,prepare_and_commit,insert_stateless_node,25,7,1,2,committed,613636,1866583,3386715,181104,19351,3952960,0,0,0,1265717,733477,8,4,0,0,25,1,0,AUTO,0,0,0,19351,0,0,452648,0,19351,True,3133322,3133322,3037641,915319,915319,29785,65896,,,,
run_2026-07-30T11-00-12_42,graph_size_sensitivity_25,pause_compile_resume,insert_stateless_node,25,8,1,2,committed,365653,1259478,1640561,0,6552,1884523,0,30785,,1789289,1789289,2,0,0,0,25,1,0,AUTO,14067,0,0,6552,1945,46425,156691,30785,1678480,False,1881596,1881596,1881596,2927,2927,0,0,,,,
run_2026-07-30T11-00-12_42,graph_size_sensitivity_25,prepare_and_commit,insert_stateless_node,25,8,1,2,committed,690217,2000823,3561113,216239,16659,4107373,0,0,0,831440,700893,9,5,0,0,25,1,0,AUTO,0,0,0,16659,0,0,396393,0,16659,True,3320331,3320331,3228893,878480,878480,27580,63858,,,,
run_2026-07-30T11-00-12_42,graph_size_sensitivity_25,stop_rebuild_restart,insert_stateless_node,25,8,1,2,committed,362715,1206344,1584481,0,6259,2077065,0,114197,,1989292,1989292,2,0,0,0,0,26,25,AUTO,13205,5421,6127,132,2060,107815,173337,114197,1710201,False,1991353,1991353,1991353,85712,85712,0,0,,,,
run_2026-07-30T11-00-12_42,graph_size_sensitivity_25,prepare_and_commit,insert_stateless_node,25,9,1,2,committed,786893,1903200,3447821,295104,15736,4134751,0,0,0,1188923,773929,7,5,0,0,25,1,0,AUTO,0,0,0,15736,0,0,472448,0,15736,True,3473381,3473381,3367931,766820,766820,23226,82224,,,,
run_2026-07-30T11-00-12_42,graph_size_sensitivity_25,stop_rebuild_restart,insert_stateless_node,25,9,1,2,committed,274603,1186089,1544265,0,4608,1910744,0,68585,,1919676,1919676,1,0,0,0,0,26,25,AUTO,80772,5601,4470,138,1999,51708,182095,68585,1622257,False,1856060,1856060,1856060,54684,54684,0,0,,,,
run_2026-07-30T11-00-12_42,graph_size_sensitivity_25,pause_compile_resume,insert_stateless_node,25,9,1,2,committed,419880,1201053,1687386,0,9620,2034174,0,45055,,2145018,2145018,1,0,0,0,25,1,0,AUTO,65084,0,0,9620,6732,102965,180820,45055,1747424,False,2031209,2031209,2031209,2965,2965,0,0,,,,
run_2026-07-30T11-00-12_42,graph_size_sensitivity_25,stop_rebuild_restart,insert_stateless_node,25,10,1,2,committed,368495,1200881,1582957,0,6173,2070224,0,99346,,2166782,2166782,1,0,0,0,0,26,25,AUTO,11458,3207,5981,192,2708,154168,169686,99346,1692268,False,2016122,2016122,2016122,54102,54102,0,0,,,,
run_2026-07-30T11-00-12_42,graph_size_sensitivity_25,pause_compile_resume,insert_stateless_node,25,10,1,2,committed,384874,1240189,1643481,0,8917,1993005,0,42967,,2053512,2053512,1,0,0,0,25,1,0,AUTO,16425,0,0,8917,2349,108944,184882,42967,1695721,False,1989547,1989547,1989547,3458,3458,0,0,,,,
run_2026-07-30T11-00-12_42,graph_size_sensitivity_25,prepare_and_commit,insert_stateless_node,25,10,1,2,committed,663674,1803029,3360436,245043,15890,3943165,0,0,0,995088,698738,8,4,0,0,25,1,0,AUTO,0,0,0,15890,0,0,404595,0,15890,True,3132231,3132231,3040279,902886,902886,25335,66617,,,,
run_2026-07-30T11-00-12_42,graph_size_sensitivity_25,pause_compile_resume,insert_stateless_node,25,11,1,2,committed,281472,973711,1274187,0,6869,1466938,0,32540,,1701723,1701723,1,0,0,0,25,1,0,AUTO,17505,0,0,6869,2219,19819,129973,32540,1314316,False,1464108,1464108,1464108,2830,2830,0,0,,,,
run_2026-07-30T11-00-12_42,graph_size_sensitivity_25,prepare_and_commit,insert_stateless_node,25,11,1,2,committed,628778,1452438,2960893,135411,17647,3517720,0,0,0,2984497,2918168,4,0,0,0,25,1,0,AUTO,0,0,0,17647,0,0,491735,0,17647,True,2726009,2726009,2628927,888793,888793,30753,66329,,,,
run_2026-07-30T11-00-12_42,graph_size_sensitivity_25,stop_rebuild_restart,insert_stateless_node,25,11,1,2,committed,343230,1210820,1570120,0,6762,2057140,0,117784,,1997404,1997404,2,0,0,0,0,26,25,AUTO,13576,3606,6558,204,2830,143650,165705,117784,1698608,False,2007963,2007963,2007963,49177,49177,0,0,,,,
run_2026-07-30T11-00-12_42,graph_size_sensitivity_25,prepare_and_commit,insert_stateless_node,25,12,1,2,committed,525193,1858687,3248872,371824,12715,3965545,0,0,0,845846,739859,8,4,0,0,25,1,0,AUTO,0,0,0,12715,0,0,415578,0,12715,True,3183997,3183997,3092199,873346,873346,19792,72006,,,,
run_2026-07-30T11-00-12_42,graph_size_sensitivity_25,stop_rebuild_restart,insert_stateless_node,25,12,1,2,committed,320514,1150817,1492356,0,7562,1869077,0,105145,,1924916,1924916,1,0,0,0,0,26,25,AUTO,17763,5404,7282,280,2808,9317,187453,105145,1610013,False,1806783,1806783,1806783,62294,62294,0,0,,,,
run_2026-07-30T11-00-12_42,graph_size_sensitivity_25,pause_compile_resume,insert_stateless_node,25,12,1,2,committed,315302,1214041,1552287,0,8475,1908218,0,42816,,2006979,2006979,1,0,0,0,25,1,0,AUTO,20770,0,0,8475,2040,119728,181488,42816,1603444,False,1904660,1904660,1904660,3558,3558,0,0,,,,
run_2026-07-30T11-00-12_42,graph_size_sensitivity_25,stop_rebuild_restart,insert_stateless_node,25,13,1,2,committed,371599,1362977,1748901,0,6064,2205083,0,89180,,2061083,2061083,2,0,0,0,0,26,25,AUTO,12023,11804,5794,270,2279,55580,191734,89180,1855926,False,2103240,2103240,2103240,101843,101843,0,0,,,,
run_2026-07-30T11-00-12_42,graph_size_sensitivity_25,pause_compile_resume,insert_stateless_node,25,13,1,2,committed,355430,1283843,1653765,0,9477,2007742,0,47350,,1924175,1924175,2,0,0,0,25,1,0,AUTO,13215,0,0,9477,2221,116950,176490,47350,1711536,False,2004976,2004976,2004976,2766,2766,0,0,,,,
run_2026-07-30T11-00-12_42,graph_size_sensitivity_25,prepare_and_commit,insert_stateless_node,25,13,1,2,committed,618213,1856766,3271599,161719,19374,3887333,0,0,0,1408402,876689,8,4,0,0,25,1,0,AUTO,0,0,0,19374,0,0,635326,0,19374,True,3291398,3291398,3081713,805620,805620,110720,98965,,,,
run_2026-07-30T11-00-12_42,graph_size_sensitivity_25,pause_compile_resume,insert_stateless_node,25,14,1,2,committed,263299,1138825,1420862,0,6543,1797806,0,30270,,1860777,1860777,1,0,0,0,25,1,0,AUTO,17004,0,0,6543,2218,114332,222209,30270,1458159,False,1794700,1794700,1794700,3106,3106,0,0,,,,
run_2026-07-30T11-00-12_42,graph_size_sensitivity_25,prepare_and_commit,insert_stateless_node,25,14,1,2,committed,798428,1903651,3574420,585388,17549,4497021,0,0,0,766666,702614,11,5,0,0,25,1,0,AUTO,0,0,0,17549,0,0,399354,0,17549,True,3704370,3704370,3615237,881784,881784,25081,64052,,,,
run_2026-07-30T11-00-12_42,graph_size_sensitivity_25,stop_rebuild_restart,insert_stateless_node,25,14,1,2,committed,402514,1523847,1947395,0,5780,2482622,0,114754,,2358781,2358781,2,0,0,0,0,26,25,AUTO,18099,5843,5596,184,4211,137752,201727,114754,2075048,False,2414527,2414527,2414527,68095,68095,0,0,,,,
run_2026-07-30T11-00-12_42,graph_size_sensitivity_25,prepare_and_commit,insert_stateless_node,25,15,1,2,committed,897183,2426430,4239244,329703,12747,4940573,0,0,0,1011489,751947,10,6,0,0,25,1,0,AUTO,0,0,0,12747,0,0,453120,0,12747,True,4119183,4119183,4015463,925110,925110,26916,76804,,,,
run_2026-07-30T11-00-12_42,graph_size_sensitivity_25,stop_rebuild_restart,insert_stateless_node,25,15,1,2,committed,373915,1182264,1573279,0,4912,1937496,0,83578,,1834336,1834336,2,0,0,0,0,26,25,AUTO,14492,4402,4779,133,2108,56731,155859,83578,1665671,False,1878261,1878261,1878261,59235,59235,0,0,,,,
run_2026-07-30T11-00-12_42,graph_size_sensitivity_25,pause_compile_resume,insert_stateless_node,25,15,1,2,committed,385683,1235834,1640197,0,7283,1971740,0,30699,,1989589,1989589,1,0,0,0,25,1,0,AUTO,17195,0,0,7283,2210,103385,186540,30699,1678904,False,1968829,1968829,1968829,2911,2911,0,0,,,,
run_2026-07-30T11-00-12_42,graph_size_sensitivity_25,stop_rebuild_restart,insert_stateless_node,25,16,1,2,committed,388973,1256729,1662068,0,4970,2073472,0,95450,,1934822,1934822,2,0,0,0,0,26,25,AUTO,14097,4927,4840,130,2012,74439,160393,95450,1767158,False,2001990,2001990,2001990,71482,71482,0,0,,,,
run_2026-07-30T11-00-12_42,graph_size_sensitivity_25,pause_compile_resume,insert_stateless_node,25,16,1,2,committed,326938,1296887,1639600,0,7880,2005249,0,44378,,2040531,2040531,1,0,0,0,25,1,0,AUTO,14042,0,0,7880,1998,102645,207221,44378,1692123,False,2001989,2001989,2001989,3260,3260,0,0,,,,
run_2026-07-30T11-00-12_42,graph_size_sensitivity_25,prepare_and_commit,insert_stateless_node,25,16,1,2,committed,768756,1516775,3311128,179290,42717,4000965,0,0,0,2571155,2467493,8,2,0,0,25,1,0,AUTO,0,0,0,42717,0,0,619299,0,42717,True,3126837,3126837,2965495,1035470,1035470,57680,103662,,,,
run_2026-07-30T11-00-12_42,graph_size_sensitivity_25,pause_compile_resume,insert_stateless_node,25,17,1,2,committed,326007,1097115,1444314,0,22695,1878554,0,47802,,1940496,1940496,1,0,0,0,25,1,0,AUTO,19865,0,0,22695,2537,175071,184582,47802,1516021,False,1875674,1875674,1875674,2880,2880,0,0,,,,
run_2026-07-30T11-00-12_42,graph_size_sensitivity_25,prepare_and_commit,insert_stateless_node,25,17,1,2,committed,585267,1843231,3375692,132562,16451,3955934,0,0,0,1373412,815882,9,4,0,0,25,1,0,AUTO,0,0,0,16451,0,0,522713,0,16451,True,3100224,3100224,3000521,955413,955413,26683,73020,,,,
run_2026-07-30T11-00-12_42,graph_size_sensitivity_25,stop_rebuild_restart,insert_stateless_node,25,17,1,2,committed,407685,1149463,1574301,0,19102,1904226,0,69001,,1817344,1817344,2,0,0,0,0,26,25,AUTO,14396,6019,18847,255,3038,22100,155534,69001,1668704,False,1846338,1846338,1846338,57888,57888,0,0,,,,
run_2026-07-30T11-00-12_42,graph_size_sensitivity_25,prepare_and_commit,insert_stateless_node,25,18,1,2,committed,604650,1848091,3383411,178055,12824,3830730,0,0,0,1228048,657401,8,4,0,0,25,1,0,AUTO,0,0,0,12824,0,0,311436,0,12824,True,2955056,2955056,2890994,939736,939736,21361,42701,,,,
run_2026-07-30T11-00-12_42,graph_size_sensitivity_25,stop_rebuild_restart,insert_stateless_node,25,18,1,2,committed,425813,1147419,1589811,0,5039,2001034,0,89703,,1977810,1977810,2,0,0,0,0,26,25,AUTO,14055,4465,4914,125,2260,85215,161185,89703,1688754,False,1935154,1935154,1935154,65880,65880,0,0,,,,
run_2026-07-30T11-00-12_42,graph_size_sensitivity_25,pause_compile_resume,insert_stateless_node,25,18,1,2,committed,281038,989258,1291127,0,7362,1850565,0,30325,,1907954,1907954,1,0,0,0,25,1,0,AUTO,18798,0,0,7362,1833,327012,191651,30325,1328614,False,1847277,1847277,1847277,3288,3288,0,0,,,,
run_2026-07-30T11-00-12_42,graph_size_sensitivity_25,stop_rebuild_restart,insert_stateless_node,25,19,1,2,committed,299768,1146031,1466057,0,7167,2000190,0,127661,,2023841,2023841,1,0,0,0,0,26,25,AUTO,16480,3970,6953,214,2503,157957,166749,127661,1603580,False,1928286,1928286,1928286,71904,71904,0,0,,,,
run_2026-07-30T11-00-12_42,graph_size_sensitivity_25,pause_compile_resume,insert_stateless_node,25,19,1,2,committed,258814,1120167,1395904,0,12594,1721738,0,32700,,1787935,1787935,1,0,0,0,25,1,0,AUTO,15151,0,0,12594,2096,85888,191065,32700,1441522,False,1718475,1718475,1718475,3263,3263,0,0,,,,
run_2026-07-30T11-00-12_42,graph_size_sensitivity_25,prepare_and_commit,insert_stateless_node,25,19,1,2,committed,568069,1937821,3220512,565906,18421,4127380,0,0,0,1345092,688334,8,5,0,0,25,1,0,AUTO,0,0,0,18421,0,0,408377,0,18421,True,3498594,3498594,3403905,723475,723475,26826,67863,,,,
run_2026-07-30T11-00-12_42,graph_size_sensitivity_25,pause_compile_resume,insert_stateless_node,25,20,1,2,committed,462739,1271686,1753053,0,7945,2077012,0,38092,,2110970,2110970,1,0,0,0,25,1,0,AUTO,16372,0,0,7945,1850,90228,184332,38092,1798684,False,2073244,2073244,2073244,3768,3768,0,0,,,,
run_2026-07-30T11-00-12_42,graph_size_sensitivity_25,prepare_and_commit,insert_stateless_node,25,20,1,2,committed,757224,1866325,3397658,348238,13898,4108096,0,0,0,963516,763166,8,5,0,0,25,1,0,AUTO,0,0,0,13898,0,0,431694,0,13898,True,3417379,3417379,3324332,783764,783764,22248,70799,,,,
run_2026-07-30T11-00-12_42,graph_size_sensitivity_25,stop_rebuild_restart,insert_stateless_node,25,20,1,2,committed,335080,1179448,1530574,0,6537,2031571,0,113844,,1952568,1952568,2,0,0,0,0,26,25,AUTO,13757,4365,6338,199,2566,142430,174426,113844,1655597,False,1972453,1972453,1972453,59118,59118,0,0,,,,
run_2026-07-30T11-00-12_42,graph_size_sensitivity_25,prepare_and_commit,insert_stateless_node,25,21,1,2,committed,633310,1279871,2833171,152678,19334,3434786,0,0,0,2208982,2134839,7,1,0,0,25,1,0,AUTO,0,0,0,19334,0,0,527525,0,19334,True,2612718,2612718,2506739,928047,928047,31836,74143,,,,
run_2026-07-30T11-00-12_42,graph_size_sensitivity_25,stop_rebuild_restart,insert_stateless_node,25,21,1,2,committed,354573,1161149,1531752,0,4965,1944466,0,87355,,1829229,1829229,2,0,0,0,0,26,25,AUTO,13365,4557,4830,135,2386,65106,189646,87355,1628350,False,1883102,1883102,1883102,61364,61364,0,0,,,,
run_2026-07-30T11-00-12_42,graph_size_sensitivity_25,pause_compile_resume,insert_stateless_node,25,21,1,2,committed,410198,1232785,1665628,0,6852,2101593,0,45265,,2109990,2109990,1,0,0,0,25,1,0,AUTO,21164,0,0,6852,2681,185041,194496,45265,1718945,False,2098482,2098482,2098482,3111,3111,0,0,,,,
run_2026-07-30T11-00-12_42,graph_size_sensitivity_25,stop_rebuild_restart,insert_stateless_node,25,22,1,2,committed,313043,1122723,1457767,0,6465,1933178,0,105486,,1985071,1985071,1,0,0,0,0,26,25,AUTO,18414,3210,6276,189,2413,135304,185927,105486,1571754,False,1892985,1892985,1892985,40193,40193,0,0,,,,
run_2026-07-30T11-00-12_42,graph_size_sensitivity_25,pause_compile_resume,insert_stateless_node,25,22,1,2,committed,266152,958635,1240215,0,6597,1569083,0,29764,,1639645,1639645,1,0,0,0,25,1,0,AUTO,13904,0,0,6597,1893,122483,166728,29764,1276945,False,1566156,1566156,1566156,2927,2927,0,0,,,,
run_2026-07-30T11-00-12_42,graph_size_sensitivity_25,prepare_and_commit,insert_stateless_node,25,22,1,2,committed,742729,1901499,3397114,368038,13001,4106344,0,0,0,1123413,721275,8,5,0,0,25,1,0,AUTO,0,0,0,13001,0,0,408180,0,13001,True,3433447,3433447,3344543,761801,761801,20176,68728,,,,
run_2026-07-30T11-00-12_42,graph_size_sensitivity_25,pause_compile_resume,insert_stateless_node,25,23,1,2,committed,348133,1209650,1573479,0,8365,1920078,0,44875,,1839802,1839802,2,0,0,0,25,1,0,AUTO,13983,0,0,8365,1799,100794,189118,44875,1626805,False,1916717,1916717,1916717,3361,3361,0,0,,,,
run_2026-07-30T11-00-12_42,graph_size_sensitivity_25,prepare_and_commit,insert_stateless_node,25,23,1,2,committed,674599,1898520,3409277,289768,12989,4094076,0,0,0,1702468,762005,8,4,0,0,25,1,0,AUTO,0,0,0,12989,0,0,461632,0,12989,True,3337508,3337508,3247956,846120,846120,20300,69252,,,,
run_2026-07-30T11-00-12_42,graph_size_sensitivity_25,stop_rebuild_restart,insert_stateless_node,25,23,1,2,committed,360497,1295682,1672639,0,5495,2078201,0,89112,,1970004,1970004,2,0,0,0,0,26,25,AUTO,13992,4648,5358,137,2434,84164,158084,89112,1771860,False,2014108,2014108,2014108,64093,64093,0,0,,,,
run_2026-07-30T11-00-12_42,graph_size_sensitivity_25,prepare_and_commit,insert_stateless_node,25,24,1,2,committed,783578,1707493,3302835,189880,18118,3912511,0,0,0,1005113,889689,7,4,0,0,25,1,0,AUTO,0,0,0,18118,0,0,629035,0,18118,True,3328104,3328104,3092255,820256,820256,120425,115424,,,,
run_2026-07-30T11-00-12_42,graph_size_sensitivity_25,stop_rebuild_restart,insert_stateless_node,25,24,1,2,committed,271380,1207999,1500455,0,6137,1994887,0,116545,,2058585,2058585,1,0,0,0,0,26,25,AUTO,18469,4468,5949,188,2965,129512,173585,116545,1627963,False,1931060,1931060,1931060,63827,63827,0,0,,,,
run_2026-07-30T11-00-12_42,graph_size_sensitivity_25,pause_compile_resume,insert_stateless_node,25,24,1,2,committed,377517,1211566,1604967,0,6405,1864401,0,30008,,1762291,1762291,2,0,0,0,25,1,0,AUTO,14368,0,0,6405,2049,59393,160244,30008,1641913,False,1861550,1861550,1861550,2851,2851,0,0,,,,
run_2026-07-30T11-00-12_42,graph_size_sensitivity_25,stop_rebuild_restart,insert_stateless_node,25,25,1,2,committed,309828,1158112,1487435,0,5144,1991123,0,87902,,2125329,2125329,1,0,0,0,0,26,25,AUTO,16925,4752,5015,129,2538,147206,192835,87902,1585201,False,1925242,1925242,1925242,65881,65881,0,0,,,,
run_2026-07-30T11-00-12_42,graph_size_sensitivity_25,pause_compile_resume,insert_stateless_node,25,25,1,2,committed,307083,1310991,1639226,0,7221,1893851,0,31303,,1926133,1926133,1,0,0,0,25,1,0,AUTO,19096,0,0,7221,2694,12619,170773,31303,1678388,False,1861780,1861780,1861780,32071,32071,0,0,,,,
run_2026-07-30T11-00-12_42,graph_size_sensitivity_25,prepare_and_commit,insert_stateless_node,25,25,1,2,committed,738390,2041788,3660946,190860,12611,4175310,0,0,0,895284,743979,9,5,0,0,25,1,0,AUTO,0,0,0,12611,0,0,473805,0,12611,True,3457454,3457454,3286263,889047,889047,19886,151305,,,,
run_2026-07-30T11-00-12_42,graph_size_sensitivity_25,pause_compile_resume,insert_stateless_node,25,26,1,2,committed,449711,1317714,1790212,0,6813,2177125,0,58019,,2214361,2214361,1,0,0,0,25,1,0,AUTO,20742,0,0,6813,2308,154947,163109,58019,1855307,False,2173363,2173363,2173363,3762,3762,0,0,,,,
run_2026-07-30T11-00-12_42,graph_size_sensitivity_25,prepare_and_commit,insert_stateless_node,25,26,1,2,committed,626946,1402255,2805478,141738,21231,3402609,0,0,0,3071004,3002943,2,0,0,0,25,1,0,AUTO,0,0,0,21231,0,0,527383,0,21231,True,2719553,2719553,2617893,784716,784716,33599,68061,,,,
run_2026-07-30T11-00-12_42,graph_size_sensitivity_25,stop_rebuild_restart,insert_stateless_node,25,26,1,2,committed,310237,1115233,1448334,0,6694,1902458,0,109835,,1945087,1945087,1,0,0,0,0,26,25,AUTO,19069,3985,6509,185,2578,120463,174291,109835,1567631,False,1862385,1862385,1862385,40073,40073,0,0,,,,
run_2026-07-30T11-00-12_42,graph_size_sensitivity_25,prepare_and_commit,insert_stateless_node,25,27,1,2,committed,770249,1926545,3542758,455299,13732,4374286,0,0,0,914539,749534,8,5,0,0,25,1,0,AUTO,0,0,0,13732,0,0,449449,0,13732,True,3615274,3615274,3520128,854158,854158,21201,73945,,,,
run_2026-07-30T11-00-12_42,graph_size_sensitivity_25,stop_rebuild_restart,insert_stateless_node,25,27,1,2,committed,395944,1154371,1566696,0,5700,2061201,0,114323,,1966410,1966410,2,0,0,0,0,26,25,AUTO,13664,4346,5523,177,2458,136195,178018,114323,1690806,False,2005019,2005019,2005019,56182,56182,0,0,,,,
run_2026-07-30T11-00-12_42,graph_size_sensitivity_25,pause_compile_resume,insert_stateless_node,25,27,1,2,committed,321512,1079932,1418259,0,8657,1786156,0,44803,,1856252,1856252,1,0,0,0,25,1,0,AUTO,15126,0,0,8657,2457,123513,186719,44803,1472487,False,1782719,1782719,1782719,3437,3437,0,0,,,,
run_2026-07-30T11-00-12_42,graph_size_sensitivity_25,stop_rebuild_restart,insert_stateless_node,25,28,1,2,committed,359299,1215522,1589120,0,6664,1961835,0,100324,,1815786,1815786,2,0,0,0,0,26,25,AUTO,11840,3526,6482,182,2498,9590,202633,100324,1699673,False,1911896,1911896,1911896,49939,49939,0,0,,,,
run_2026-07-30T11-00-12_42,graph_size_sensitivity_25,pause_compile_resume,insert_stateless_node,25,28,1,2,committed,343394,1225866,1584016,0,7872,1899364,0,41469,,1849291,1849291,2,0,0,0,25,1,0,AUTO,13459,0,0,7872,2121,94892,167400,41469,1634181,False,1896473,1896473,1896473,2891,2891,0,0,,,,
run_2026-07-30T11-00-12_42,graph_size_sensitivity_25,prepare_and_commit,insert_stateless_node,25,28,1,2,committed,703957,1904273,3459269,514559,13710,4396949,0,0,0,779694,712478,10,5,0,0,25,1,0,AUTO,0,0,0,13710,0,0,489043,0,13710,True,3625542,3625542,3537155,859794,859794,21171,67216,,,,
run_2026-07-30T11-00-12_42,graph_size_sensitivity_25,pause_compile_resume,insert_stateless_node,25,29,1,2,committed,327014,1253575,1596611,0,8803,1981040,0,45867,,1925446,1925446,2,0,0,0,25,1,0,AUTO,14661,0,0,8803,2227,133554,192174,45867,1652147,False,1977875,1977875,1977875,3165,3165,0,0,,,,
run_2026-07-30T11-00-12_42,graph_size_sensitivity_25,prepare_and_commit,insert_stateless_node,25,29,1,2,committed,631646,2036945,3456984,543646,11365,4377705,0,0,0,1597450,725363,7,5,0,0,25,1,0,AUTO,0,0,0,11365,0,0,451622,0,11365,True,3675224,3675224,3580822,796883,796883,23672,70730,,,,
run_2026-07-30T11-00-12_42,graph_size_sensitivity_25,stop_rebuild_restart,insert_stateless_node,25,29,1,2,committed,327889,1285619,1627060,0,32439,2041144,0,88521,,2205557,2205557,1,0,0,0,0,26,25,AUTO,11452,4406,32180,259,3202,15071,205471,88521,1753528,False,1974070,1974070,1974070,67074,67074,0,0,,,,
run_2026-07-30T11-00-12_42,graph_size_sensitivity_25,prepare_and_commit,insert_stateless_node,25,30,1,2,committed,601515,1977836,3275856,201224,20722,4001668,0,0,0,1986242,899220,6,4,0,0,25,1,0,AUTO,0,0,0,20722,0,0,693324,0,20722,True,3494621,3494621,3296702,704966,704966,111782,86137,,,,
run_2026-07-30T11-00-12_42,graph_size_sensitivity_25,stop_rebuild_restart,insert_stateless_node,25,30,1,2,committed,346135,1137088,1499863,0,5021,1938838,0,94219,,1854577,1854577,2,0,0,0,0,26,25,AUTO,14250,4843,4895,126,2176,79229,182756,94219,1603732,False,1865717,1865717,1865717,73121,73121,0,0,,,,
run_2026-07-30T11-00-12_42,graph_size_sensitivity_25,pause_compile_resume,insert_stateless_node,25,30,1,2,committed,265399,961698,1242085,0,9364,1748757,0,45991,,1829242,1829242,1,0,0,0,25,1,0,AUTO,13636,0,0,9364,2048,254944,192540,45991,1298136,False,1745620,1745620,1745620,3137,3137,0,0,,,,
run_2026-07-30T11-00-12_42,graph_size_sensitivity_50,stop_rebuild_restart,insert_stateless_node,50,1,1,2,committed,715122,2673850,3410927,0,7238,4274363,0,184251,,4079313,4079313,2,0,0,0,0,51,50,AUTO,19274,4483,6925,313,3058,154134,410653,184251,3607276,False,4172063,4172063,4172063,102300,102300,0,0,,,,
run_2026-07-30T11-00-12_42,graph_size_sensitivity_50,pause_compile_resume,insert_stateless_node,50,1,1,2,committed,721117,2859393,3600052,0,8812,4063115,0,76528,,3947226,3947226,2,0,0,0,50,1,0,AUTO,17978,0,0,8812,2030,55585,318445,76528,3685858,False,4059888,4059888,4059888,3227,3227,0,0,,,,
run_2026-07-30T11-00-12_42,graph_size_sensitivity_50,prepare_and_commit,insert_stateless_node,50,1,1,2,committed,1165016,3699031,6556651,457489,14517,7464504,0,0,0,1814246,627298,13,7,0,0,50,1,0,AUTO,0,0,0,14517,0,0,514426,0,14517,True,5850479,5850479,5763151,1701353,1701353,21895,65433,,,,
run_2026-07-30T11-00-12_42,graph_size_sensitivity_50,pause_compile_resume,insert_stateless_node,50,2,1,2,committed,641897,2564472,3224370,0,6270,3611685,0,66582,,3534881,3534881,2,0,0,0,50,1,0,AUTO,16658,0,0,6270,3001,10116,299609,66582,3298880,False,3608605,3608605,3608605,3080,3080,0,0,,,,
run_2026-07-30T11-00-12_42,graph_size_sensitivity_50,prepare_and_commit,insert_stateless_node,50,2,1,2,committed,1137316,4335170,6923681,258116,13118,7556752,0,0,0,1018168,612757,17,11,0,0,50,1,0,AUTO,0,0,0,13118,0,0,384854,0,13118,True,6128574,6128574,6066289,1490463,1490463,21020,41265,,,,
run_2026-07-30T11-00-12_42,graph_size_sensitivity_50,stop_rebuild_restart,insert_stateless_node,50,2,1,2,committed,756587,2079093,2854372,0,6030,3534298,0,148721,,3395744,3395744,2,0,0,0,0,51,50,AUTO,16149,3881,5839,191,2303,130333,312816,148721,3012764,False,3455913,3455913,3455913,78385,78385,0,0,,,,
run_2026-07-30T11-00-12_42,graph_size_sensitivity_50,prepare_and_commit,insert_stateless_node,50,3,1,2,committed,1111213,3976542,6608441,125923,18910,7105490,0,0,0,700267,658676,14,8,0,0,50,1,0,AUTO,0,0,0,18910,0,0,412538,0,18910,True,5645126,5645126,5576432,1529058,1529058,27103,41591,,,,
run_2026-07-30T11-00-12_42,graph_size_sensitivity_50,stop_rebuild_restart,insert_stateless_node,50,3,1,2,committed,656795,2051633,2727119,0,6492,3398311,0,144885,,3325415,3325415,2,0,0,0,0,51,50,AUTO,16121,4049,6298,194,2676,154735,267075,144885,2882651,False,3304461,3304461,3304461,93850,93850,0,0,,,,
run_2026-07-30T11-00-12_42,graph_size_sensitivity_50,pause_compile_resume,insert_stateless_node,50,3,1,2,committed,640511,2564854,3220077,0,17827,3721645,0,54650,,3674635,3674635,2,0,0,0,50,1,0,AUTO,13354,0,0,17827,2258,60266,364926,54650,3293454,False,3718646,3718646,3718646,2999,2999,0,0,,,,
run_2026-07-30T11-00-12_42,graph_size_sensitivity_50,stop_rebuild_restart,insert_stateless_node,50,4,1,2,committed,664169,2078319,2758960,0,5527,3444062,0,198799,,3227647,3227647,2,0,0,0,0,51,50,AUTO,14127,4605,5399,128,2028,88819,298695,198799,2967574,False,3355088,3355088,3355088,88974,88974,0,0,,,,
run_2026-07-30T11-00-12_42,graph_size_sensitivity_50,pause_compile_resume,insert_stateless_node,50,4,1,2,committed,698467,2544616,3260686,0,6669,3646065,0,62815,,3420772,3420772,2,0,0,0,50,1,0,AUTO,16379,0,0,6669,2873,8106,303110,62815,3331819,False,3643035,3643035,3643035,3030,3030,0,0,,,,
run_2026-07-30T11-00-12_42,graph_size_sensitivity_50,prepare_and_commit,insert_stateless_node,50,4,1,2,committed,1182009,4108736,6510378,507177,11857,7427453,0,0,0,1519525,657053,12,9,0,0,50,1,0,AUTO,0,0,0,11857,0,0,476108,0,11857,True,6285887,6285887,6199502,1227951,1227951,18483,67902,,,,
run_2026-07-30T11-00-12_42,graph_size_sensitivity_50,pause_compile_resume,insert_stateless_node,50,5,1,2,committed,661102,2783353,3462055,0,10612,3989596,0,80891,,3904024,3904024,2,0,0,0,50,1,0,AUTO,16042,0,0,10612,2639,101122,330383,80891,3554639,False,3986144,3986144,3986144,3452,3452,0,0,,,,
run_2026-07-30T11-00-12_42,graph_size_sensitivity_50,prepare_and_commit,insert_stateless_node,50,5,1,2,committed,1153400,4177946,6850213,165784,12229,7550220,0,0,0,935276,841578,18,12,0,0,50,1,0,AUTO,0,0,0,12229,0,0,628219,0,12229,True,6137578,6137578,6023090,1527130,1527130,20790,93698,,,,
run_2026-07-30T11-00-12_42,graph_size_sensitivity_50,stop_rebuild_restart,insert_stateless_node,50,5,1,2,committed,604086,2096857,2717902,0,8100,3556871,0,267962,,3367723,3367723,2,0,0,0,0,51,50,AUTO,14413,4029,7837,263,3116,174436,300276,267962,2998563,False,3473275,3473275,3473275,83596,83596,0,0,,,,
run_2026-07-30T11-00-12_42,graph_size_sensitivity_50,prepare_and_commit,insert_stateless_node,50,6,1,2,committed,1472993,4188042,7179954,251400,11670,7909916,0,0,0,806068,735496,18,12,0,0,50,1,0,AUTO,0,0,0,11670,0,0,546906,0,11670,True,6471011,6471011,6382110,1527806,1527806,18329,70572,,,,
run_2026-07-30T11-00-12_42,graph_size_sensitivity_50,stop_rebuild_restart,insert_stateless_node,50,6,1,2,committed,664631,2126793,2810764,0,5202,3399697,0,167181,,3303447,3303447,2,0,0,0,0,51,50,AUTO,16543,3655,5073,129,2188,59664,306090,167181,2986193,False,3351947,3351947,3351947,47750,47750,0,0,,,,
run_2026-07-30T11-00-12_42,graph_size_sensitivity_50,pause_compile_resume,insert_stateless_node,50,6,1,2,committed,695465,2734885,3447318,0,8347,3850410,0,61307,,3721664,3721664,2,0,0,0,50,1,0,AUTO,15533,0,0,8347,2032,52906,276966,61307,3517569,False,3847441,3847441,3847441,2969,2969,0,0,,,,
run_2026-07-30T11-00-12_42,graph_size_sensitivity_50,stop_rebuild_restart,insert_stateless_node,50,7,1,2,committed,734132,2302984,3057269,0,5599,3684652,0,162625,,3565331,3565331,2,0,0,0,0,51,50,AUTO,17211,3906,5394,205,2322,107632,284173,162625,3228779,False,3620584,3620584,3620584,64068,64068,0,0,,,,
run_2026-07-30T11-00-12_42,graph_size_sensitivity_50,pause_compile_resume,insert_stateless_node,50,7,1,2,committed,667203,2569087,3252045,0,6251,3845650,0,91321,,3643295,3643295,2,0,0,0,50,1,0,AUTO,14161,0,0,6251,4228,150149,340076,91321,3352251,False,3842476,3842476,3842476,3174,3174,0,0,,,,
run_2026-07-30T11-00-12_42,graph_size_sensitivity_50,prepare_and_commit,insert_stateless_node,50,7,1,2,committed,1317035,3889943,6716513,445495,12426,7612691,0,0,0,744058,574677,15,9,0,0,50,1,0,AUTO,0,0,0,12426,0,0,525278,0,12426,True,6190177,6190177,6095097,1517594,1517594,25437,69643,,,,
run_2026-07-30T11-00-12_42,graph_size_sensitivity_50,pause_compile_resume,insert_stateless_node,50,8,1,2,committed,583538,2503850,3102548,0,6753,3497744,0,62197,,3309019,3309019,2,0,0,0,50,1,0,AUTO,13528,0,0,6753,2814,12088,309484,62197,3172680,False,3494252,3494252,3494252,3492,3492,0,0,,,,
run_2026-07-30T11-00-12_42,graph_size_sensitivity_50,prepare_and_commit,insert_stateless_node,50,8,1,2,committed,1173751,4192890,6877895,540783,12415,7858614,0,0,0,765753,696166,16,10,0,0,50,1,0,AUTO,0,0,0,12415,0,0,508008,0,12415,True,6427847,6427847,6339000,1519614,1519614,19260,69587,,,,
run_2026-07-30T11-00-12_42,graph_size_sensitivity_50,stop_rebuild_restart,insert_stateless_node,50,8,1,2,committed,637024,2143203,2798260,0,7006,3496595,0,146241,,3433813,3433813,2,0,0,0,0,51,50,AUTO,15563,3790,6828,178,2557,132075,332093,146241,2955384,False,3419552,3419552,3419552,77043,77043,0,0,,,,
run_2026-07-30T11-00-12_42,graph_size_sensitivity_50,prepare_and_commit,insert_stateless_node,50,9,1,2,committed,1206370,4247631,6738833,539661,13265,7817959,0,0,0,1357283,761086,13,10,0,0,50,1,0,AUTO,0,0,0,13265,0,0,641967,0,13265,True,6648894,6648894,6524928,1293031,1293031,20383,103583,,,,
run_2026-07-30T11-00-12_42,graph_size_sensitivity_50,stop_rebuild_restart,insert_stateless_node,50,9,1,2,committed,637395,2176876,2832765,0,5562,3469429,0,174360,,3384814,3384814,2,0,0,0,0,51,50,AUTO,15898,3525,5429,133,2218,59121,346739,174360,3015834,False,3421694,3421694,3421694,47735,47735,0,0,,,,
run_2026-07-30T11-00-12_42,graph_size_sensitivity_50,pause_compile_resume,insert_stateless_node,50,9,1,2,committed,657999,2608221,3282176,0,6658,3867320,0,75414,,3669473,3669473,2,0,0,0,50,1,0,AUTO,14500,0,0,6658,2549,190165,307961,75414,3365341,False,3863467,3863467,3863467,3853,3853,0,0,,,,
run_2026-07-30T11-00-12_42,graph_size_sensitivity_50,stop_rebuild_restart,insert_stateless_node,50,10,1,2,committed,522516,2124287,2664543,0,7354,3344535,0,212852,,3434443,3434443,1,0,0,0,0,51,50,AUTO,14686,3391,7164,190,3193,183301,217449,212852,2888279,False,3289029,3289029,3289029,55506,55506,0,0,,,,
run_2026-07-30T11-00-12_42,graph_size_sensitivity_50,pause_compile_resume,insert_stateless_node,50,10,1,2,committed,740500,2673043,3432937,0,36265,4037556,0,85363,,3809549,3809549,2,0,0,0,50,1,0,AUTO,17738,0,0,36265,2486,154276,322663,85363,3555395,False,4032334,4032334,4032334,5222,5222,0,0,,,,
run_2026-07-30T11-00-12_42,graph_size_sensitivity_50,prepare_and_commit,insert_stateless_node,50,10,1,2,committed,1138838,3997963,6673314,433209,19781,7600523,0,0,0,735752,653387,15,9,0,0,50,1,0,AUTO,0,0,0,19781,0,0,576099,0,19781,True,6165890,6165890,6055780,1544743,1544743,27745,82365,,,,
run_2026-07-30T11-00-12_42,graph_size_sensitivity_50,pause_compile_resume,insert_stateless_node,50,11,1,2,committed,742630,2515338,3276156,0,7534,3757373,0,74890,,3632351,3632351,2,0,0,0,50,1,0,AUTO,16753,0,0,7534,1913,79953,315511,74890,3359058,False,3754522,3754522,3754522,2851,2851,0,0,,,,
run_2026-07-30T11-00-12_42,graph_size_sensitivity_50,prepare_and_commit,insert_stateless_node,50,11,1,2,committed,1202447,4071212,6813212,504517,13596,7819816,0,0,0,850834,783068,15,10,0,0,50,1,0,AUTO,0,0,0,13596,0,0,567385,0,13596,True,6359157,6359157,6270628,1549188,1549188,20763,67766,,,,
run_2026-07-30T11-00-12_42,graph_size_sensitivity_50,stop_rebuild_restart,insert_stateless_node,50,11,1,2,committed,722315,2148627,2889608,0,7771,3618551,0,162732,,3398919,3398919,2,0,0,0,0,51,50,AUTO,15874,4687,7580,191,2750,177715,288119,162732,3064756,False,3530590,3530590,3530590,87961,87961,0,0,,,,
run_2026-07-30T11-00-12_42,graph_size_sensitivity_50,prepare_and_commit,insert_stateless_node,50,12,1,2,committed,1807703,4040240,7378639,555001,13045,8390883,0,0,0,811771,744741,18,12,0,0,50,1,0,AUTO,0,0,0,13045,0,0,523183,0,13045,True,6939172,6939172,6851950,1538933,1538933,20192,67030,,,,
run_2026-07-30T11-00-12_42,graph_size_sensitivity_50,stop_rebuild_restart,insert_stateless_node,50,12,1,2,committed,608905,2216700,2843568,0,5705,3461006,0,144327,,3335490,3335490,2,0,0,0,0,51,50,AUTO,15064,4599,5580,125,2273,43833,306291,144327,2997573,False,3347697,3347697,3347697,113309,113309,0,0,,,,
run_2026-07-30T11-00-12_42,graph_size_sensitivity_50,pause_compile_resume,insert_stateless_node,50,12,1,2,committed,686015,2690272,3394852,0,9112,3796858,0,103585,,3694767,3694767,2,0,0,0,50,1,0,AUTO,17375,0,0,9112,2871,8885,275476,103585,3509230,False,3793591,3793591,3793591,3267,3267,0,0,,,,
run_2026-07-30T11-00-12_42,graph_size_sensitivity_50,stop_rebuild_restart,insert_stateless_node,50,13,1,2,committed,626449,2234322,2878041,0,7055,3478637,0,202502,,3453111,3453111,2,0,0,0,0,51,50,AUTO,14590,3922,6837,218,13855,22331,296886,202502,3102695,False,3421912,3421912,3421912,56725,56725,0,0,,,,
run_2026-07-30T11-00-12_42,graph_size_sensitivity_50,pause_compile_resume,insert_stateless_node,50,13,1,2,committed,657278,2699704,3372698,0,8639,3770348,0,80510,,3606165,3606165,2,0,0,0,50,1,0,AUTO,14275,0,0,8639,2601,33549,270627,80510,3463007,False,3767183,3767183,3767183,3165,3165,0,0,,,,
run_2026-07-30T11-00-12_42,graph_size_sensitivity_50,prepare_and_commit,insert_stateless_node,50,13,1,2,committed,1151406,4240049,6932904,390163,13652,7779030,0,0,0,746364,618528,19,13,0,0,50,1,0,AUTO,0,0,0,13652,0,0,534511,0,13652,True,6329781,6329781,6228811,1550219,1550219,21377,79593,,,,
run_2026-07-30T11-00-12_42,graph_size_sensitivity_50,pause_compile_resume,insert_stateless_node,50,14,1,2,committed,585880,2700131,3301764,0,7125,3700569,0,57677,,3615298,3615298,2,0,0,0,50,1,0,AUTO,14116,0,0,7125,2879,28854,300614,57677,3367808,False,3697276,3697276,3697276,3293,3293,0,0,,,,
run_2026-07-30T11-00-12_42,graph_size_sensitivity_50,prepare_and_commit,insert_stateless_node,50,14,1,2,committed,796345,4120508,6484968,230158,13142,7068783,0,0,0,1423748,602685,13,8,0,0,50,1,0,AUTO,0,0,0,13142,0,0,394933,0,13142,True,5555086,5555086,5492251,1576532,1576532,20710,42125,,,,
run_2026-07-30T11-00-12_42,graph_size_sensitivity_50,stop_rebuild_restart,insert_stateless_node,50,14,1,2,committed,659360,2055392,2731297,0,5168,3288453,0,167622,,3089496,3089496,2,0,0,0,0,51,50,AUTO,14037,3665,5035,133,2611,61877,269127,167622,2907855,False,3238859,3238859,3238859,49594,49594,0,0,,,,
run_2026-07-30T11-00-12_42,graph_size_sensitivity_50,prepare_and_commit,insert_stateless_node,50,15,1,2,committed,1115359,3127528,5873957,266877,14206,6602469,0,0,0,2227939,727985,12,6,0,0,50,1,0,AUTO,0,0,0,14206,0,0,527221,0,14206,True,5051191,5051191,4962377,1640092,1640092,22755,66059,,,,
run_2026-07-30T11-00-12_42,graph_size_sensitivity_50,stop_rebuild_restart,insert_stateless_node,50,15,1,2,committed,662352,2053138,2731433,0,5183,3252573,0,149106,,3052965,3052965,2,0,0,0,0,51,50,AUTO,13102,5293,5055,128,2268,44870,249298,149106,2890442,False,3184610,3184610,3184610,67963,67963,0,0,,,,
run_2026-07-30T11-00-12_42,graph_size_sensitivity_50,pause_compile_resume,insert_stateless_node,50,15,1,2,committed,626784,2443952,3087345,0,7075,3444260,0,48032,,3241866,3241866,2,0,0,0,50,1,0,AUTO,14988,0,0,7075,1690,38750,259998,48032,3142521,False,3441269,3441269,3441269,2991,2991,0,0,,,,
run_2026-07-30T11-00-12_42,graph_size_sensitivity_50,stop_rebuild_restart,insert_stateless_node,50,16,1,2,committed,600487,2379313,2999569,0,5564,3696890,0,169343,,3636256,3636256,2,0,0,0,0,51,50,AUTO,17077,3643,5390,174,2521,126273,321418,169343,3177948,False,3625639,3625639,3625639,71251,71251,0,0,,,,
run_2026-07-30T11-00-12_42,graph_size_sensitivity_50,pause_compile_resume,insert_stateless_node,50,16,1,2,committed,571707,2446859,3033512,0,8173,3401476,0,69770,,3328427,3328427,2,0,0,0,50,1,0,AUTO,13677,0,0,8173,2857,23128,261801,69770,3113043,False,3397972,3397972,3397972,3504,3504,0,0,,,,
run_2026-07-30T11-00-12_42,graph_size_sensitivity_50,prepare_and_commit,insert_stateless_node,50,16,1,2,committed,1087884,3275174,5873676,458859,12162,6796202,0,0,0,2143505,599805,13,7,0,0,50,1,0,AUTO,0,0,0,12162,0,0,524827,0,12162,True,5358906,5358906,5276983,1519219,1519219,18947,62976,,,,
run_2026-07-30T11-00-12_42,graph_size_sensitivity_50,pause_compile_resume,insert_stateless_node,50,17,1,2,committed,663958,2409980,3089402,0,7237,3612824,0,66032,,3552490,3552490,2,0,0,0,50,1,0,AUTO,13985,0,0,7237,3001,131231,304407,66032,3164193,False,3599831,3599831,3599831,12993,12993,0,0,,,,
run_2026-07-30T11-00-12_42,graph_size_sensitivity_50,prepare_and_commit,insert_stateless_node,50,17,1,2,committed,1078676,4107619,6352344,168066,17763,7143602,0,0,0,1565563,962705,12,9,0,0,50,1,0,AUTO,0,0,0,17763,0,0,742664,0,17763,True,6114788,6114788,5968593,1175009,1175009,82686,63509,,,,
run_2026-07-30T11-00-12_42,graph_size_sensitivity_50,stop_rebuild_restart,insert_stateless_node,50,17,1,2,committed,637366,2136092,2789762,0,5589,3370641,0,168883,,3204563,3204563,2,0,0,0,0,51,50,AUTO,13952,4046,5451,138,2383,46790,306663,168883,2968311,False,3321764,3321764,3321764,48877,48877,0,0,,,,
run_2026-07-30T11-00-12_42,graph_size_sensitivity_50,prepare_and_commit,insert_stateless_node,50,18,1,2,committed,802398,3365311,5917153,469844,17076,6880759,0,0,0,2358639,671869,14,8,0,0,50,1,0,AUTO,0,0,0,17076,0,0,563572,0,17076,True,5218201,5218201,5122803,1757956,1757956,24970,70428,,,,
run_2026-07-30T11-00-12_42,graph_size_sensitivity_50,stop_rebuild_restart,insert_stateless_node,50,18,1,2,committed,639528,2145106,2801544,0,5743,3342729,0,159790,,3201749,3201749,2,0,0,0,0,51,50,AUTO,13942,4195,5609,134,24001,50123,251094,159790,2992305,False,3293522,3293522,3293522,49207,49207,0,0,,,,
run_2026-07-30T11-00-12_42,graph_size_sensitivity_50,pause_compile_resume,insert_stateless_node,50,18,1,2,committed,677115,2599830,3293123,0,6935,3845618,0,74419,,3750708,3750708,2,0,0,0,50,1,0,AUTO,14666,0,0,6935,2926,174469,292195,74419,3375891,False,3842555,3842555,3842555,3063,3063,0,0,,,,
run_2026-07-30T11-00-12_42,graph_size_sensitivity_50,stop_rebuild_restart,insert_stateless_node,50,19,1,2,committed,618817,2024693,2660910,0,5942,3304629,0,165246,,3071916,3071916,2,0,0,0,0,51,50,AUTO,14343,3590,5802,140,2162,101772,295200,165246,2834793,False,3231765,3231765,3231765,72864,72864,0,0,,,,
run_2026-07-30T11-00-12_42,graph_size_sensitivity_50,pause_compile_resume,insert_stateless_node,50,19,1,2,committed,610916,2499423,3159888,0,6929,3686548,0,74993,,3527161,3527161,2,0,0,0,50,1,0,AUTO,48377,0,0,6929,2650,131711,308964,74993,3243288,False,3683963,3683963,3683963,2585,2585,0,0,,,,
run_2026-07-30T11-00-12_42,graph_size_sensitivity_50,prepare_and_commit,insert_stateless_node,50,19,1,2,committed,1304267,3534815,6451558,321279,17166,7264184,0,0,0,2641518,726450,13,7,0,0,50,1,0,AUTO,0,0,0,17166,0,0,558538,0,17166,True,5736065,5736065,5642685,1621499,1621499,27086,66294,,,,
run_2026-07-30T11-00-12_42,graph_size_sensitivity_50,pause_compile_resume,insert_stateless_node,50,20,1,2,committed,602300,2461737,3081280,0,6510,3463928,0,45903,,3414022,3414022,2,0,0,0,50,1,0,AUTO,15825,0,0,6510,1920,38909,288144,45903,3134195,False,3461248,3461248,3461248,2680,2680,0,0,,,,
run_2026-07-30T11-00-12_42,graph_size_sensitivity_50,prepare_and_commit,insert_stateless_node,50,20,1,2,committed,1311546,4875454,7677998,171555,17772,8509241,0,0,0,1064868,985370,16,10,0,0,50,1,0,AUTO,0,0,0,17772,0,0,833598,0,17772,True,7209925,7209925,7010302,1498939,1498939,120125,79498,,,,
run_2026-07-30T11-00-12_42,graph_size_sensitivity_50,stop_rebuild_restart,insert_stateless_node,50,20,1,2,committed,705245,2281368,3007566,0,7524,3748001,0,165570,,3500457,3500457,2,0,0,0,0,51,50,AUTO,18111,5296,7274,250,3170,181895,291610,165570,3186284,False,3659789,3659789,3659789,88212,88212,0,0,,,,
run_2026-07-30T11-00-12_42,graph_size_sensitivity_50,prepare_and_commit,insert_stateless_node,50,21,1,2,committed,822783,3531780,5508303,558764,13769,6517686,0,0,0,2786525,641099,9,7,0,0,50,1,0,AUTO,0,0,0,13769,0,0,517918,0,13769,True,5445014,5445014,5355354,1162332,1162332,21431,68229,,,,
run_2026-07-30T11-00-12_42,graph_size_sensitivity_50,stop_rebuild_restart,insert_stateless_node,50,21,1,2,committed,648505,2157008,2824663,0,4984,3429971,0,163632,,3345019,3345019,2,0,0,0,0,51,50,AUTO,16131,3373,4826,158,2331,78379,306351,163632,2995964,False,3380694,3380694,3380694,49277,49277,0,0,,,,
run_2026-07-30T11-00-12_42,graph_size_sensitivity_50,pause_compile_resume,insert_stateless_node,50,21,1,2,committed,600484,2457088,3073287,0,8183,3485795,0,61228,,3256305,3256305,2,0,0,0,50,1,0,AUTO,14470,0,0,8183,1923,90273,249355,61228,3143376,False,3483004,3483004,3483004,2791,2791,0,0,,,,
run_2026-07-30T11-00-12_42,graph_size_sensitivity_50,stop_rebuild_restart,insert_stateless_node,50,22,1,2,committed,658702,2337728,3012886,0,15552,3587360,0,142221,,3339150,3339150,2,0,0,0,0,51,50,AUTO,13979,5666,15318,234,3366,25010,320987,142221,3177214,False,3523211,3523211,3523211,64149,64149,0,0,,,,
run_2026-07-30T11-00-12_42,graph_size_sensitivity_50,pause_compile_resume,insert_stateless_node,50,22,1,2,committed,685294,2531684,3232610,0,8564,3712000,0,63300,,3588950,3588950,2,0,0,0,50,1,0,AUTO,14200,0,0,8564,2006,83866,320082,63300,3305048,False,3708996,3708996,3708996,3004,3004,0,0,,,,
run_2026-07-30T11-00-12_42,graph_size_sensitivity_50,prepare_and_commit,insert_stateless_node,50,22,1,2,committed,1165939,3278362,5671983,309364,11512,6373571,0,0,0,2305362,2241933,8,5,0,0,50,1,0,AUTO,0,0,0,11512,0,0,453306,0,11512,True,5218483,5218483,5136825,1236746,1236746,18229,63429,,,,
run_2026-07-30T11-00-12_42,graph_size_sensitivity_50,pause_compile_resume,insert_stateless_node,50,23,1,2,committed,603676,2383352,3003145,0,8608,3387737,0,63859,,3161571,3161571,2,0,0,0,50,1,0,AUTO,14599,0,0,8608,24492,17590,268578,63859,3098586,False,3384754,3384754,3384754,2983,2983,0,0,,,,
run_2026-07-30T11-00-12_42,graph_size_sensitivity_50,prepare_and_commit,insert_stateless_node,50,23,1,2,committed,1115728,3977061,6361276,512114,13418,7353638,0,0,0,1560612,756565,12,9,0,0,50,1,0,AUTO,0,0,0,13418,0,0,562460,0,13418,True,6180781,6180781,6076273,1277365,1277365,21000,83508,,,,
run_2026-07-30T11-00-12_42,graph_size_sensitivity_50,stop_rebuild_restart,insert_stateless_node,50,23,1,2,committed,675650,2014342,2708519,0,5036,3240696,0,146251,,3138209,3138209,2,0,0,0,0,51,50,AUTO,16058,5396,4906,130,2031,43396,262035,146251,2864764,False,3170195,3170195,3170195,70501,70501,0,0,,,,
run_2026-07-30T11-00-12_42,graph_size_sensitivity_50,prepare_and_commit,insert_stateless_node,50,24,1,2,committed,1194931,4060919,6858630,225697,13115,7482252,0,0,0,691752,642890,17,11,0,0,50,1,0,AUTO,0,0,0,13115,0,0,445454,0,13115,True,5940116,5940116,5870978,1611274,1611274,20276,48862,,,,
run_2026-07-30T11-00-12_42,graph_size_sensitivity_50,stop_rebuild_restart,insert_stateless_node,50,24,1,2,committed,653635,2117628,2790458,0,6508,3344449,0,153702,,3303091,3303091,2,0,0,0,0,51,50,AUTO,16829,4629,6311,197,3538,7962,305311,153702,2956469,False,3269742,3269742,3269742,74707,74707,0,0,,,,
run_2026-07-30T11-00-12_42,graph_size_sensitivity_50,pause_compile_resume,insert_stateless_node,50,24,1,2,committed,820248,2514631,3353110,0,7116,3720367,0,63840,,3569428,3569428,2,0,0,0,50,1,0,AUTO,16676,0,0,7116,2821,8880,282813,63840,3425332,False,3717025,3717025,3717025,3342,3342,0,0,,,,
run_2026-07-30T11-00-12_42,graph_size_sensitivity_50,stop_rebuild_restart,insert_stateless_node,50,25,1,2,committed,602511,1966501,2585389,0,5220,3230547,0,191123,,3051432,3051432,2,0,0,0,0,51,50,AUTO,14005,4081,5095,125,2827,91181,265012,191123,2786268,False,3142461,3142461,3142461,88086,88086,0,0,,,,
run_2026-07-30T11-00-12_42,graph_size_sensitivity_50,pause_compile_resume,insert_stateless_node,50,25,1,2,committed,665625,2389277,3071281,0,7649,3566294,0,97002,,3336969,3336969,2,0,0,0,50,1,0,AUTO,15116,0,0,7649,2294,118865,267687,97002,3176963,False,3563515,3563515,3563515,2779,2779,0,0,,,,
run_2026-07-30T11-00-12_42,graph_size_sensitivity_50,prepare_and_commit,insert_stateless_node,50,25,1,2,committed,925714,3979780,6479046,497379,13415,7387755,0,0,0,3475894,680721,14,8,0,0,50,1,0,AUTO,0,0,0,13415,0,0,474329,0,13415,True,5890617,5890617,5806039,1581716,1581716,21224,63354,,,,
run_2026-07-30T11-00-12_42,graph_size_sensitivity_50,pause_compile_resume,insert_stateless_node,50,26,1,2,committed,634799,2595027,3245674,0,8354,3671487,0,57699,,3450735,3450735,2,0,0,0,50,1,0,AUTO,14479,0,0,8354,2051,50008,306090,57699,3312409,False,3668507,3668507,3668507,2980,2980,0,0,,,,
run_2026-07-30T11-00-12_42,graph_size_sensitivity_50,prepare_and_commit,insert_stateless_node,50,26,1,2,committed,1035813,3887251,6497852,125661,18001,7198260,0,0,0,942565,851845,13,8,0,0,50,1,0,AUTO,0,0,0,18001,0,0,665377,0,18001,True,5732103,5732103,5614455,1583805,1583805,26928,90720,,,,
run_2026-07-30T11-00-12_42,graph_size_sensitivity_50,stop_rebuild_restart,insert_stateless_node,50,26,1,2,committed,633653,1992822,2648605,0,5246,3278972,0,185824,,3055980,3055980,2,0,0,0,0,51,50,AUTO,14279,4391,5025,221,2283,91858,259190,185824,2838498,False,3189546,3189546,3189546,89426,89426,0,0,,,,
run_2026-07-30T11-00-12_42,graph_size_sensitivity_50,prepare_and_commit,insert_stateless_node,50,27,1,2,committed,1069401,3911895,6500808,237963,18535,7238740,0,0,0,815759,733057,17,11,0,0,50,1,0,AUTO,0,0,0,18535,0,0,584142,0,18535,True,5821936,5821936,5710707,1528033,1528033,28527,82702,,,,
run_2026-07-30T11-00-12_42,graph_size_sensitivity_50,stop_rebuild_restart,insert_stateless_node,50,27,1,2,committed,600295,2050015,2669351,0,9795,3359692,0,168114,,3296783,3296783,2,0,0,0,0,51,50,AUTO,16189,4116,9658,137,2491,112770,293900,168114,2851015,False,3257685,3257685,3257685,102007,102007,0,0,,,,
run_2026-07-30T11-00-12_42,graph_size_sensitivity_50,pause_compile_resume,insert_stateless_node,50,27,1,2,committed,667677,2503106,3186149,0,9110,3738377,0,72331,,3643419,3643419,2,0,0,0,50,1,0,AUTO,13920,0,0,9110,2512,93470,373061,72331,3268656,False,3735187,3735187,3735187,3190,3190,0,0,,,,
run_2026-07-30T11-00-12_42,graph_size_sensitivity_50,stop_rebuild_restart,insert_stateless_node,50,28,1,2,committed,633062,2086846,2736473,0,5372,3345076,0,162599,,3095912,3095912,2,0,0,0,0,51,50,AUTO,13617,3340,5244,128,2597,64418,322944,162599,2907433,False,3294795,3294795,3294795,50281,50281,0,0,,,,
run_2026-07-30T11-00-12_42,graph_size_sensitivity_50,pause_compile_resume,insert_stateless_node,50,28,1,2,committed,587470,2735251,3338365,0,7298,3885120,0,93295,,3689166,3689166,2,0,0,0,50,1,0,AUTO,14082,0,0,7298,2601,85791,356291,93295,3439997,False,3882079,3882079,3882079,3041,3041,0,0,,,,
run_2026-07-30T11-00-12_42,graph_size_sensitivity_50,prepare_and_commit,insert_stateless_node,50,28,1,2,committed,1089277,4172922,6482931,235085,18491,7078661,0,0,0,868719,753743,11,9,0,0,50,1,0,AUTO,0,0,0,18491,0,0,573547,0,18491,True,6089322,6089322,5849279,1229382,1229382,166278,73765,,,,
run_2026-07-30T11-00-12_42,graph_size_sensitivity_50,pause_compile_resume,insert_stateless_node,50,29,1,2,committed,626624,2474632,3117443,0,6856,3472283,0,46126,,3204179,3204179,2,0,0,0,50,1,0,AUTO,14303,0,0,6856,1978,45063,253446,46126,3170519,False,3469028,3469028,3469028,3255,3255,0,0,,,,
run_2026-07-30T11-00-12_42,graph_size_sensitivity_50,prepare_and_commit,insert_stateless_node,50,29,1,2,committed,888746,4335996,6447350,436182,9908,7264735,0,0,0,2391317,589778,11,8,0,0,50,1,0,AUTO,0,0,0,9908,0,0,440531,0,9908,True,6111363,6111363,6033573,1231162,1231162,15509,62281,,,,
run_2026-07-30T11-00-12_42,graph_size_sensitivity_50,stop_rebuild_restart,insert_stateless_node,50,29,1,2,committed,622414,2067934,2708829,0,4924,3293387,0,167462,,3106060,3106060,2,0,0,0,0,51,50,AUTO,16202,3593,4761,163,2218,64011,295933,167462,2884747,False,3244691,3244691,3244691,48696,48696,0,0,,,,
run_2026-07-30T11-00-12_42,graph_size_sensitivity_50,prepare_and_commit,insert_stateless_node,50,30,1,2,committed,1162789,3933545,6550061,405576,14131,7414179,0,0,0,711640,644797,13,9,0,0,50,1,0,AUTO,0,0,0,14131,0,0,523496,0,14131,True,6039537,6039537,5951962,1462217,1462217,20732,66843,,,,
run_2026-07-30T11-00-12_42,graph_size_sensitivity_50,stop_rebuild_restart,insert_stateless_node,50,30,1,2,committed,678027,2096387,2791328,0,5262,3482491,0,183130,,3372938,3372938,2,0,0,0,0,51,50,AUTO,14438,4156,5109,153,2664,81941,356316,183130,2984064,False,3422321,3422321,3422321,60170,60170,0,0,,,,
run_2026-07-30T11-00-12_42,graph_size_sensitivity_50,pause_compile_resume,insert_stateless_node,50,30,1,2,committed,641939,2402326,3060005,0,6881,3453531,0,57339,,3380343,3380343,2,0,0,0,50,1,0,AUTO,14200,0,0,6881,2622,15615,309455,57339,3125307,False,3450377,3450377,3450377,3154,3154,0,0,,,,
run_2026-07-30T11-00-12_42,graph_size_sensitivity_100,stop_rebuild_restart,insert_stateless_node,100,1,1,2,committed,1364812,3748740,5138056,0,5544,6071867,0,298651,,5579380,5579380,2,0,0,0,0,101,100,AUTO,21550,5001,5407,137,2312,69733,432078,298651,5446610,False,5948421,5948421,5948421,123446,123446,0,0,,,,
run_2026-07-30T11-00-12_42,graph_size_sensitivity_100,pause_compile_resume,insert_stateless_node,100,1,1,2,committed,1306331,6162816,7490088,0,8562,8117719,0,102257,,7555204,7555204,2,0,0,0,100,1,0,AUTO,19372,0,0,8562,11268,33478,470247,102257,7610606,False,8114331,8114331,8114331,3388,3388,0,0,,,,
run_2026-07-30T11-00-12_42,graph_size_sensitivity_100,prepare_and_commit,insert_stateless_node,100,1,1,2,committed,1967101,8792558,13909108,345155,9826,14943709,0,0,0,2336662,693469,22,16,0,0,100,1,0,AUTO,0,0,0,9826,0,0,751166,0,9826,True,11865806,11865806,11786685,3157024,3157024,14655,64466,,,,
run_2026-07-30T11-00-12_42,graph_size_sensitivity_100,pause_compile_resume,insert_stateless_node,100,2,1,2,committed,1087095,5580348,6687549,0,8444,7319507,0,99854,,7049096,7049096,2,0,0,0,100,1,0,AUTO,18572,0,0,8444,2068,53860,466352,99854,6796381,False,7316593,7316593,7316593,2914,2914,0,0,,,,
run_2026-07-30T11-00-12_42,graph_size_sensitivity_100,prepare_and_commit,insert_stateless_node,100,2,1,2,committed,1379086,9403906,13300837,263741,14809,14283832,0,0,0,2453642,729874,21,16,0,0,100,1,0,AUTO,0,0,0,14809,0,0,790302,0,14809,True,11851844,11851844,11757831,2526001,2526001,23244,70769,,,,
run_2026-07-30T11-00-12_42,graph_size_sensitivity_100,stop_rebuild_restart,insert_stateless_node,100,2,1,2,committed,1218019,3810373,5048711,0,7717,6151960,0,291215,,5707797,5707797,2,0,0,0,0,101,100,AUTO,17791,3795,7478,239,2422,159387,502305,291215,5351332,False,6013024,6013024,6013024,138936,138936,0,0,,,,
run_2026-07-30T11-00-12_42,graph_size_sensitivity_100,prepare_and_commit,insert_stateless_node,100,3,1,2,committed,1948615,8672701,13213149,331547,9436,14130777,0,0,0,2578874,595818,21,15,0,0,100,1,0,AUTO,0,0,0,9436,0,0,657148,0,9436,True,11619447,11619447,11530328,2600449,2600449,19432,69687,,,,
run_2026-07-30T11-00-12_42,graph_size_sensitivity_100,stop_rebuild_restart,insert_stateless_node,100,3,1,2,committed,1144154,4125888,5290755,0,33087,6405348,0,333503,,5958467,5958467,2,0,0,0,0,101,100,AUTO,18005,3210,32887,200,2863,182017,462086,333503,5660710,False,6304813,6304813,6304813,100535,100535,0,0,,,,
run_2026-07-30T11-00-12_42,graph_size_sensitivity_100,pause_compile_resume,insert_stateless_node,100,3,1,2,committed,1175566,6024932,7220039,0,7299,7944630,0,146362,,7602298,7602298,2,0,0,0,100,1,0,AUTO,18042,0,0,7299,2408,105180,462069,146362,7374609,False,7941858,7941858,7941858,2772,2772,0,0,,,,
run_2026-07-30T11-00-12_42,graph_size_sensitivity_100,stop_rebuild_restart,insert_stateless_node,100,4,1,2,committed,1205778,3840540,5065693,0,7851,6123154,0,313753,,5693759,5693759,2,0,0,0,0,101,100,AUTO,16800,4888,7659,192,2786,171441,464010,313753,5392396,False,6027847,6027847,6027847,95307,95307,0,0,,,,
run_2026-07-30T11-00-12_42,graph_size_sensitivity_100,pause_compile_resume,insert_stateless_node,100,4,1,2,committed,1132564,5640361,6791025,0,8926,7482772,0,140093,,7143748,7143748,2,0,0,0,100,1,0,AUTO,16653,0,0,8926,1977,105952,433183,140093,6940574,False,7479709,7479709,7479709,3063,3063,0,0,,,,
run_2026-07-30T11-00-12_42,graph_size_sensitivity_100,prepare_and_commit,insert_stateless_node,100,4,1,2,committed,1912397,9508860,14409512,475849,9242,15493528,0,0,0,794332,611500,26,20,0,0,100,1,0,AUTO,0,0,0,9242,0,0,667421,0,9242,True,12573769,12573769,12497086,2996442,2996442,13848,62835,,,,
run_2026-07-30T11-00-12_42,graph_size_sensitivity_100,pause_compile_resume,insert_stateless_node,100,5,1,2,committed,1254000,5640717,6915570,0,6947,7596233,0,123199,,7606264,7606264,1,0,0,0,100,1,0,AUTO,19141,0,0,6947,2447,119190,427488,123199,7046451,False,7593129,7593129,7593129,3104,3104,0,0,,,,
run_2026-07-30T11-00-12_42,graph_size_sensitivity_100,prepare_and_commit,insert_stateless_node,100,5,1,2,committed,1983283,9382465,13855128,464376,9037,14896646,0,0,0,1099510,579867,25,20,0,0,100,1,0,AUTO,0,0,0,9037,0,0,643693,0,9037,True,12482854,12482854,12398878,2497768,2497768,13801,70175,,,,
run_2026-07-30T11-00-12_42,graph_size_sensitivity_100,stop_rebuild_restart,insert_stateless_node,100,5,1,2,committed,1521853,4941023,6484179,0,7201,7601508,0,339655,,7050703,7050703,2,0,0,0,0,101,100,AUTO,18841,4534,6980,221,2610,133598,517990,339655,6835717,False,7487305,7487305,7487305,114203,114203,0,0,,,,
run_2026-07-30T11-00-12_42,graph_size_sensitivity_100,prepare_and_commit,insert_stateless_node,100,6,1,2,committed,1955409,9932399,14779567,139202,17577,15709956,0,0,0,1200919,1134578,26,20,0,0,100,1,0,AUTO,0,0,0,17577,0,0,859182,0,17577,True,12903769,12903769,12809735,2900221,2900221,27693,66341,,,,
run_2026-07-30T11-00-12_42,graph_size_sensitivity_100,stop_rebuild_restart,insert_stateless_node,100,6,1,2,committed,1125776,3925572,5068613,0,5464,5988974,0,286613,,5995641,5995641,1,0,0,0,0,101,100,AUTO,14704,4597,5298,166,2830,74411,456630,286613,5365556,False,5896597,5896597,5896597,92377,92377,0,0,,,,
run_2026-07-30T11-00-12_42,graph_size_sensitivity_100,pause_compile_resume,insert_stateless_node,100,6,1,2,committed,1236035,5888613,7143900,0,6875,7824355,0,119226,,7527850,7527850,2,0,0,0,100,1,0,AUTO,17693,0,0,6875,3200,117399,432223,119226,7271642,False,7821264,7821264,7821264,3091,3091,0,0,,,,
run_2026-07-30T11-00-12_42,graph_size_sensitivity_100,stop_rebuild_restart,insert_stateless_node,100,7,1,2,committed,1207257,3961355,5189535,0,5252,6147463,0,282971,,5718692,5718692,2,0,0,0,0,101,100,AUTO,18514,4417,5115,137,2403,83618,490517,282971,5482169,False,6056304,6056304,6056304,91159,91159,0,0,,,,
run_2026-07-30T11-00-12_42,graph_size_sensitivity_100,pause_compile_resume,insert_stateless_node,100,7,1,2,committed,1154660,5660996,6835089,0,35928,7583928,0,139366,,7130815,7130815,2,0,0,0,100,1,0,AUTO,17484,0,0,35928,2273,114630,454658,139366,7010707,False,7579995,7579995,7579995,3933,3933,0,0,,,,
run_2026-07-30T11-00-12_42,graph_size_sensitivity_100,prepare_and_commit,insert_stateless_node,100,7,1,2,committed,2012062,8530984,13192130,317855,11253,14117576,0,0,0,2584936,613730,21,15,0,0,100,1,0,AUTO,0,0,0,11253,0,0,718831,0,11253,True,11590985,11590985,11459493,2658083,2658083,17591,113901,,,,
run_2026-07-30T11-00-12_42,graph_size_sensitivity_100,pause_compile_resume,insert_stateless_node,100,8,1,2,committed,1347069,7543390,8917998,0,9285,9811168,0,136307,,9313237,9313237,2,0,0,0,100,1,0,AUTO,26029,0,0,9285,2754,138604,604445,136307,9064834,False,9807883,9807883,9807883,3285,3285,0,0,,,,
run_2026-07-30T11-00-12_42,graph_size_sensitivity_100,prepare_and_commit,insert_stateless_node,100,8,1,2,committed,1967404,9166522,13854932,344911,14223,14729841,0,0,0,1419708,532430,24,18,0,0,100,1,0,AUTO,0,0,0,14223,0,0,572102,0,14223,True,12065162,12065162,11999872,2729969,2729969,18956,46334,,,,
run_2026-07-30T11-00-12_42,graph_size_sensitivity_100,stop_rebuild_restart,insert_stateless_node,100,8,1,2,committed,1201299,3970064,5192449,0,6624,6320110,0,313394,,5864774,5864774,2,0,0,0,0,101,100,AUTO,18531,3593,6412,212,3462,118390,555602,313394,5516967,False,6190959,6190959,6190959,129151,129151,0,0,,,,
run_2026-07-30T11-00-12_42,graph_size_sensitivity_100,prepare_and_commit,insert_stateless_node,100,9,1,2,committed,1956550,9489484,13956685,381460,26911,14979685,0,0,0,723181,647450,27,21,0,0,100,1,0,AUTO,0,0,0,26911,0,0,714185,0,26911,True,12568590,12568590,12459924,2519761,2519761,32935,75731,,,,
run_2026-07-30T11-00-12_42,graph_size_sensitivity_100,stop_rebuild_restart,insert_stateless_node,100,9,1,2,committed,1242915,3980353,5244643,0,5257,6372382,0,315210,,6025039,6025039,2,0,0,0,0,101,100,AUTO,18647,4875,5122,135,2340,110797,545824,315210,5569597,False,6226218,6226218,6226218,146164,146164,0,0,,,,
run_2026-07-30T11-00-12_42,graph_size_sensitivity_100,pause_compile_resume,insert_stateless_node,100,9,1,2,committed,1203235,6001937,7224898,0,6772,7940068,0,140145,,7537141,7537141,2,0,0,0,100,1,0,AUTO,18399,0,0,6772,2388,81286,483147,140145,7372876,False,7937309,7937309,7937309,2759,2759,0,0,,,,
run_2026-07-30T11-00-12_42,graph_size_sensitivity_100,stop_rebuild_restart,insert_stateless_node,100,10,1,2,committed,1243398,3927110,5191044,0,6446,6302677,0,321385,,5954619,5954619,2,0,0,0,0,101,100,AUTO,18000,3680,6249,197,2580,137622,507938,321385,5522599,False,6168159,6168159,6168159,134518,134518,0,0,,,,
run_2026-07-30T11-00-12_42,graph_size_sensitivity_100,pause_compile_resume,insert_stateless_node,100,10,1,2,committed,1244965,5783345,7046755,0,24003,7785605,0,124068,,7300064,7300064,2,1,0,0,100,1,0,AUTO,17164,0,0,24003,2246,77105,509974,124068,7195791,False,7782870,7782870,7782870,2735,2735,0,0,,,,
run_2026-07-30T11-00-12_42,graph_size_sensitivity_100,prepare_and_commit,insert_stateless_node,100,10,1,2,committed,2150526,8998488,13933006,186679,18417,14740126,0,0,0,1893979,853690,23,17,0,0,100,1,0,AUTO,0,0,0,18417,0,0,906184,0,18417,True,12260294,12260294,11947643,2792483,2792483,189208,123443,,,,
run_2026-07-30T11-00-12_42,graph_size_sensitivity_100,pause_compile_resume,insert_stateless_node,100,11,1,2,committed,1209702,5901383,7131777,0,7621,7859892,0,171215,,7565899,7565899,2,0,0,0,100,1,0,AUTO,19346,0,0,7621,2485,71204,468343,171215,7311752,False,7851299,7851299,7851299,8593,8593,0,0,,,,
run_2026-07-30T11-00-12_42,graph_size_sensitivity_100,prepare_and_commit,insert_stateless_node,100,11,1,2,committed,1918245,9007134,13671607,488682,8887,14821372,0,0,0,1781930,665127,23,17,0,0,100,1,0,AUTO,0,0,0,8887,0,0,725876,0,8887,True,12148824,12148824,12066932,2754440,2754440,14408,67484,,,,
run_2026-07-30T11-00-12_42,graph_size_sensitivity_100,stop_rebuild_restart,insert_stateless_node,100,11,1,2,committed,1316005,4314750,5650347,0,6644,6828839,0,358251,,6329945,6329945,2,0,0,0,0,101,100,AUTO,17048,3918,6354,290,2880,125147,527201,358251,6019496,False,6671844,6671844,6671844,156995,156995,0,0,,,,
run_2026-07-30T11-00-12_42,graph_size_sensitivity_100,prepare_and_commit,insert_stateless_node,100,12,1,2,committed,1502502,9074997,13255584,505665,9472,14409483,0,0,0,3033263,650617,20,15,0,0,100,1,0,AUTO,0,0,0,9472,0,0,715703,0,9472,True,11808339,11808339,11721483,2688000,2688000,14785,72071,,,,
run_2026-07-30T11-00-12_42,graph_size_sensitivity_100,stop_rebuild_restart,insert_stateless_node,100,12,1,2,committed,1166095,3998145,5185728,0,7834,6154163,0,366355,,5742344,5742344,2,0,0,0,0,101,100,AUTO,18640,4498,7513,321,3192,9981,472717,366355,5564759,False,6047457,6047457,6047457,106706,106706,0,0,,,,
run_2026-07-30T11-00-12_42,graph_size_sensitivity_100,pause_compile_resume,insert_stateless_node,100,12,1,2,committed,1187900,5689837,6896934,0,7954,7680671,0,137785,,7216893,7216893,2,0,0,0,100,1,0,AUTO,17668,0,0,7954,2163,110031,524509,137785,7043307,False,7677847,7677847,7677847,2824,2824,0,0,,,,
run_2026-07-30T11-00-12_42,graph_size_sensitivity_100,stop_rebuild_restart,insert_stateless_node,100,13,1,2,committed,1187239,3915759,5122975,0,6727,6204766,0,342667,,5725218,5725218,2,0,0,0,0,101,100,AUTO,17519,3489,6538,189,2643,129717,475471,342667,5476043,False,6081231,6081231,6081231,123535,123535,0,0,,,,
run_2026-07-30T11-00-12_42,graph_size_sensitivity_100,pause_compile_resume,insert_stateless_node,100,13,1,2,committed,1174281,5805400,6999312,0,6685,7750721,0,132464,,7460253,7460253,2,0,0,0,100,1,0,AUTO,18207,0,0,6685,6752,103333,500768,132464,7143789,False,7747890,7747890,7747890,2831,2831,0,0,,,,
run_2026-07-30T11-00-12_42,graph_size_sensitivity_100,prepare_and_commit,insert_stateless_node,100,13,1,2,committed,1536587,9213648,13111725,294145,14069,14042326,0,0,0,3338420,648211,19,15,0,0,100,1,0,AUTO,0,0,0,14069,0,0,707217,0,14069,True,11765666,11765666,11672468,2369858,2369858,22326,70872,,,,
run_2026-07-30T11-00-12_42,graph_size_sensitivity_100,pause_compile_resume,insert_stateless_node,100,14,1,2,committed,1227819,5676368,6925362,0,7226,7619961,0,139586,,7242824,7242824,2,0,0,0,100,1,0,AUTO,19811,0,0,7226,2338,92465,451216,139586,7073148,False,7616829,7616829,7616829,3132,3132,0,0,,,,
run_2026-07-30T11-00-12_42,graph_size_sensitivity_100,prepare_and_commit,insert_stateless_node,100,14,1,2,committed,2206549,9121986,14033473,206935,15548,15060514,0,0,0,903450,832451,25,19,0,0,100,1,0,AUTO,0,0,0,15548,0,0,891165,0,15548,True,12442183,12442183,12347001,2713513,2713513,24183,70999,,,,
run_2026-07-30T11-00-12_42,graph_size_sensitivity_100,stop_rebuild_restart,insert_stateless_node,100,14,1,2,committed,1168977,4017067,5208100,0,5300,6179417,0,334265,,5837779,5837779,2,0,0,0,0,101,100,AUTO,19532,4155,5152,148,1897,50804,445955,334265,5551193,False,6047952,6047952,6047952,131465,131465,0,0,,,,
run_2026-07-30T11-00-12_42,graph_size_sensitivity_100,prepare_and_commit,insert_stateless_node,100,15,1,2,committed,2413188,9394867,14346687,488424,9836,15627404,0,0,0,871765,796133,26,21,0,0,100,1,0,AUTO,0,0,0,9836,0,0,865042,0,9836,True,13171357,13171357,13080872,2546532,2546532,14853,75632,,,,
run_2026-07-30T11-00-12_42,graph_size_sensitivity_100,stop_rebuild_restart,insert_stateless_node,100,15,1,2,committed,1252601,4088982,5363019,0,6220,6554937,0,371517,,6106051,6106051,2,0,0,0,0,101,100,AUTO,18873,3963,6055,165,2311,74363,616311,371517,5744467,False,6435141,6435141,6435141,119796,119796,0,0,,,,
run_2026-07-30T11-00-12_42,graph_size_sensitivity_100,pause_compile_resume,insert_stateless_node,100,15,1,2,committed,1176381,5851353,7047346,0,8358,7709027,0,93962,,7343332,7343332,2,0,0,0,100,1,0,AUTO,18178,0,0,8358,2399,40019,515361,93962,7150631,False,7706011,7706011,7706011,3016,3016,0,0,,,,
run_2026-07-30T11-00-12_42,graph_size_sensitivity_100,stop_rebuild_restart,insert_stateless_node,100,16,1,2,committed,1210632,4265550,5497225,0,9779,6563540,0,296892,,6094358,6094358,2,1,0,0,0,101,100,AUTO,18226,3466,9570,209,2297,138682,494471,296892,5806842,False,6439995,6439995,6439995,123545,123545,0,0,,,,
run_2026-07-30T11-00-12_42,graph_size_sensitivity_100,pause_compile_resume,insert_stateless_node,100,16,1,2,committed,1254208,6025435,7299058,0,6871,8101552,0,129260,,7682451,7682451,2,0,0,0,100,1,0,AUTO,18041,0,0,6871,2298,117037,545668,129260,7436113,False,8098818,8098818,8098818,2734,2734,0,0,,,,
run_2026-07-30T11-00-12_42,graph_size_sensitivity_100,prepare_and_commit,insert_stateless_node,100,16,1,2,committed,2010948,9712361,14318971,565907,12978,15654479,0,0,0,857883,775886,27,21,0,0,100,1,0,AUTO,0,0,0,12978,0,0,846339,0,12978,True,13148533,13148533,13050140,2604339,2604339,19318,79075,,,,
run_2026-07-30T11-00-12_42,graph_size_sensitivity_100,pause_compile_resume,insert_stateless_node,100,17,1,2,committed,1158993,6016068,7196166,0,6655,7976026,0,112756,,7607376,7607376,2,0,0,0,100,1,0,AUTO,19702,0,0,6655,2291,147002,509709,112756,7316465,False,7973176,7973176,7973176,2850,2850,0,0,,,,
run_2026-07-30T11-00-12_42,graph_size_sensitivity_100,prepare_and_commit,insert_stateless_node,100,17,1,2,committed,1973421,9517728,14355921,306857,13530,15339331,0,0,0,1691972,1619942,25,19,0,0,100,1,0,AUTO,0,0,0,13530,0,0,748658,0,13530,True,12560194,12560194,12466011,2873320,2873320,22153,72030,,,,
run_2026-07-30T11-00-12_42,graph_size_sensitivity_100,stop_rebuild_restart,insert_stateless_node,100,17,1,2,committed,1203268,4053733,5277370,0,19809,6201677,0,286590,,5867816,5867816,2,0,0,0,0,101,100,AUTO,18361,3930,19563,246,2903,7835,480603,286590,5588594,False,6077032,6077032,6077032,124645,124645,0,0,,,,
run_2026-07-30T11-00-12_42,graph_size_sensitivity_100,prepare_and_commit,insert_stateless_node,100,18,1,2,committed,2106110,9347027,14253534,143678,18152,15295673,0,0,0,1454871,1373776,26,20,0,0,100,1,0,AUTO,0,0,0,18152,0,0,980317,0,18152,True,12595284,12595284,12486131,2809542,2809542,28058,81095,,,,
run_2026-07-30T11-00-12_42,graph_size_sensitivity_100,stop_rebuild_restart,insert_stateless_node,100,18,1,2,committed,1372180,4392142,5786536,0,6825,6873551,0,280349,,6492559,6492559,2,0,0,0,0,101,100,AUTO,19700,3657,6544,281,2707,238415,440128,280349,6077560,False,6756103,6756103,6756103,117448,117448,0,0,,,,
run_2026-07-30T11-00-12_42,graph_size_sensitivity_100,pause_compile_resume,insert_stateless_node,100,18,1,2,committed,1359654,5755559,7134117,0,23941,7852424,0,146316,,7460466,7460466,2,0,0,0,100,1,0,AUTO,17503,0,0,23941,2455,79523,464682,146316,7305428,False,7849633,7849633,7849633,2791,2791,0,0,,,,
run_2026-07-30T11-00-12_42,graph_size_sensitivity_100,stop_rebuild_restart,insert_stateless_node,100,19,1,2,committed,1236487,6057112,7317184,0,8093,8478145,0,407344,,8069049,8069049,2,0,0,0,0,101,100,AUTO,20870,5367,7800,293,3348,141460,459771,407344,7738621,False,8339852,8339852,8339852,138293,138293,0,0,,,,
run_2026-07-30T11-00-12_42,graph_size_sensitivity_100,pause_compile_resume,insert_stateless_node,100,19,1,2,committed,1184140,6030593,7234769,0,10027,8050441,0,154143,,7759368,7759368,2,0,0,0,100,1,0,AUTO,18687,0,0,10027,2404,157427,490054,154143,7399994,False,8047475,8047475,8047475,2966,2966,0,0,,,,
run_2026-07-30T11-00-12_42,graph_size_sensitivity_100,prepare_and_commit,insert_stateless_node,100,19,1,2,committed,2911465,9646104,15108454,174643,15024,16439636,0,0,0,1987750,1889042,27,21,0,0,100,1,0,AUTO,0,0,0,15024,0,0,1365988,0,15024,True,14113224,14113224,13879461,2560175,2560175,135055,98708,,,,
run_2026-07-30T11-00-12_42,graph_size_sensitivity_100,pause_compile_resume,insert_stateless_node,100,20,1,2,committed,1143474,5969735,7133301,0,9564,7823270,0,106173,,7509338,7509338,2,0,0,0,100,1,0,AUTO,18913,0,0,9564,2449,62803,507325,106173,7250308,False,7820436,7820436,7820436,2834,2834,0,0,,,,
run_2026-07-30T11-00-12_42,graph_size_sensitivity_100,prepare_and_commit,insert_stateless_node,100,20,1,2,committed,1864695,9218744,13507517,441285,9007,14561469,0,0,0,1758127,621723,22,18,0,0,100,1,0,AUTO,0,0,0,9007,0,0,724258,0,9007,True,12257989,12257989,12129448,2432021,2432021,14142,114399,,,,
run_2026-07-30T11-00-12_42,graph_size_sensitivity_100,stop_rebuild_restart,insert_stateless_node,100,20,1,2,committed,1222781,4030076,5274761,0,10302,6317257,0,326204,,5922331,5922331,2,0,0,0,0,101,100,AUTO,19354,3725,10165,137,2137,93290,476247,326204,5614579,False,6184116,6184116,6184116,133141,133141,0,0,,,,
run_2026-07-30T11-00-12_42,graph_size_sensitivity_100,prepare_and_commit,insert_stateless_node,100,21,1,2,committed,2903384,9054357,14790339,463830,9256,15924240,0,0,0,848323,672000,27,22,0,0,100,1,0,AUTO,0,0,0,9256,0,0,740735,0,9256,True,13171562,13171562,13083126,2841114,2841114,13710,74726,,,,
run_2026-07-30T11-00-12_42,graph_size_sensitivity_100,stop_rebuild_restart,insert_stateless_node,100,21,1,2,committed,1153949,3898034,5073188,0,5421,5943931,0,262032,,5636465,5636465,2,0,0,0,0,101,100,AUTO,18508,3829,5295,126,2672,34423,426728,262032,5344445,False,5805596,5805596,5805596,138335,138335,0,0,,,,
run_2026-07-30T11-00-12_42,graph_size_sensitivity_100,pause_compile_resume,insert_stateless_node,100,21,1,2,committed,1242736,5928194,7190269,0,7520,8082844,0,108931,,7607888,7607888,2,0,0,0,100,1,0,AUTO,18029,0,0,7520,2553,173749,598163,108931,7307963,False,8079875,8079875,8079875,2969,2969,0,0,,,,
run_2026-07-30T11-00-12_42,graph_size_sensitivity_100,stop_rebuild_restart,insert_stateless_node,100,22,1,2,committed,1202138,4133326,5355853,0,5393,6328765,0,293407,,5890920,5890920,2,0,0,0,0,101,100,AUTO,17785,3801,5234,159,2663,126379,438751,293407,5658513,False,6223643,6223643,6223643,105122,105122,0,0,,,,
run_2026-07-30T11-00-12_42,graph_size_sensitivity_100,pause_compile_resume,insert_stateless_node,100,22,1,2,committed,1156513,5752987,6929189,0,9861,7607743,0,113646,,7349306,7349306,2,0,0,0,100,1,0,AUTO,18133,0,0,9861,1910,64933,486439,113646,7053050,False,7604422,7604422,7604422,3321,3321,0,0,,,,
run_2026-07-30T11-00-12_42,graph_size_sensitivity_100,prepare_and_commit,insert_stateless_node,100,22,1,2,committed,1971837,9418531,14076320,507579,10683,15109871,0,0,0,1256633,704821,25,19,0,0,100,1,0,AUTO,0,0,0,10683,0,0,568898,0,10683,True,12477528,12477528,12415293,2694578,2694578,16823,45412,,,,
run_2026-07-30T11-00-12_42,graph_size_sensitivity_100,pause_compile_resume,insert_stateless_node,100,23,1,2,committed,1188911,5577240,6790458,0,8590,7583250,0,151270,,7181077,7181077,2,0,0,0,100,1,0,AUTO,22465,0,0,8590,2422,146669,482194,151270,6950898,False,7579761,7579761,7579761,3489,3489,0,0,,,,
run_2026-07-30T11-00-12_42,graph_size_sensitivity_100,prepare_and_commit,insert_stateless_node,100,23,1,2,committed,2379230,9617219,14630739,483037,8618,15683742,0,0,0,1164490,572182,26,20,0,0,100,1,0,AUTO,0,0,0,8618,0,0,633749,0,8618,True,13121853,13121853,13040673,2643069,2643069,13166,68014,,,,
run_2026-07-30T11-00-12_42,graph_size_sensitivity_100,stop_rebuild_restart,insert_stateless_node,100,23,1,2,committed,1236126,4275384,5531772,0,12649,6598321,0,316094,,6163450,6163450,2,0,0,0,0,101,100,AUTO,17805,3267,12503,146,2182,111942,539076,316094,5863507,False,6514525,6514525,6514525,83796,83796,0,0,,,,
run_2026-07-30T11-00-12_42,graph_size_sensitivity_100,prepare_and_commit,insert_stateless_node,100,24,1,2,committed,2124107,7549246,12731099,527973,10208,13829796,0,0,0,4761347,575229,16,10,0,0,100,1,0,AUTO,0,0,0,10208,0,0,639220,0,10208,True,10850754,10850754,10763796,3066000,3066000,15217,71741,,,,
run_2026-07-30T11-00-12_42,graph_size_sensitivity_100,stop_rebuild_restart,insert_stateless_node,100,24,1,2,committed,1231957,3987605,5240607,0,5103,6250062,0,288086,,5830250,5830250,2,0,0,0,0,101,100,AUTO,18683,4382,4893,210,2277,109079,508252,288086,5538093,False,6155424,6155424,6155424,94638,94638,0,0,,,,
run_2026-07-30T11-00-12_42,graph_size_sensitivity_100,pause_compile_resume,insert_stateless_node,100,24,1,2,committed,1248096,5732698,6999539,0,7163,7765158,0,137546,,7297671,7297671,2,0,0,0,100,1,0,AUTO,17573,0,0,7163,2401,81671,535378,137546,7145477,False,7762526,7762526,7762526,2632,2632,0,0,,,,
run_2026-07-30T11-00-12_42,graph_size_sensitivity_100,stop_rebuild_restart,insert_stateless_node,100,25,1,2,committed,1244640,4370307,5636250,0,11685,6698599,0,327286,,6302937,6302937,2,0,0,0,0,101,100,AUTO,18930,3620,11558,127,2044,96553,497481,327286,5978512,False,6572546,6572546,6572546,126053,126053,0,0,,,,
run_2026-07-30T11-00-12_42,graph_size_sensitivity_100,pause_compile_resume,insert_stateless_node,100,25,1,2,committed,1184649,5890551,7094122,0,9112,7816546,0,115404,,7473341,7473341,2,0,0,0,100,1,0,AUTO,17714,0,0,9112,2155,79705,514265,115404,7219585,False,7813555,7813555,7813555,2991,2991,0,0,,,,
run_2026-07-30T11-00-12_42,graph_size_sensitivity_100,prepare_and_commit,insert_stateless_node,100,25,1,2,committed,1967893,10533395,15040899,552853,17822,16295396,0,0,0,2006785,710526,23,18,0,0,100,1,0,AUTO,0,0,0,17822,0,0,770011,0,17822,True,13841974,13841974,13746713,2548683,2548683,25208,70053,,,,
run_2026-07-30T11-00-12_42,graph_size_sensitivity_100,pause_compile_resume,insert_stateless_node,100,26,1,2,committed,1210083,6059286,7290171,0,6449,8186699,0,133903,,7839190,7839190,2,0,0,0,100,1,0,AUTO,19477,0,0,6449,2662,132768,619280,133903,7431860,False,8183908,8183908,8183908,2791,2791,0,0,,,,
run_2026-07-30T11-00-12_42,graph_size_sensitivity_100,prepare_and_commit,insert_stateless_node,100,26,1,2,committed,2481550,9412003,14410619,240355,15226,15358316,0,0,0,900734,720322,25,20,0,0,100,1,0,AUTO,0,0,0,15226,0,0,777162,0,15226,True,12926296,12926296,12833342,2524974,2524974,23451,69503,,,,
run_2026-07-30T11-00-12_42,graph_size_sensitivity_100,stop_rebuild_restart,insert_stateless_node,100,26,1,2,committed,1195091,3969246,5184220,0,6244,6256799,0,321154,,5774469,5774469,2,0,0,0,0,101,100,AUTO,17332,4314,6102,142,2424,101604,488367,321154,5515805,False,6105776,6105776,6105776,151023,151023,0,0,,,,
run_2026-07-30T11-00-12_42,graph_size_sensitivity_100,prepare_and_commit,insert_stateless_node,100,27,1,2,committed,2028808,9479561,14310722,373218,11822,15333272,0,0,0,726755,657720,27,21,0,0,100,1,0,AUTO,0,0,0,11822,0,0,715573,0,11822,True,12608982,12608982,12521852,2811420,2811420,18095,69035,,,,
run_2026-07-30T11-00-12_42,graph_size_sensitivity_100,stop_rebuild_restart,insert_stateless_node,100,27,1,2,committed,1351952,3987600,5360482,0,5569,6365242,0,328387,,5870948,5870948,2,0,0,0,0,101,100,AUTO,18468,4285,5376,193,14887,18542,508200,328387,5711148,False,6237890,6237890,6237890,127352,127352,0,0,,,,
run_2026-07-30T11-00-12_42,graph_size_sensitivity_100,pause_compile_resume,insert_stateless_node,100,27,1,2,committed,1182080,5804880,7007843,0,9397,7692215,0,115190,,7280182,7280182,2,0,0,0,100,1,0,AUTO,17848,0,0,9397,1978,65796,490498,115190,7131373,False,7687667,7687667,7687667,4548,4548,0,0,,,,
run_2026-07-30T11-00-12_42,graph_size_sensitivity_100,stop_rebuild_restart,insert_stateless_node,100,28,1,2,committed,1213059,3948035,5182392,0,6517,6274655,0,314942,,5936233,5936233,2,0,0,0,0,101,100,AUTO,18520,8977,6330,187,2447,144881,496885,314942,5512497,False,6154263,6154263,6154263,120392,120392,0,0,,,,
run_2026-07-30T11-00-12_42,graph_size_sensitivity_100,pause_compile_resume,insert_stateless_node,100,28,1,2,committed,1433773,6045871,7502842,0,9524,8296941,0,147365,,7888428,7888428,2,0,0,0,100,1,0,AUTO,18107,0,0,9524,2784,180177,452320,147365,7657424,False,8289921,8289921,8289921,7020,7020,0,0,,,,
run_2026-07-30T11-00-12_42,graph_size_sensitivity_100,prepare_and_commit,insert_stateless_node,100,28,1,2,committed,2047340,8703969,13468547,520956,9540,14654668,0,0,0,2481466,837143,22,16,0,0,100,1,0,AUTO,0,0,0,9540,0,0,729305,0,9540,True,12011110,12011110,11928587,2726081,2726081,14808,67715,,,,
run_2026-07-30T11-00-12_42,graph_size_sensitivity_100,pause_compile_resume,insert_stateless_node,100,29,1,2,committed,1457834,5977185,7456546,0,7695,8222650,0,126795,,7667770,7667770,2,0,0,0,100,1,0,AUTO,20059,0,0,7695,2287,150144,477648,126795,7591855,False,8219647,8219647,8219647,3003,3003,0,0,,,,
run_2026-07-30T11-00-12_42,graph_size_sensitivity_100,prepare_and_commit,insert_stateless_node,100,29,1,2,committed,2081590,9077942,13919776,265713,11443,14824312,0,0,0,2035790,646056,23,17,0,0,100,1,0,AUTO,0,0,0,11443,0,0,725334,0,11443,True,12162022,12162022,12055092,2769220,2769220,17890,89040,,,,
run_2026-07-30T11-00-12_42,graph_size_sensitivity_100,stop_rebuild_restart,insert_stateless_node,100,29,1,2,committed,1195795,3834203,5050678,0,5542,6028469,0,331710,,5565757,5565757,2,0,0,0,0,101,100,AUTO,17904,3398,5391,151,2035,51066,512095,331710,5390587,False,5953748,5953748,5953748,74721,74721,0,0,,,,
run_2026-07-30T11-00-12_42,graph_size_sensitivity_100,prepare_and_commit,insert_stateless_node,100,30,1,2,committed,1920403,9548264,14068022,224235,13818,14845650,0,0,0,1017684,970477,25,19,0,0,100,1,0,AUTO,0,0,0,13818,0,0,805765,0,13818,True,12512485,12512485,12238282,2607368,2607368,229945,44258,,,,
run_2026-07-30T11-00-12_42,graph_size_sensitivity_100,stop_rebuild_restart,insert_stateless_node,100,30,1,2,committed,1149825,3906209,5076142,0,5620,6089925,0,324633,,5815278,5815278,2,0,0,0,0,101,100,AUTO,17685,16716,5483,137,2578,65119,527286,324633,5423266,False,6015671,6015671,6015671,74254,74254,0,0,,,,
run_2026-07-30T11-00-12_42,graph_size_sensitivity_100,pause_compile_resume,insert_stateless_node,100,30,1,2,committed,1174487,5828259,7023266,0,6574,7776838,0,138890,,7238917,7238917,2,0,0,0,100,1,0,AUTO,19100,0,0,6574,2399,118142,486228,138890,7169709,False,7774079,7774079,7774079,2759,2759,0,0,,,,
